YEAR	GRID_NAME	SATELLITE	BLACK LIST	USETILEMASK	SATELLITE_COMMENT
1996	SE-19-V-D	L5		true	
1997	SE-19-V-D	L5		true	
1998	SE-19-V-D	L5		true	
1999	SE-19-V-D	L5		true	
2000	SE-19-V-D	L7		true	
2001	SE-19-V-D	L7		true	
2002	SE-19-V-D	L7		true	
2003	SE-19-V-D	L5		true	
2004	SE-19-V-D	L7		true	
2005	SE-19-V-D	L7		true	
2006	SE-19-V-D	L7		true	
2007	SE-19-V-D	L7		true	
2008	SE-19-V-D	L7		true	
2009	SE-19-V-D	L7		true	
2010	SE-19-V-D	L7		true	
2011	SE-19-V-D	L7		true	
2012	SE-19-V-D	L7		true	
2013	SE-19-V-D	L8		true	
2014	SE-19-V-D	L8		true	
2015	SE-19-V-D	L8		true	
2016	SE-19-V-D	L8		true	
2017	SE-19-V-D	L8		true	
2018	SE-19-V-D	L8		true	
2019	SE-19-V-D	L8		true	
2020	SE-19-V-D	L8		true	
2021	SE-19-V-D	L8		true	
2022	SE-19-V-D	L8		true	
2023	SE-19-V-D	L9		true	
2024	SE-19-V-D	L9		true	
2025	SE-19-V-D	L9		true	
1996	SE-19-Y-B	L5		true	
1997	SE-19-Y-B	L5		true	
1998	SE-19-Y-B	L5		true	
1999	SE-19-Y-B	L5		true	
2000	SE-19-Y-B	L5		true	
2001	SE-19-Y-B	L7		true	
2002	SE-19-Y-B	L7		true	
2003	SE-19-Y-B	L5	LT05_002073_20031125,LT05_002073_20030704,LT05_001072_20030627,LT05_002073_20031227,LT05_002073_20031211,LT05_002073_20031024,LT05_002073_20030906,LT05_002073_20030821,LT05_002073_20030805,LT05_002073_20030720,LT05_002073_20030618,LT05_002073_20031008	true	
2004	SE-19-Y-B	L7		true	
2005	SE-19-Y-B	L7		true	
2006	SE-19-Y-B	L7		true	
2007	SE-19-Y-B	L7		true	
2008	SE-19-Y-B	L7		true	
2009	SE-19-Y-B	L7		true	
2010	SE-19-Y-B	L7		true	
2011	SE-19-Y-B	L5	LT05_001073_20110124	true	
2012	SE-19-Y-B	L7		true	satellite anterior (anómalo): 99
2013	SE-19-Y-B	L8		true	
2014	SE-19-Y-B	L8		true	
2015	SE-19-Y-B	L8		true	
2016	SE-19-Y-B	L8		true	
2017	SE-19-Y-B	L8		true	
2018	SE-19-Y-B	L8		true	
2019	SE-19-Y-B	L8		true	
2020	SE-19-Y-B	L8		true	
2021	SE-19-Y-B	L8		true	
2022	SE-19-Y-B	L8		true	
2023	SE-19-Y-B	L9		true	
2024	SE-19-Y-B	L9		true	
2025	SE-19-Y-B	L8		true	
1996	SE-19-Y-D	L5		true	
1997	SE-19-Y-D	L5		true	
1998	SE-19-Y-D	L5		true	
1999	SE-19-Y-D	L5		true	
2000	SE-19-Y-D	L5		true	
2001	SE-19-Y-D	L7		true	
2002	SE-19-Y-D	L7		true	
2003	SE-19-Y-D	L5		true	
2004	SE-19-Y-D	L7		true	
2005	SE-19-Y-D	L7		true	
2006	SE-19-Y-D	L7		true	
2007	SE-19-Y-D	L7		true	
2008	SE-19-Y-D	L7		true	
2009	SE-19-Y-D	L7		true	
2010	SE-19-Y-D	L7		true	
2011	SE-19-Y-D	L7		true	
2012	SE-19-Y-D	L7		true	satellite anterior (anómalo): 99
2013	SE-19-Y-D	L8		true	
2014	SE-19-Y-D	L8		true	
2015	SE-19-Y-D	L8		true	
2016	SE-19-Y-D	L8		true	
2017	SE-19-Y-D	L8		true	
2018	SE-19-Y-D	L8		true	
2019	SE-19-Y-D	L8		true	
2020	SE-19-Y-D	L8		true	
2021	SE-19-Y-D	L8		true	
2022	SE-19-Y-D	L8		true	
2023	SE-19-Y-D	L9		true	
2024	SE-19-Y-D	L9		true	
2025	SE-19-Y-D	L9		true	
1996	SE-19-Z-C	L5		true	
1997	SE-19-Z-C	L5		true	
1998	SE-19-Z-C	L5		true	
1999	SE-19-Z-C	L5		true	
2000	SE-19-Z-C	L7		true	
2001	SE-19-Z-C	L7		true	
2002	SE-19-Z-C	L7		true	
2003	SE-19-Z-C	L7		true	
2004	SE-19-Z-C	L7		true	
2005	SE-19-Z-C	L7		true	
2006	SE-19-Z-C	L7		true	
2007	SE-19-Z-C	L7		true	
2008	SE-19-Z-C	L7		true	
2009	SE-19-Z-C	L7		true	
2010	SE-19-Z-C	L7		true	
2011	SE-19-Z-C	L7		true	
2012	SE-19-Z-C	L7	LE07_001073_20120103,LE07_001073_20120119,LE07_001073_20120307,LE07_001073_20120424,LE07_001073_20121001,LE07_001074_20120119,LE07_001074_20120307,LE07_001074_20120424	true	
2013	SE-19-Z-C	L8		true	
2014	SE-19-Z-C	L8		true	
2015	SE-19-Z-C	L8		true	
2016	SE-19-Z-C	L8		true	
2017	SE-19-Z-C	L8		true	
2018	SE-19-Z-C	L8		true	
2019	SE-19-Z-C	L8		true	
2020	SE-19-Z-C	L8		true	
2021	SE-19-Z-C	L8		true	
2022	SE-19-Z-C	L8		true	
2023	SE-19-Z-C	L9		true	
2024	SE-19-Z-C	L9		true	
2025	SE-19-Z-C	L9		true	
1996	SE-19-Z-A	L5		true	
1997	SE-19-Z-A	L5		true	
1998	SE-19-Z-A	L5		true	
1999	SE-19-Z-A	L5		true	
2000	SE-19-Z-A	L5		true	
2001	SE-19-Z-A	L7		true	
2002	SE-19-Z-A	L7		true	
2003	SE-19-Z-A	L5		true	
2004	SE-19-Z-A	L7		true	
2005	SE-19-Z-A	L7		true	
2006	SE-19-Z-A	L7		true	
2007	SE-19-Z-A	L7		true	
2008	SE-19-Z-A	L7		true	
2009	SE-19-Z-A	L7		true	
2010	SE-19-Z-A	L7		true	
2011	SE-19-Z-A	L7		true	
2012	SE-19-Z-A	L7	LE07_001072_20120408,LE07_001072_20120119,LE07_233073_20120417,LE07_001073_20120323,LE07_001073_20120307,LE07_001073_20121118,LE07_001073_20120424,LE07_001073_20120510,LE07_001073_20120611,LE07_001073_20121001,LE07_233073_20120128,LE07_001072_20120424,LE07_001072_20120915,LE07_001072_20121204,LE07_001073_20120103,LE07_001073_20120408,LE07_233073_20121229,LE07_233073_20121127	true	
2013	SE-19-Z-A	L8		true	
2014	SE-19-Z-A	L8		true	
2015	SE-19-Z-A	L8		true	
2016	SE-19-Z-A	L8		true	
2017	SE-19-Z-A	L8		true	
2018	SE-19-Z-A	L8		true	
2019	SE-19-Z-A	L8		true	
2020	SE-19-Z-A	L8		true	
2021	SE-19-Z-A	L8		true	
2022	SE-19-Z-A	L8		true	
2023	SE-19-Z-A	L9		true	
2024	SE-19-Z-A	L9		true	
2025	SE-19-Z-A	L9		true	
1996	SF-19-Y-D	L5		true	
1997	SF-19-Y-D	L5		true	
1998	SF-19-Y-D	L5		true	
1999	SF-19-Y-D	L5		true	
2000	SF-19-Y-D	L7		true	
2001	SF-19-Y-D	L7		true	
2002	SF-19-Y-D	L7		true	
2003	SF-19-Y-D	L7		true	
2004	SF-19-Y-D	L7		true	
2005	SF-19-Y-D	L7		true	
2006	SF-19-Y-D	L7		true	
2007	SF-19-Y-D	L7		true	
2008	SF-19-Y-D	L7		true	
2009	SF-19-Y-D	L7		true	
2010	SF-19-Y-D	L7		true	
2011	SF-19-Y-D	L7		true	
2012	SF-19-Y-D	L7		true	
2013	SF-19-Y-D	L8		true	
2014	SF-19-Y-D	L8		true	
2015	SF-19-Y-D	L8		true	
2016	SF-19-Y-D	L8		true	
2017	SF-19-Y-D	L8		true	
2018	SF-19-Y-D	L8		true	
2019	SF-19-Y-D	L8		true	
2020	SF-19-Y-D	L8		true	
2021	SF-19-Y-D	L8		true	
2022	SF-19-Y-D	L8		true	
2023	SF-19-Y-D	L9		true	
2024	SF-19-Y-D	L9		true	
2025	SF-19-Y-D	L9		true	
1996	SF-19-Z-C	L5		true	
1997	SF-19-Z-C	L5		true	
1998	SF-19-Z-C	L5		true	
1999	SF-19-Z-C	L5		true	
2000	SF-19-Z-C	L7		true	
2001	SF-19-Z-C	L7		true	
2002	SF-19-Z-C	L7		true	
2003	SF-19-Z-C	L5		true	
2004	SF-19-Z-C	L7		true	
2005	SF-19-Z-C	L7		true	
2006	SF-19-Z-C	L7		true	
2007	SF-19-Z-C	L7		true	
2008	SF-19-Z-C	L7		true	
2009	SF-19-Z-C	L7		true	
2010	SF-19-Z-C	L7		true	
2011	SF-19-Z-C	L7		true	
2012	SF-19-Z-C	L7		true	satellite anterior (anómalo): 99/55
2013	SF-19-Z-C	L8		true	
2014	SF-19-Z-C	L8		true	
2015	SF-19-Z-C	L8		true	
2016	SF-19-Z-C	L8		true	
2017	SF-19-Z-C	L8		true	
2018	SF-19-Z-C	L8		true	
2019	SF-19-Z-C	L8		true	
2020	SF-19-Z-C	L8		true	
2021	SF-19-Z-C	L8		true	
2022	SF-19-Z-C	L8		true	
2023	SF-19-Z-C	L9		true	
2024	SF-19-Z-C	L9		true	
2025	SF-19-Z-C	L9		true	
1996	SF-19-Z-D	L5		true	
1997	SF-19-Z-D	L5		true	
1998	SF-19-Z-D	L5		true	
1999	SF-19-Z-D	L5		true	
2000	SF-19-Z-D	L5		true	
2001	SF-19-Z-D	L7		true	
2002	SF-19-Z-D	L7		true	
2003	SF-19-Z-D	L7		true	
2004	SF-19-Z-D	L7		true	
2005	SF-19-Z-D	L7		true	
2006	SF-19-Z-D	L7		true	
2007	SF-19-Z-D	L7		true	
2008	SF-19-Z-D	L7		true	
2009	SF-19-Z-D	L7		true	
2010	SF-19-Z-D	L7		true	
2011	SF-19-Z-D	L7		true	
2012	SF-19-Z-D	L7	LE07_233076_20121213,LE07_233076_20120503,LE07_233076_20120213,LE07_233076_20120112,LE07_232077_20121222,LE07_232077_20121120,LE07_232077_20120613,LE07_232077_20120410,LE07_232077_20120105,LE07_232076_20121222,LE07_232076_20121120,LE07_232076_20120901,LE07_232076_20120613,LE07_232076_20120410,LE07_232076_20120105,LE07_231077_20120926,LE07_231077_20120403,LE07_231077_20120302,LE07_231077_20120215,LE07_231077_20120114	true	
2013	SF-19-Z-D	L8		true	
2014	SF-19-Z-D	L8		true	
2015	SF-19-Z-D	L8		true	
2016	SF-19-Z-D	L8		true	
2017	SF-19-Z-D	L8		true	
2018	SF-19-Z-D	L8		true	
2019	SF-19-Z-D	L8		true	
2020	SF-19-Z-D	L8		true	
2021	SF-19-Z-D	L8		true	
2022	SF-19-Z-D	L8		true	
2023	SF-19-Z-D	L8		true	
2024	SF-19-Z-D	L9		true	
2025	SF-19-Z-D	L8		true	
1996	SG-19-V-A	L5		true	
1997	SG-19-V-A	L5	LT05_001077_19970101,LT05_001077_19970117,LT05_001077_19970525,LT05_001077_19970626	true	
1998	SG-19-V-A	L5		true	
1999	SG-19-V-A	L5		true	
2000	SG-19-V-A	L7		true	
2001	SG-19-V-A	L7		true	
2002	SG-19-V-A	L7		true	
2003	SG-19-V-A	L5		true	
2004	SG-19-V-A	L7		true	
2005	SG-19-V-A	L7		true	
2006	SG-19-V-A	L7		true	
2007	SG-19-V-A	L7		true	
2008	SG-19-V-A	L7		true	
2009	SG-19-V-A	L7		true	
2010	SG-19-V-A	L7		true	
2011	SG-19-V-A	L7		true	
2012	SG-19-V-A	L7		true	satellite anterior (anómalo): 99
2013	SG-19-V-A	L8		true	
2014	SG-19-V-A	L8		true	
2015	SG-19-V-A	L8		true	
2016	SG-19-V-A	L8		true	
2017	SG-19-V-A	L8		true	
2018	SG-19-V-A	L8		true	
2019	SG-19-V-A	L8		true	
2020	SG-19-V-A	L8		true	
2021	SG-19-V-A	L8		true	
2022	SG-19-V-A	L8		true	
2023	SG-19-V-A	L8		true	
2024	SG-19-V-A	L9		true	
2025	SG-19-V-A	L9		true	
1996	SG-19-Z-A	L5		true	
1997	SG-19-Z-A	L5		true	
1998	SG-19-Z-A	L5		true	
1999	SG-19-Z-A	L5		true	
2000	SG-19-Z-A	L7		true	
2001	SG-19-Z-A	L7		true	
2002	SG-19-Z-A	L5		true	
2003	SG-19-Z-A	L7		true	
2004	SG-19-Z-A	L7		true	
2005	SG-19-Z-A	L7		true	
2006	SG-19-Z-A	L7		true	
2007	SG-19-Z-A	L7		true	
2008	SG-19-Z-A	L7		true	
2009	SG-19-Z-A	L7		true	
2010	SG-19-Z-A	L7		true	
2011	SG-19-Z-A	L7		true	
2012	SG-19-Z-A	L7		true	
2013	SG-19-Z-A	L8		true	
2014	SG-19-Z-A	L8		true	
2015	SG-19-Z-A	L8		true	
2016	SG-19-Z-A	L8		true	
2017	SG-19-Z-A	L8		true	
2018	SG-19-Z-A	L8		true	
2019	SG-19-Z-A	L8		true	
2020	SG-19-Z-A	L8		true	
2021	SG-19-Z-A	L8		true	
2022	SG-19-Z-A	L8		true	
2023	SG-19-Z-A	L9		true	
2024	SG-19-Z-A	L8		true	
2025	SG-19-Z-A	L7		true	
1996	SG-19-Y-C	L5		true	
1997	SG-19-Y-C	L5		true	
1998	SG-19-Y-C	L5		true	
1999	SG-19-Y-C	L5		true	
2000	SG-19-Y-C	L7		true	
2001	SG-19-Y-C	L7		true	
2002	SG-19-Y-C	L7		true	
2003	SG-19-Y-C	L5		true	
2004	SG-19-Y-C	L7		true	
2005	SG-19-Y-C	L7		true	
2006	SG-19-Y-C	L7		true	
2007	SG-19-Y-C	L7		true	
2008	SG-19-Y-C	L7		true	
2009	SG-19-Y-C	L7		true	
2010	SG-19-Y-C	L7		true	
2011	SG-19-Y-C	L7		true	
2012	SG-19-Y-C	L7		true	
2013	SG-19-Y-C	L8		true	
2014	SG-19-Y-C	L8		true	
2015	SG-19-Y-C	L8		true	
2016	SG-19-Y-C	L8		true	
2017	SG-19-Y-C	L8		true	
2018	SG-19-Y-C	L8		true	
2019	SG-19-Y-C	L8		true	
2020	SG-19-Y-C	L8		true	
2021	SG-19-Y-C	L8		true	
2022	SG-19-Y-C	L8		true	
2023	SG-19-Y-C	L9		true	
2024	SG-19-Y-C	L9		true	
2025	SG-19-Y-C	L9		true	
1996	SG-19-Y-D	L5		true	
1997	SG-19-Y-D	L5		true	
1998	SG-19-Y-D	L5		true	
1999	SG-19-Y-D	L5		true	
2000	SG-19-Y-D	L7		true	
2001	SG-19-Y-D	L7		true	
2002	SG-19-Y-D	L7		true	
2003	SG-19-Y-D	L7		true	
2004	SG-19-Y-D	L7		true	
2005	SG-19-Y-D	L7		true	
2006	SG-19-Y-D	L7		true	
2007	SG-19-Y-D	L5		true	
2008	SG-19-Y-D	L7		true	
2009	SG-19-Y-D	L7		true	
2010	SG-19-Y-D	L7		true	
2011	SG-19-Y-D	L7		true	
2012	SG-19-Y-D	L7		true	
2013	SG-19-Y-D	L8		true	
2014	SG-19-Y-D	L8		true	
2015	SG-19-Y-D	L8		true	
2016	SG-19-Y-D	L8		true	
2017	SG-19-Y-D	L8		true	
2018	SG-19-Y-D	L8		true	
2019	SG-19-Y-D	L8		true	
2020	SG-19-Y-D	L8		true	
2021	SG-19-Y-D	L8		true	
2022	SG-19-Y-D	L8		true	
2023	SG-19-Y-D	L9		true	
2024	SG-19-Y-D	L9		true	
2025	SG-19-Y-D	L9		true	
1996	SG-19-Z-C	L5		true	
1997	SG-19-Z-C	L5		true	
1998	SG-19-Z-C	L5		true	
1999	SG-19-Z-C	L5		true	
2000	SG-19-Z-C	L7		true	
2001	SG-19-Z-C	L7		true	
2002	SG-19-Z-C	L7	LE07_232079_20020517,LE07_232079_20020720,LE07_232079_20020805,LE07_232079_20020906	true	
2003	SG-19-Z-C	L7	LE07_232079_20030520,LE07_232079_20030723,LE07_232079_20030824	true	
2004	SG-19-Z-C	L7		true	
2005	SG-19-Z-C	L7		true	
2006	SG-19-Z-C	L7		true	
2007	SG-19-Z-C	L7		true	
2008	SG-19-Z-C	L7		true	
2009	SG-19-Z-C	L7	LE07_232079_20090301,LE07_232079_20090317,LE07_232079_20090621,LE07_232079_20090723,LE07_232079_20091214,LE07_233079_20090220,LE07_233079_20090308,LE07_233079_20090324,LE07_233079_20090425,LE07_233079_20090511,LE07_233079_20090628	true	
2010	SG-19-Z-C	L7		true	
2011	SG-19-Z-C	L7		true	
2012	SG-19-Z-C	L7		true	
2013	SG-19-Z-C	L8		true	
2014	SG-19-Z-C	L8		true	
2015	SG-19-Z-C	L8		true	
2016	SG-19-Z-C	L8		true	
2017	SG-19-Z-C	L8		true	
2018	SG-19-Z-C	L8		true	
2019	SG-19-Z-C	L8		true	
2020	SG-19-Z-C	L8		true	
2021	SG-19-Z-C	L8		true	
2022	SG-19-Z-C	L8		true	
2023	SG-19-Z-C	L8		true	
2024	SG-19-Z-C	L9		true	
2025	SG-19-Z-C	L8		true	
1996	SI-19-V-A	L5		true	
1997	SI-19-V-A	L5		true	
1998	SI-19-V-A	L5	LT05_001082_19980325,LT05_001082_19980731,LT05_233082_19980809,LT05_233083_19980302,LT05_233083_19980505,LT05_233083_19980622,LT05_233083_19980809	true	
1999	SI-19-V-A	L5		true	
2000	SI-19-V-A	L7		true	
2001	SI-19-V-A	L7		true	
2002	SI-19-V-A	L7		true	
2003	SI-19-V-A	L7		true	
2004	SI-19-V-A	L7		true	
2005	SI-19-V-A	L7		true	
2006	SI-19-V-A	L7		true	
2007	SI-19-V-A	L7		true	
2008	SI-19-V-A	L7		true	
2009	SI-19-V-A	L7		true	
2010	SI-19-V-A	L7		true	
2011	SI-19-V-A	L7		true	
2012	SI-19-V-A	L7		true	satellite anterior (anómalo): 99
2013	SI-19-V-A	L8		true	
2014	SI-19-V-A	L8		true	
2015	SI-19-V-A	L8		true	
2016	SI-19-V-A	L8		true	
2017	SI-19-V-A	L8		true	
2018	SI-19-V-A	L8		true	
2019	SI-19-V-A	L8		true	
2020	SI-19-V-A	L8		true	
2021	SI-19-V-A	L8		true	
2022	SI-19-V-A	L8		true	
2023	SI-19-V-A	L9		true	
2024	SI-19-V-A	L9		true	
2025	SI-19-V-A	L9		true	
1996	SI-19-V-B	L5		true	
1997	SI-19-V-B	L5		true	
1998	SI-19-V-B	L5		true	
1999	SI-19-V-B	L5		true	
2000	SI-19-V-B	L7		true	
2001	SI-19-V-B	L7		true	
2002	SI-19-V-B	L7		true	
2003	SI-19-V-B	L7		true	
2004	SI-19-V-B	L7		true	
2005	SI-19-V-B	L7		true	
2006	SI-19-V-B	L7		true	
2007	SI-19-V-B	L7		true	
2008	SI-19-V-B	L7		true	
2009	SI-19-V-B	L7		true	
2010	SI-19-V-B	L7		true	
2011	SI-19-V-B	L7		true	
2012	SI-19-V-B	L7		true	
2013	SI-19-V-B	L8		true	
2014	SI-19-V-B	L8		true	
2015	SI-19-V-B	L8		true	
2016	SI-19-V-B	L8		true	
2017	SI-19-V-B	L8		true	
2018	SI-19-V-B	L8		true	
2019	SI-19-V-B	L8		true	
2020	SI-19-V-B	L8		true	
2021	SI-19-V-B	L8		true	
2022	SI-19-V-B	L8		true	
2023	SI-19-V-B	L9		true	
2024	SI-19-V-B	L9		true	
1996	SI-19-V-C	L5		true	
1997	SI-19-V-C	L5		true	
1998	SI-19-V-C	L5		true	
1999	SI-19-V-C	L5		true	
2000	SI-19-V-C	L7		true	
2001	SI-19-V-C	L7		true	
2002	SI-19-V-C	L7		true	
2003	SI-19-V-C	L7		true	
2004	SI-19-V-C	L7		true	
2005	SI-19-V-C	L7		true	
2006	SI-19-V-C	L7		true	
2007	SI-19-V-C	L7		true	
2008	SI-19-V-C	L7		true	
2009	SI-19-V-C	L7		true	
2010	SI-19-V-C	L7		true	
2011	SI-19-V-C	L7		true	
2012	SI-19-V-C	L7		true	
2013	SI-19-V-C	L8		true	
2014	SI-19-V-C	L8		true	
2015	SI-19-V-C	L8		true	
2016	SI-19-V-C	L8		true	
2017	SI-19-V-C	L8		true	
2018	SI-19-V-C	L8		true	
2019	SI-19-V-C	L8		true	
2020	SI-19-V-C	L8		true	
2021	SI-19-V-C	L8		true	
2022	SI-19-V-C	L8		true	
2023	SI-19-V-C	L9		true	
2024	SI-19-V-C	L9		true	
2025	SI-19-V-C	L8		true	
1996	SI-19-V-D	L5		true	
1997	SI-19-V-D	L5		true	
1998	SI-19-V-D	L5		true	
1999	SI-19-V-D	L5		true	
2000	SI-19-V-D	L7		true	
2001	SI-19-V-D	L7		true	
2002	SI-19-V-D	L7		true	
2003	SI-19-V-D	L7		true	
2004	SI-19-V-D	L7		true	
2005	SI-19-V-D	L7		true	
2006	SI-19-V-D	L7		true	
2007	SI-19-V-D	L7		true	
2008	SI-19-V-D	L7		true	
2009	SI-19-V-D	L7		true	
2010	SI-19-V-D	L7		true	
2011	SI-19-V-D	L7		true	
2012	SI-19-V-D	L7		true	satellite anterior (anómalo): 99
2013	SI-19-V-D	L8		true	
2014	SI-19-V-D	L8		true	
2015	SI-19-V-D	L8		true	
2016	SI-19-V-D	L8		true	
2017	SI-19-V-D	L8		true	
2018	SI-19-V-D	L8		true	
2019	SI-19-V-D	L8		true	
2020	SI-19-V-D	L8		true	
2021	SI-19-V-D	L8		true	
2022	SI-19-V-D	L8		true	
2023	SI-19-V-D	L9		true	
2024	SI-19-V-D	L9		true	
2025	SI-19-V-D	L9		true	
1996	SJ-19-V-B	L5		true	
1997	SJ-19-V-B	L5		true	
1998	SJ-19-V-B	L5		true	
1999	SJ-19-V-B	L5		true	
2000	SJ-19-V-B	L7		true	
2001	SJ-19-V-B	L7		true	
2002	SJ-19-V-B	L7		true	
2003	SJ-19-V-B	L5		true	
2004	SJ-19-V-B	L7		true	
2005	SJ-19-V-B	L7		true	
2006	SJ-19-V-B	L7		true	
2007	SJ-19-V-B	L7		true	
2008	SJ-19-V-B	L7		true	
2009	SJ-19-V-B	L7		true	
2010	SJ-19-V-B	L7		true	
2011	SJ-19-V-B	L7		true	
2012	SJ-19-V-B	L7		true	satellite anterior (anómalo): 99
2013	SJ-19-V-B	L8		true	
2014	SJ-19-V-B	L8		true	
2015	SJ-19-V-B	L8		true	
2016	SJ-19-V-B	L8		true	
2017	SJ-19-V-B	L8		true	
2018	SJ-19-V-B	L8		true	
2019	SJ-19-V-B	L8		true	
2020	SJ-19-V-B	L8		true	
2021	SJ-19-V-B	L8		true	
2022	SJ-19-V-B	L8		true	
2023	SJ-19-V-B	L8		true	
2024	SJ-19-V-B	L8		true	
2025	SJ-19-V-B	L9		true	
1996	SJ-18-X-C	L5		true	satellite anterior (anómalo): 0
1997	SJ-18-X-C	L5		true	satellite anterior (anómalo): 0
1998	SJ-18-X-C	L5		true	
1999	SJ-18-X-C	L5		true	
2000	SJ-18-X-C	L5		true	
2001	SJ-18-X-C	L7		true	
2002	SJ-18-X-C	L7		true	
2003	SJ-18-X-C	L7		true	
2004	SJ-18-X-C	L7		true	
2005	SJ-18-X-C	L7		true	
2006	SJ-18-X-C	L7		true	
2007	SJ-18-X-C	L7		true	
2008	SJ-18-X-C	L7		true	
2009	SJ-18-X-C	L7		true	
2010	SJ-18-X-C	L7		true	
2011	SJ-18-X-C	L7		true	
2012	SJ-18-X-C	L7		true	
2013	SJ-18-X-C	L8		true	
2014	SJ-18-X-C	L8		true	
2015	SJ-18-X-C	L8		true	
2016	SJ-18-X-C	L8		true	
2017	SJ-18-X-C	L8		true	
2018	SJ-18-X-C	L8		true	
2019	SJ-18-X-C	L8		true	
2020	SJ-18-X-C	L8		true	
2021	SJ-18-X-C	L8		true	
2022	SJ-18-X-C	L8		true	
2023	SJ-18-X-C	L9		true	
2024	SJ-18-X-C	L9		true	
2025	SJ-18-X-C	L9		true	
1996	SJ-18-X-D	L5		true	satellite anterior (anómalo): 0
1997	SJ-18-X-D	L5		true	satellite anterior (anómalo): 0
1998	SJ-18-X-D	L5	LT05_233086_19980708,LT05_233086_19980302	true	
1999	SJ-18-X-D	L5		true	
2000	SJ-18-X-D	L5		true	
2001	SJ-18-X-D	L7		true	
2002	SJ-18-X-D	L7		true	
2003	SJ-18-X-D	L7		true	
2004	SJ-18-X-D	L7		true	
2005	SJ-18-X-D	L7		true	
2006	SJ-18-X-D	L7		true	
2007	SJ-18-X-D	L7		true	
2008	SJ-18-X-D	L7		true	
2009	SJ-18-X-D	L7		true	
2010	SJ-18-X-D	L7		true	
2011	SJ-18-X-D	L7		true	
2012	SJ-18-X-D	L7	LE07_232082_20120206,LE07_232082_20120410,LE07_232083_20121003,LE07_232082_20120426,LE07_233083_20120722,LE07_233083_20120908,LE07_233083_20121010,LE07_233083_20121111,LE07_232082_20120528,LE07_232082_20120613,LE07_232082_20120715,LE07_232082_20120731,LE07_232082_20120901,LE07_232082_20121019	true	
2013	SJ-18-X-D	L8		true	
2014	SJ-18-X-D	L8		true	
2015	SJ-18-X-D	L8		true	
2016	SJ-18-X-D	L8		true	
2017	SJ-18-X-D	L8		true	
2018	SJ-18-X-D	L8		true	
2019	SJ-18-X-D	L8		true	
2020	SJ-18-X-D	L8		true	
2021	SJ-18-X-D	L8		true	
2022	SJ-18-X-D	L8		true	
2023	SJ-18-X-D	L9		true	
2024	SJ-18-X-D	L9		true	
2025	SJ-18-X-D	L9		true	
1996	SJ-19-V-C	L5		true	satellite anterior (anómalo): 0
1997	SJ-19-V-C	L5		true	satellite anterior (anómalo): 0
1998	SJ-19-V-C	L5		true	
1999	SJ-19-V-C	L5		true	
2000	SJ-19-V-C	L5		true	
2001	SJ-19-V-C	L7		true	
2002	SJ-19-V-C	L7		true	
2003	SJ-19-V-C	L7		true	
2004	SJ-19-V-C	L7		true	
2005	SJ-19-V-C	L7		true	
2006	SJ-19-V-C	L7		true	
2007	SJ-19-V-C	L7		true	
2008	SJ-19-V-C	L7		true	
2009	SJ-19-V-C	L7		true	
2010	SJ-19-V-C	L7		true	
2011	SJ-19-V-C	L7		true	
2012	SJ-19-V-C	L7		true	
2013	SJ-19-V-C	L8		true	
2014	SJ-19-V-C	L8		true	
2015	SJ-19-V-C	L8		true	
2016	SJ-19-V-C	L8		true	
2017	SJ-19-V-C	L8		true	
2018	SJ-19-V-C	L8		true	
2019	SJ-19-V-C	L8		true	
2020	SJ-19-V-C	L8		true	
2021	SJ-19-V-C	L8		true	
2022	SJ-19-V-C	L8		true	
2023	SJ-19-V-C	L9		true	
2024	SJ-19-V-C	L9		true	
2025	SJ-19-V-C	L8		true	
1996	SK-18-X-C	L5		true	satellite anterior (anómalo): 0
1997	SK-18-X-C	L5		true	satellite anterior (anómalo): 0
1998	SK-18-X-C	L5	LT05_233089_19981129,LT05_233089_19980825,LT05_233089_19980708,LT05_001089_19980816,LT05_001088_19981003,LT05_001088_19980816,LT05_001088_19980731	true	
1999	SK-18-X-C	L5		true	
2000	SK-18-X-C	L5		true	
2001	SK-18-X-C	L7		true	
2002	SK-18-X-C	L7	LE07_233089_20020508,LE07_233089_20020609,LE07_233089_20021202,LE07_233089_20020217	true	
2003	SK-18-X-C	L7	LE07_233089_20030511,LE07_233089_20030103	true	
2004	SK-18-X-C	L7		true	
2005	SK-18-X-C	L7		true	
2006	SK-18-X-C	L7		true	
2007	SK-18-X-C	L7		true	
2008	SK-18-X-C	L7		true	
2009	SK-18-X-C	L7		true	
2010	SK-18-X-C	L7		true	
2011	SK-18-X-C	L7		true	
2012	SK-18-X-C	L7		true	
2013	SK-18-X-C	L8		true	
2014	SK-18-X-C	L8		true	
2015	SK-18-X-C	L8		true	
2016	SK-18-X-C	L8		true	
2017	SK-18-X-C	L8		true	
2018	SK-18-X-C	L8		true	
2019	SK-18-X-C	L8		true	
2020	SK-18-X-C	L8		true	
2021	SK-18-X-C	L8		true	
2022	SK-18-X-C	L8		true	
2023	SK-18-X-C	L8		true	
2024	SK-18-X-C	L8		true	
2025	SK-18-X-C	L8		true	
1996	SK-18-X-D	L5		true	satellite anterior (anómalo): 0
1997	SK-18-X-D	L5		true	satellite anterior (anómalo): 0
1998	SK-18-X-D	L5	LT05_233089_19981129,LT05_233089_19980825,LT05_233089_19980708,LT05_233089_19980214,LT05_233088_19980910,LT05_233088_19980825,LT05_232089_19981005,LT05_232089_19980412,LT05_232089_19980327,LT05_233088_19981129	true	
1999	SK-18-X-D	L5	LT05_233089_19990828,LT05_233089_19990812,LT05_233089_19990524,LT05_233089_19990116,LT05_233088_19990828,LT05_233088_19990812,LT05_233088_19990524,LT05_232089_19991125,LT05_232089_19990821,LT05_232089_19990602,LT05_232089_19990314,LT05_232089_19990226	true	
2000	SK-18-X-D	L5		true	
2001	SK-18-X-D	L7		true	
2002	SK-18-X-D	L7		true	
2003	SK-18-X-D	L7	LE07_232089_20030301,LE07_232089_20030402,LE07_233089_20030220,LE07_233089_20030324,LE07_233089_20030409,LE07_233089_20030511,LE07_233089_20031119	true	
2004	SK-18-X-D	L7		true	
2005	SK-18-X-D	L7		true	
2006	SK-18-X-D	L7		true	
2007	SK-18-X-D	L7		true	
2008	SK-18-X-D	L7		true	
2009	SK-18-X-D	L7		true	
2010	SK-18-X-D	L7	LE07_233089_20101021,LE07_233089_20101122,LE07_233089_20100802,LE07_233089_20100530,LE07_233089_20100327,LE07_233089_20100223,LE07_233088_20101122,LE07_233088_20101021,LE07_233088_20100530,LE07_233088_20100327,LE07_233088_20100311,LE07_233088_20100122,LE07_232089_20100912,LE07_232089_20100523,LE07_232089_20100507,LE07_232089_20100421,LE07_232089_20100216,LE07_232089_20100131	true	
2011	SK-18-X-D	L7		true	
2012	SK-18-X-D	L7		true	satellite anterior (anómalo): 99/55
2013	SK-18-X-D	L8		true	
2014	SK-18-X-D	L8		true	
2015	SK-18-X-D	L8		true	
2016	SK-18-X-D	L8		true	
2017	SK-18-X-D	L8		true	
2018	SK-18-X-D	L8		true	
2019	SK-18-X-D	L8		true	
2020	SK-18-X-D	L8		true	
2021	SK-18-X-D	L8		true	
2022	SK-18-X-D	L8		true	
2023	SK-18-X-D	L8		true	
2024	SK-18-X-D	L9		true	
2025	SK-18-X-D	L8		true	
1996	SK-19-V-C	L5		true	satellite anterior (anómalo): 0
1997	SK-19-V-C	L5		true	satellite anterior (anómalo): 0
1998	SK-19-V-C	L5		true	
1999	SK-19-V-C	L5		true	
2000	SK-19-V-C	L7		true	
2001	SK-19-V-C	L7		true	
2002	SK-19-V-C	L7		true	
2003	SK-19-V-C	L7		true	
2004	SK-19-V-C	L7		true	
2005	SK-19-V-C	L7		true	satellite anterior (anómalo): 66/55
2006	SK-19-V-C	L7		true	
2007	SK-19-V-C	L7		true	
2008	SK-19-V-C	L7		true	
2009	SK-19-V-C	L7		true	
2010	SK-19-V-C	L7		true	
2011	SK-19-V-C	L7		true	
2012	SK-19-V-C	L7		true	
2013	SK-19-V-C	L8		true	
2014	SK-19-V-C	L8		true	
2015	SK-19-V-C	L8		true	
2016	SK-19-V-C	L8		true	
2017	SK-19-V-C	L8		true	
2018	SK-19-V-C	L8		true	
2019	SK-19-V-C	L8		true	
2020	SK-19-V-C	L8		true	
2021	SK-19-V-C	L8		true	
2022	SK-19-V-C	L8		true	
2023	SK-19-V-C	L9		true	
2024	SK-19-V-C	L9		true	
2025	SK-19-V-C	L9		true	
1996	SK-18-Z-A	L5		true	satellite anterior (anómalo): 0
1997	SK-18-Z-A	L5		true	satellite anterior (anómalo): 0
1998	SK-18-Z-A	L5	LT05_233089_19980708,LT05_233090_19980708,LT05_233089_19980825,LT05_001090_19980410,LT05_233089_1998112,LT05_233090_1998070,LT05_233090_19980825,LT05_233089_19981129	true	
1999	SK-18-Z-A	L5	LT05_233090_19990828	true	
2000	SK-18-Z-A	L5		true	
2001	SK-18-Z-A	L7		true	
2002	SK-18-Z-A	L7	LE07_233089_20020508,LE07_233089_20020609,LE07_233090_20020828,LE07_233090_20021202,LE07_233090_20021015,LE07_233090_20020913,LE07_233090_20020609	true	
2003	SK-18-Z-A	L7	LE07_233090_20030103,LE07_233090_20031119	true	
2004	SK-18-Z-A	L7		true	
2005	SK-18-Z-A	L7		true	
2006	SK-18-Z-A	L7		true	
2007	SK-18-Z-A	L7	LE07_001089_20071207,LE07_233089_20070623,LE07_233089_20071216,LE07_233090_20070130,LE07_233090_2007042,LE07_233090_20070709,LE07_233090_20071216	true	
2008	SK-18-Z-A	L7		true	
2009	SK-18-Z-A	L7	LE07_233089_20080305,LE07_233089_20080321,LE07_233089_20080727,LE07_233089_20080929,LE07_233089_20081116	true	
2010	SK-18-Z-A	L7		true	
2011	SK-18-Z-A	L7		true	
2012	SK-18-Z-A	L7	LE07_233090_20121127,LE07_233090_20121026,LE07_233090_20120823,LE07_233090_20120807,LE07_233090_20120722,LE07_233090_20120604,LE07_233090_20120519	true	
2013	SK-18-Z-A	L8		true	
2014	SK-18-Z-A	L8		true	
2015	SK-18-Z-A	L8		true	
2016	SK-18-Z-A	L8		true	
2017	SK-18-Z-A	L8		true	
2018	SK-18-Z-A	L8		true	
2019	SK-18-Z-A	L8		true	
2020	SK-18-Z-A	L8		true	
2021	SK-18-Z-A	L8		true	
2022	SK-18-Z-A	L8	LC08_233089_2022082,LC08_233089_20220608,LC08_233089_20220523,LC08_233089_20220421,LC08_233089_20220320,LC08_233089_20220131	true	
2023	SK-18-Z-A	L8		true	no hay mas imagenes
2024	SK-18-Z-A	L9		true	
2025	SK-18-Z-A	L8		true	
1996	SL-18-V-D	L5		true	satellite anterior (anómalo): 0
1997	SL-18-V-D	L5		true	satellite anterior (anómalo): 0
1998	SL-18-V-D	L5		true	
1999	SL-18-V-D	L5		true	Muy pocas escenas disponibles
2000	SL-18-V-D	L5		true	
2001	SL-18-V-D	L5		true	
2002	SL-18-V-D	L7		true	
2003	SL-18-V-D	L7	LE07_233092_20030527,LE07_233092_20030511,LE07_233092_20030425	true	
2004	SL-18-V-D	L7		true	
2005	SL-18-V-D	L5		true	
2006	SL-18-V-D	L7		true	
2007	SL-18-V-D	L7		true	
2008	SL-18-V-D	L7		true	
2009	SL-18-V-D	L7		true	
2010	SL-18-V-D	L7		true	
2011	SL-18-V-D	L7		true	
2012	SL-18-V-D	L7	LE07_233092_20120519	true	
2013	SL-18-V-D	L8		true	
2014	SL-18-V-D	L8		true	
2015	SL-18-V-D	L8		true	
2016	SL-18-V-D	L8		true	
2017	SL-18-V-D	L8		true	
2018	SL-18-V-D	L8		true	
2019	SL-18-V-D	L8		true	
2020	SL-18-V-D	L8		true	
2021	SL-18-V-D	L8		true	
2022	SL-18-V-D	L9		true	
2023	SL-18-V-D	L8		true	
2024	SL-18-V-D	L8		true	
2025	SL-18-V-D	L8		true	
1996	SL-18-X-C	L5		true	satellite anterior (anómalo): 0
1997	SL-18-X-C	L5		true	satellite anterior (anómalo): 0
1998	SL-18-X-C	L5	LT05_233092_19980505,LT05_233091_19980505,LT05_232092_19981122,LT05_232092_19980428	true	
1999	SL-18-X-C	L5	LT05_233092_19990116,LT05_233091_19991116,LT05_233091_19990116,LT05_232092_19991227,LT05_232092_19991008,LT05_232092_19990821,LT05_232091_19990821,LT05_232091_19990720,LT05_232091_19990415	true	
2000	SL-18-X-C	L7		true	
2001	SL-18-X-C	L7	LE07_233092_20010724,LE07_233092_20010521,LE07_001091_20010512,LE07_233091_20011215,LE07_233091_20011129,LE07_233091_20010724,LE07_233091_20010521,LE07_232092_20011208,LE07_232092_20010903,LE07_232092_20010530,LE07_232092_20010327,LE07_232092_20010207,LE07_232091_20011224,LE07_232091_20011021,LE07_232091_20010530,LE07_232091_20010207,LE07_233092_20011012,LE07_233092_20010910,LE07_232091_20010802	true	
2002	SL-18-X-C	L7	LE07_233092_20021218,LE07_233092_20021015,LE07_233092_20020422,LE07_233092_20020321,LE07_232092_20021109,LE07_232092_20020906,LE07_232092_20020330,LE07_232092_20020210	true	
2003	SL-18-X-C	L7	LE07_233091_20030511,LE07_232092_20030808,LE07_232092_20030504,LE07_232091_20031214,LE07_232091_20031112,LE07_232091_20031011,LE07_232091_20030808,LE07_233092_20030308,LE07_232092_20031112	true	
2004	SL-18-X-C	L7		true	
2005	SL-18-X-C	L5	LT05_233092_20050828,LT05_233092_20050812,LT05_233092_20050727,LT05_233092_20050305,LT05_233091_20050828,LT05_233091_20050812,LT05_233091_20050609,LT05_232092_20050517,LT05_232092_20050125,LT05_232091_20050805,LT05_232091_20050517	true	
2006	SL-18-X-C	L5	LT05_233092_20060527,LT05_233092_20060511,LT05_233091_20060714,LT05_233091_20060527,LT05_233091_20060511,LT05_232092_20061011,LT05_232092_20060909,LT05_232092_20060520,LT05_232092_20060504,LT05_232092_20060402,LT05_232092_20060301,LT05_232091_20060909,LT05_232091_20060520	true	
2007	SL-18-X-C	L5	LT05_233092_20070818,LT05_232092_20070928,LT05_232092_20070827,LT05_232092_20070726,LT05_232092_20070523,LT05_232092_20070405,LT05_232091_20070726,LT05_232091_20070523	true	
2008	SL-18-X-C	L7		true	
2009	SL-18-X-C	L5	LT05_232092_20090104,LT05_233091_20091010	true	
2010	SL-18-X-C	L7	LE07_233092_20100717,LE07_233092_20100106,LE07_233091_20101005,LE07_232092_20100912,LE07_232092_20100811,LE07_232092_20100507,LE07_232092_20100421	true	
2011	SL-18-X-C	L7		true	
2012	SL-18-X-C	L7	LE07_233092_20121127,LE07_233092_20121026,LE07_233092_20120519,LE07_233091_20121127,LE07_233091_20120706,LE07_233091_20120604,LE07_233091_20120503,LE07_233091_20120401,LE07_232092_20121222,LE07_232092_20121019,LE07_232092_20120917,LE07_232092_20120901,LE07_232092_20120715,LE07_232092_20120528,LE07_232092_20120426,LE07_232092_20120410,LE07_232092_20120222,LE07_232092_20120121,LE07_232091_20120917,LE07_232091_20120816,LE07_232091_20120410	true	
2013	SL-18-X-C	L8		true	
2014	SL-18-X-C	L8		true	
2015	SL-18-X-C	L8		true	
2016	SL-18-X-C	L8		true	
2017	SL-18-X-C	L8	LC08_233092_20170509,LC08_233092_20170322,LC08_233091_20171117,LC08_233091_20170610,LC08_233091_20170525,LC08_232092_20171126,LC08_232092_20170603,LC08_232092_20170518,LC08_232091_20170619,LC08_232091_20170518,LC08_232091_20170315	true	
2018	SL-18-X-C	L8		true	
2019	SL-18-X-C	L8	LC08_233092_20191123,LC08_233092_20190429,LC08_233092_20190312,LC08_233092_20190224,LC08_233092_20190208,LC08_233091_20191022,LC08_233091_20190702,LC08_233091_20190429,LC08_233091_20190224,LC08_232092_20190828,LC08_232092_20190812,LC08_232092_20190508,LC08_232092_20190406,LC08_232092_20190321,LC08_232092_20190201,LC08_232091_20190828,LC08_232091_20190524,LC08_232091_20190508,LC08_232091_20190201,LC08_233091_20190616,LC08_232092_20190727	true	
2020	SL-18-X-C	L8	LC08_233092_20201109,LC08_233092_20200821,LC08_233092_20200720,LC08_233092_20200227,LC08_233091_20201125,LC08_233091_20201109,LC08_233091_20200821,LC08_233091_20200704,LC08_233091_20200618,LC08_233091_20200227,LC08_232092_20200915,LC08_232092_20200830,LC08_232092_20200729,LC08_232092_20200713,LC08_232092_20200526,LC08_232092_20200510,LC08_232092_20200323,LC08_232092_20200119,LC08_232091_20201001,LC08_232091_20200915,LC08_232091_20200729,LC08_232091_20200713,LC08_232091_20200510	true	
2021	SL-18-X-C	L8		true	
2022	SL-18-X-C	L8		true	
2023	SL-18-X-C	L8	LC08_233092_20230219,LC08_233092_20230323,LC08_233092_20230526,LC08_233091_20231102,LC08_233092_20231001,LC08_233092_20230830,LC08_233091_20230915,LC08_233091_20230830,LC08_233091_20230611,LC08_233091_20230424,LC08_233091_20230219,LC08_233091_20230203,LC08_232092_20231010,LC08_232092_20230924,LC08_232092_20230823,LC08_232092_20230807,LC08_232092_20230722,LC08_232092_20230519,LC08_232092_20230401,LC08_232092_20230212,LC08_232091_20230823,LC08_232091_20230620,LC08_232091_20230212,LC08_001092_20230501,LC08_001092_20230330	true	
2024	SL-18-X-C	L9		true	
1996	SL-18-X-D	L5		true	satellite anterior (anómalo): 0
1997	SL-18-X-D	L5	LT05_231092_19970213,LT05_231092_19970128,LT05_231091_19970128	true	
1998	SL-18-X-D	L5	LT05_231092_19981217,LT05_231092_19981014,LT05_231091_19980928,LT05_232092_19980428	true	
1999	SL-18-X-D	L5	LT05_232092_19991227,LT05_232092_19990821,LT05_232091_19990720,LT05_232091_19990415,LT05_231092_19991001,LT05_231092_19991017,LT05_231092_19990814,LT05_231092_19990915,LT05_231092_19990118,LT05_231091_19990915,LT05_231091_19990118	true	
2000	SL-18-X-D	L7	LE07_231092_20000723,LE07_231092_20000925,LE07_232091_20000425,LE07_232091_20000916,LE07_232091_20001002,LE07_232092_20000425	true	
2001	SL-18-X-D	L5		true	
2002	SL-18-X-D	L7	LE07_231091_20020408,LE07_231091_20020526,LE07_231091_20020713,LE07_231092_20020307,LE07_231092_20020510,LE07_231092_20020526,LE07_231092_20021017,LE07_231092_20021118,LE07_231092_20021220,LE07_232091_20020109,LE07_232091_20020226,LE07_232091_20020517,LE07_232091_20020922,LE07_232092_20020906	true	
2003	SL-18-X-D	L7		true	
2004	SL-18-X-D	L7		true	
2005	SL-18-X-D	L5	LT05_232092_20050517,LT05_232092_20050922,LT05_232092_20050125,LT05_232091_20050805,LT05_232091_20050517,LT05_232091_20050415,LT05_232091_20050109,LT05_231092_20051017,LT05_231092_20050814,LT05_231092_20050729,LT05_231092_20050408,LT05_231092_20050323,LT05_231091_20051017,LT05_231091_20050814,LT05_231091_20050729,LT05_231091_20050323	true	
2006	SL-18-X-D	L5	LT05_232092_20061011,LT05_232092_20060909,LT05_232092_20060520,LT05_232092_20060301,LT05_232091_20060909,LT05_232091_20060418,LT05_232091_20060520,LT05_231092_20061207,LT05_231092_20061121,LT05_231092_20061020,LT05_231092_20061004,LT05_231092_20060918,LT05_231092_20060902,LT05_231092_20060716,LT05_231092_20060529,LT05_231091_20060902,LT05_231091_20060716,LT05_231091_20060614	true	
2007	SL-18-X-D	L7	LE07_232092_20070429,LE07_232092_20070224,LE07_232091_20070429,LE07_232091_20070803,LE07_231092_20071116,LE07_231092_20071031,LE07_231092_20070828,LE07_231092_20070727,LE07_231092_20070524,LE07_231092_20070508,LE07_231092_20070321,LE07_231092_20070201,LE07_231091_20071031,LE07_231091_20070727,LE07_231091_20070609,LE07_231091_20070524,LE07_231091_20070508,LE07_231091_20070422,LE07_231091_20070321,LE07_231091_20070201,LE07_232092_20071006,LE07_231092_20070929,LE07_231092_20070422,LE07_231091_20071202,LE07_231092_20070217	true	
2008	SL-18-X-D	L7		true	
2009	SL-18-X-D	L5	LT05_232092_20090917,LT05_232091_20090410,LT05_231092_20091129,LT05_231092_20091113,LT05_231092_20090214,LT05_231091_20091129,LT05_231091_20090214	true	
2010	SL-18-X-D	L7	LE07_232092_20100507,LE07_232092_20100421,LE07_232092_20100811,LE07_232092_20100912,LE07_232091_20100811,LE07_231092_20101210,LE07_231092_20101023,LE07_231092_20100905,LE07_231092_20100820,LE07_231092_20100430,LE07_231092_20100414,LE07_231092_20100313,LE07_231092_20100209,LE07_231091_20101210,LE07_231091_20101108,LE07_231091_20101023,LE07_231091_20100921,LE07_231091_20100905,LE07_231091_20100820,LE07_231091_20100430,LE07_231091_20100329,LE07_231091_20100313,LE07_231091_20100108	true	
2011	SL-18-X-D	L7		true	
2012	SL-18-X-D	L7		true	satellite anterior (anómalo): 99/55
2013	SL-18-X-D	L8		true	
2014	SL-18-X-D	L8		true	
2016	SL-18-X-D	L8		true	
2017	SL-18-X-D	L8		true	
2018	SL-18-X-D	L8		true	
2019	SL-18-X-D	L8		true	
2020	SL-18-X-D	L8		true	
2021	SL-18-X-D	L8		true	
2022	SL-18-X-D	L8		true	
2023	SL-18-X-D	L9		true	
2024	SL-18-X-D	L9		true	
2025	SL-18-X-D	L9		true	
1996	SL-19-V-C	L5		true	satellite anterior (anómalo): 0
1997	SL-19-V-C	L5		true	satellite anterior (anómalo): 77/55
1998	SL-19-V-C	L5	LT05_231091_19980928,LT05_231092_19980912,LT05_231092_19981014	true	
1999	SL-19-V-C	L5		true	
2000	SL-19-V-C	L7		true	
2001	SL-19-V-C	L7		true	
2002	SL-19-V-C	L7		true	
2003	SL-19-V-C	L8	LE07_230091_20030826,LE07_230091_20031013,LE07_230091_20031029,LE07_230091_20031130,LE07_230092_20030303,LE07_230092_20030404,LE07_230092_20030725,LE07_230092_20030826,LE07_230092_20031013,LE07_230092_20031029,LE07_230092_20031130,LE07_231091_20030206,LE07_231091_20030121,LE07_231091_20030411,LE07_231091_20030513,LE07_231091_20031020,LE07_231091_20031121,LE07_231091_20031207,LE07_231091_20031223,LE07_231092_20030121,LE07_231092_20030326,LE07_231092_20031105,LE07_231092_20031207	true	
2004	SL-19-V-C	L7		true	
2005	SL-19-V-C	L7	LE07_231091_20050110,LE07_231091_20050315,LE07_231091_20050416,LE07_231091_20050603,LE07_231091_20050806,LE07_231091_20050907,LE07_231092_20050110,LE07_231092_20050416,LE07_231092_20050721,LE07_231092_20050806,LE07_231092_20050907,LE07_231092_20050923,LE07_231092_20051025,LE07_231092_20051228	true	
2006	SL-19-V-C	L7		true	
2007	SL-19-V-C	L7		true	
2008	SL-19-V-C	L7		true	
2009	SL-19-V-C	L7		true	
2010	SL-19-V-C	L7		true	
2011	SL-19-V-C	L7		true	
2012	SL-19-V-C	L7		true	satellite anterior (anómalo): 99
2013	SL-19-V-C	L8		true	
2014	SL-19-V-C	L8		true	
2015	SL-19-V-C	L8		true	
2016	SL-19-V-C	L8		true	
2017	SL-19-V-C	L8		true	
2018	SL-19-V-C	L8		true	
2019	SL-19-V-C	L8		true	
2020	SL-19-V-C	L8		true	
2021	SL-19-V-C	L8		true	
2022	SL-19-V-C	L8		true	
2023	SL-19-V-C	L9		true	
2024	SL-19-V-C	L8		true	
2025	SL-19-V-C	L8		true	
1996	SM-18-V-B	L5		true	satellite anterior (anómalo): 0
1997	SM-18-V-B	L5		true	no hay mas imagenes
1998	SM-18-V-B	L5	LT05_232094_19980412,LT05_233093_19980910,LT05_233093_19981028,LT05_233094_19981028,LT05_233093_19980505,LT05_233094_19980505	true	
1999	SM-18-V-B	L5	LT05_233094_19990305,LT05_233094_19990828,LT05_233094_19990812	true	
2000	SM-18-V-B	L7	LE07_232094_20000511,LE07_232094_20001002,LE07_233094_20000907,LE07_233093_20000907,LE07_232094_20000916	true	****
2001	SM-18-V-B	L7	LE07_232094_20010802,LE07_232094_20010818,LE07_232094_2001090,LE07_233093_20010521	true	
2002	SM-18-V-B	L7		true	no hay mas imagenes
2003	SM-18-V-B	L7	LE07_232094_20030808,LE07_232094_20030824,LE07_233093_20030425	true	
2004	SM-18-V-B	L7		true	
2005	SM-18-V-B	L7	LE07_233094_20050804,LE07_233093_20051108,LE07_233093_20050804,LE07_233094_20050209,LE07_233094_20050108	true	
2006	SM-18-V-B	L7		true	no hay mas imagenes
2007	SM-18-V-B	L7		true	no hay mas imagenes
2008	SM-18-V-B	L7		true	
2009	SM-18-V-B	L7	LE07_233094_20091119,LE07_233093_20091119	true	
2010	SM-18-V-B	L7	LE07_233094_20100818,LE07_233094_20100802,LE07_233093_20100802,LE07_232094_2010081	true	
2011	SM-18-V-B	L7		true	
2012	SM-18-V-B	L7	LE07_233094_20120823,LE07_233094_20120401,LE07_233093_20121026,LE07_233093_20120823,LE07_232094_20121104,LE07_232094_20120901,LE07_232094_20120512,LE07_232094_20120426	true	
2013	SM-18-V-B	L7	LE07_233094_20130911,LE07_233094_20130506,LE07_233094_20130404,LE07_233094_20130215,LE07_233093_20130725	true	
2014	SM-18-V-B	L8		true	
2015	SM-18-V-B	L8		true	
2016	SM-18-V-B	L8		true	no hay más imágenes
2017	SM-18-V-B	L8		true	
2018	SM-18-V-B	L8		true	
2019	SM-18-V-B	L8		true	
2020	SM-18-V-B	L8	LC08_232094_20200729,LC08_232094_20200424,LC08_232094_2020022	true	
2021	SM-18-V-B	L8		true	
2022	SM-18-V-B	L8		true	
2023	SM-18-V-B	L9		true	
2024	SM-18-V-B	L8	LC08_233094_20240512,LC08_232094_2024111	true	
2025	SM-18-V-B	L8		true	
1996	SM-18-X-A	L5		true	satellite anterior (anómalo): 0
1997	SM-18-X-A	L5		true	
1998	SM-18-X-A	L5	LT05_233093_19980505	true	
1999	SM-18-X-A	L5	LT05_232094_19990821	true	
2000	SM-18-X-A	L7		true	satellite anterior (anómalo): 77/55
2001	SM-18-X-A	L7		true	
2002	SM-18-X-A	L7		true	
2003	SM-18-X-A	L7		true	
2004	SM-18-X-A	L7		true	
2005	SM-18-X-A	L7		true	
2006	SM-18-X-A	L7	LE07_232093_20060816,LE07_232093_20060120,LE07_232093_20060731	true	
2007	SM-18-X-A	L5		true	
2008	SM-18-X-A	L7	LE07_233094_20080913,LE07_233094_20080812,LE07_232094_20080805	true	
2009	SM-18-X-A	L7		true	satellite anterior (anómalo): 77/55
2010	SM-18-X-A	L7		true	
2011	SM-18-X-A	L7		true	
2012	SM-18-X-A	L7	LE07_232094_20121104,LE07_232094_20120816,LE07_232094_20120426	true	
2013	SM-18-X-A	L8		true	
2014	SM-18-X-A	L8		true	
2015	SM-18-X-A	L8		true	
2016	SM-18-X-A	L8		true	
2017	SM-18-X-A	L8		true	
2018	SM-18-X-A	L8	LC08_232094_20180505	true	
2019	SM-18-X-A	L7		true	
2020	SM-18-X-A	L8	LC08_232094_20201204,LC08_232094_20200729	true	
2021	SM-18-X-A	L8	LC08_232094_20210427,LC08_232094_20210105	true	
2022	SM-18-X-A	L8	LC08_232094_20220921,LC08_232094_20220820	true	
2023	SM-18-X-A	L9		true	
2024	SM-18-X-A	L9		true	
2025	SM-18-X-A	L9		true	
1996	SM-18-X-B	L5		true	satellite anterior (anómalo): 0
1997	SM-18-X-B	L5		true	satellite anterior (anómalo): 77/55
1998	SM-18-X-B	L5		true	
1999	SM-18-X-B	L5		true	
2000	SM-18-X-B	L5		true	
2001	SM-18-X-B	L7		true	
2002	SM-18-X-B	L8		true	
2003	SM-18-X-B	L7		true	
2004	SM-18-X-B	L5	LT05_232093_20041106,LT05_232093_20040802,LT05_232093_20040208,LT05_231094_20041115,LT05_231094_20040827,LT05_231094_20040320	true	
2005	SM-18-X-B	L7		true	
2006	SM-18-X-B	L7		true	
2007	SM-18-X-B	L7	LE07_232093_20070515,LE07_232093_20070429,LE07_232093_20070208,LE07_231094_20071202,LE07_231094_20070828,LE07_231094_20070422	true	
2008	SM-18-X-B	L7	LE07_232094_20080805,LE07_232093_20081125,LE07_232093_20080805,LE07_232093_20080501,LE07_232093_20080227,LE07_231094_20080323,LE07_231093_20081220,LE07_231093_20080424,LE07_231093_20080220,LE07_230094_20081213,LE07_230094_20080807,LE07_230094_20080823,LE07_230094_20080908,LE07_230094_20081010,LE07_231093_20080729,LE07_231093_20080814,LE07_231093_20080915,LE07_232093_20080517,LE07_232093_20080922,LE07_232093_20080821,LE07_231094_20080830,LE07_231094_20080814,LE07_231094_20080103,LE07_231094_20080424,LE07_231094_20081017,LE07_231094_20081102	true	
2009	SM-18-X-B	L7	LE07_232093_20090909,LE07_232093_20090504,LE07_231094_20091105,LE07_231094_20090902,LE07_231094_20090817,LE07_231094_20090801,LE07_231094_20090513,LE07_231094_20090411,LE07_231094_20090310,LE07_231094_20090105,LE07_231093_20091004,LE07_231093_20090326,LE07_231093_20090310,LE07_231093_2009012	true	
2010	SM-18-X-B	L7	LE07_232093_20100507,LE07_232093_20100405,LE07_231094_20101226,LE07_231094_20100820,LE07_231094_20100804,LE07_231094_20100516,LE07_231094_20100414,LE07_231094_20100313,LE07_231093_20101108,LE07_231093_20100905,LE07_231093_20100820,LE07_231093_20100804,LE07_231093_20100516,LE07_231093_20100313,LE07_231093_20100124,LE07_230094_20100322,LE07_230094_20100101	true	
2011	SM-18-X-B	L5	LT05_231094_20111103,LT05_230094_20111011,LT05_230094_2011102	true	
2012	SM-18-X-B	L7		true	satellite anterior (anómalo): 99/55
2013	SM-18-X-B	L8	LC08_231094_20130516,LC08_231093_20131210,LC08_231093_20130719,LC08_231093_20130516,LC08_231093_20130430,LC08_230094_20130813	true	
2014	SM-18-X-B	L8		true	
2015	SM-18-X-B	L8	LC08_232094_20150801,LC08_232094_20150513,LC08_232093_20150902,LC08_232093_20150801,LC08_232093_20150513,LC08_231094_20151216,LC08_231094_20150911,LC08_231094_20150810,LC08_231094_20150420,LC08_231094_20150130,LC08_231093_20150810,LC08_231093_20150522,LC08_230094_20150413	true	
2016	SM-18-X-B	L8		true	
2017	SM-18-X-B	L8		true	
2018	SM-18-X-B	L8		true	
2019	SM-18-X-B	L8		true	
2020	SM-18-X-B	L8		true	
2021	SM-18-X-B	L8		true	
2022	SM-18-X-B	L8		true	
2023	SM-18-X-B	L8	LC08_232093_20230722,LC08_231094_20230816,LC08_231094_20230512,LC08_231094_20230325,LC08_231094_20230309,LC08_231093_20230221,LC08_231093_20230309,LC08_231093_20230731	true	
2024	SM-18-X-B	L9		true	
2025	SM-18-X-B	L8		true	
1996	SM-18-V-D	L5		true	satellite anterior (anómalo): 0
1997	SM-18-V-D	L5	LT05_232095_19970204,LT05_232094_19970204	true	
1998	SM-18-V-D	L5	LT05_233095_19980910,LT05_233094_19980505,LT05_233094_19980910,LT05_232095_19981122,LT05_232094_19980412	true	
1999	SM-18-V-D	L5	LT05_233095_19990812,LT05_233095_19990305,LT05_233094_19990828,LT05_233094_19990812,LT05_232095_19990906,LT05_232095_19990821,LT05_232094_19991211,LT05_232094_19990821,LT05_232094_19990210,LT05,LT05_232094_19990109	true	
2000	SM-18-V-D	L7	LE07_232094_20000831,LE07_233094_20000502,LE07_233094_20000907,LE07_233095_20000502	true	
2001	SM-18-V-D	L7	LE07_232094_20010514,LE07_232094_20010802,LE07_232095_20010818,LE07_232095_20011122,LE07_233094_20010318	true	
2002	SM-18-V-D	L7	LE07_232094_20020501,LE07_232095_20020501,LE07_233094_20020422	true	
2003	SM-18-V-D	L7	LE07_232094_20030808,LE07_232095_20030504,LE07_232095_20030808,LE07_233094_20030409	true	
2004	SM-18-V-D	L5	LT05_232095_20040818,LT05_232094_20041106,LT05_232094_20040818,LT05_232094_20040224	true	
2005	SM-18-V-D	L5	LT05_232095_20050314,LT05_232095_20050821	true	
2006	SM-18-V-D	L7	LE07_232095_20060816,LE07_232095_20060426,LE07_232094_20060410,LE07_232094_20060120,LE07_232094_20060104,LE07_233095_20060503,LE07_233095_20061010	true	
2007	SM-18-V-D	L7	LE07_232095_20071225,LE07_232095_20070429,LE07_232094_20070429,LE07_232094_20070107	true	
2008	SM-18-V-D	L7	LE07_233095_20081218,LE07_233095_20081202,LE07_233095_20080812,LE07_233094_20080913,LE07_233094_20080812,LE07_232095_20081109,LE07_232094_20081024,LE07_232094_20080805	true	
2009	SM-18-V-D	L7	LE07_233094_20091119,LE07_232094_20090112	true	
2010	SM-18-V-D	L7	LE07_233095_20081218,LE07_233095_20081202,LE07_233095_20080812,LE07_233094_20080913,LE07_233094_20080812,LE07_232095_20081109,LE07_232094_20081024,LE07_232094_20080805	true	
2011	SM-18-V-D	L7		true	
2012	SM-18-V-D	L7	LE07_233094_20120823,LE07_233094_20120401,LE07_232095_20120901,LE07_232095_20120816,LE07_232095_20120426,LE07_232095_20120222,LE07_232094_20121104,LE07_232094_20120901,LE07_232094_20120512,LE07_232094_20120426	true	
2013	SM-18-V-D	L8	LC08_232095_20130811,LC08_232094_20130811	true	
2014	SM-18-V-D	L8	LC08_233094_20140501,LC08_232095_20141102,LC08_232095_20141017,LC08_232095_20140510,LC08_232095_20140830	true	
2015	SM-18-V-D	L8	LC08_232095_20151121,LC08_232095_20150817,LC08_232094_20150817,LC08_232094_20150513	true	
2016	SM-18-V-D	L8		true	
2017	SM-18-V-D	L8		true	
2018	SM-18-V-D	L8	LC08_233095_20180816,LC08_233095_20180512,LC08_233095_20180426,LC08_233095_20180410,LC08_233095_20180309,LC08_233095_20180205,LC08_233095_20180120,LC08_233094_20180816,LC08_233094_20180426,LC08_233094_20180309,LC08_232095_20180926,LC08_232095_20180809,LC08_232095_20180505,LC08_232095_20180419,LC08_232094_20180505	true	
2019	SM-18-V-D	L8	LC08_233095_20190429,LC08_233095_20190413,LC08_233094_20190429,LC08_232095_20190828,LC08_232095_20190812,LC08_232095_20190508,LC08_232094_20190828,LC08_232094_20190812,LC08_232094_20190508	true	
2020	SM-18-V-D	L8	LC08_232095_20200424,LC08_232094_20201204,LC08_232094_20200729,LC08_232094_20200424	true	
2021	SM-18-V-D	L8	LC08_232095_20210918,LC08_232095_20210902,LC08_232095_20210513,LC08_232095_20210310,LC08_232094_20211004,LC08_232094_20210902,LC08_232094_20210513,LC08_232094_20210427,LC08_232094_20210310	true	
2022	SM-18-V-D	L9	LC09_233095_20220328,LC09_232095_20221116,LC09_232095_20220812,LC09_232094_20221015,LC09_232094_20220812,LC09_232094_20220508	true	
2023	SM-18-V-D	L9		true	
2024	SM-18-V-D	L9	LC09_232094_20240817,LC09_232095_20240411,LC09_233094_20240301,LC09_233095_20240504	true	
2025	SM-18-V-D	L9		true	
1996	SM-19-Y-C	L5		true	satellite anterior (anómalo): 0
1997	SM-19-Y-C	L5		true	satellite anterior (anómalo): 77/55
1998	SM-19-Y-C	L5		true	
1999	SM-19-Y-C	L5		true	satellite anterior (anómalo): 77/66
2000	SM-19-Y-C	L7		true	
2001	SM-19-Y-C	L7		true	
2002	SM-19-Y-C	L7	LE07_229096_20020325,LE07_229096_20020410,LE07_229096_20020901,LE07_229096_20021019,LE07_229096_20021206,LE07_229096_20021222,LE07_230095_20020908,LE07_230096_20020212,LE07_230096_20020401,LE07_230096_20020417,LE07_230096_20020503,LE07_230096_20020908,LE07_230096_20021010	true	
2003	SM-19-Y-C	L7	LE07_229096_20030208,LE07_229096_20030819,LE07_229096_20030920,LE07_229096_20031107,LE07_229096_20031225,LE07_230095_20030114,LE07_230095_20030319,LE07_230095_20030810,LE07_230095_20030927,LE07_230095_20031013,LE07_230095_20031029,LE07_230096_20030319,LE07_230096_20030826,LE07_230096_20030927,LE07_230096_20031216	true	
2004	SM-19-Y-C	L7		true	
2005	SM-19-Y-C	L7		true	
2006	SM-19-Y-C	L7		true	satellite anterior (anómalo): 77
2007	SM-19-Y-C	L7		true	satellite anterior (anómalo): 77/55
2008	SM-19-Y-C	L7		true	satellite anterior (anómalo): 77/55
2009	SM-19-Y-C	L7		true	satellite anterior (anómalo): 77/55/66
2010	SM-19-Y-C	L7		true	satellite anterior (anómalo): 77/55
2011	SM-19-Y-C	L7		true	satellite anterior (anómalo): 77/55
2012	SM-19-Y-C	L7		true	satellite anterior (anómalo): 99
2013	SM-19-Y-C	L8		true	satellite anterior (anómalo): 66
2014	SM-19-Y-C	L8		true	
2015	SM-19-Y-C	L8		true	
2016	SM-19-Y-C	L8		true	
2017	SM-19-Y-C	L8		true	
2018	SM-19-Y-C	L8		true	
2019	SM-19-Y-C	L8		true	
2020	SM-19-Y-C	L8		true	satellite anterior (anómalo): 77
2021	SM-19-Y-C	L8		true	
2022	SM-19-Y-C	L8		true	
2023	SM-19-Y-C	L9		true	
2024	SM-19-Y-C	L8		true	
2025	SM-19-Y-C	L8		true	
1996	SM-19-Y-D	L5		true	
1997	SM-19-Y-D	L5	LT05_228096_19970224,LT05_229096_19970215	true	no hay más imágenes
1998	SM-19-Y-D	L5		true	
1999	SM-19-Y-D	L5		true	
2000	SM-19-Y-D	L7		true	
2001	SM-19-Y-D	L7		true	
2002	SM-19-Y-D	L7		true	
2003	SM-19-Y-D	L7		true	no hay mas imagenes
2004	SM-19-Y-D	L7		true	
2005	SM-19-Y-D	L7		true	
2006	SM-19-Y-D	L7		true	
2007	SM-19-Y-D	L7	LE07_228096_20070111,LE07_228096_20070401,LE07_228096_20070503,LE07_228096_20071010,LE07_229095_20070814,LE07_229095_20070830,LE07_229095_20071001,LE07_229096_20070203,LE07_229096_20070814,LE07_229096_20070830,LE07_229096_20071118	true	
2008	SM-19-Y-D	L7	LE07_228096_20070215,LE07_228096_20070302,LE07_228096_20080910,LE07_228096_20081129,LE07_229095_20080309,LE07_229095_20080816,LE07_229095_20081019,LE07_229096_20080325,LE07_229096_20080816,LE07_229096_20081003,LE07_229096_20081120,LE07_229096_20081206,LE07_229096_20081222	true	
2009	SM-19-Y-D	L7	LE07_228096_20090305,LE07_228096_20090913,LE07_228096_20091015,LE07_228096_20091116,LE07_228096_20091218,LE07_229095_20090107,LE07_229095_20090328,LE07_229095_20090413,LE07_229095_20090429,LE07_229095_20090819,LE07_229095_20091022,LE07_229096_20090107,LE07_229096_20090224,LE07_229096_20090312,LE07_229096_20090328,LE07_229096_20090413,LE07_229096_20090429,LE07_229096_20090819,LE07_229096_20091022	true	
2010	SM-19-Y-D	L7	LE07_228096_20100103,LE07_228096_20100220,LE07_228096_20100409,LE07_228096_20100831,LE07_228096_20100916,LE07_229095_20100331,LE07_229095_20100416,LE07_229095_20100806,LE07_229095_20100822,LE07_229095_20101212,LE07_229096_20100211,LE07_229096_20100416,LE07_229096_20100502,LE07_229096_20100907,LE07_229096_20101212	true	
2011	SM-19-Y-D	L7	LE07_228096_20110122,LE07_228096_20110412,LE07_228096_20110428,LE07_228096_20110818,LE07_228096_20110903,LE07_228096_20111023,LE07_228096_20111224,LE07_229095_20110403,LE07_229095_20111028,LE07_229095_20111113,LE07_229095_20111129,LE07_229096_20110214,LE07_229096_20110403,LE07_229096_20110825,LE07_229096_20111028,LE07_229096_20111113,LE07_229096_20111215	true	
2012	SM-19-Y-D	L7		true	satellite anterior (anómalo): 99/55
2013	SM-19-Y-D	L8		true	
2014	SM-19-Y-D	L8		true	
2015	SM-19-Y-D	L8		true	
2016	SM-19-Y-D	L8		true	
2017	SM-19-Y-D	L8		true	
2018	SM-19-Y-D	L8		true	
2019	SM-19-Y-D	L8		true	
2020	SM-19-Y-D	L8		true	
2021	SM-19-Y-D	L8		true	
2022	SM-19-Y-D	L8		true	
2023	SM-19-Y-D	L9		true	
2024	SM-19-Y-D	L9		true	
2025	SM-19-Y-D	L9		true	
1996	SN-18-V-B	L5		true	satellite anterior (anómalo): 0
1997	SN-18-V-B	L5		true	
1998	SN-18-V-B	L5		true	
1999	SN-18-V-B	L7		true	
2000	SN-18-V-B	L7		true	satellite anterior (anómalo): 77/55
2001	SN-18-V-B	L5		true	
2002	SN-18-V-B	L7		true	
2003	SN-18-V-B	L7		true	
2004	SN-18-V-B	L5		true	
2005	SN-18-V-B	L7	LE07_232096_20050829,LE07_232096_20050914	true	
2006	SN-18-V-B	L7		true	
2007	SN-18-V-B	L7		true	
2008	SN-18-V-B	L5		true	
2009	SN-18-V-B	L7		true	
2010	SN-18-V-B	L7	LE07_232096_20100811,LE07_232096_20100421	true	
2011	SN-18-V-B	L7	LE07_232096_20110830,LE07_232096_20111001	true	
2012	SN-18-V-B	L7	LE07_232096_20120816	true	
2013	SN-18-V-B	L7	LE07_232096_20131006,LE07_232096_20130920	true	
2014	SN-18-V-B	L8		true	satellite anterior (anómalo): 77/55
2015	SN-18-V-B	L8	LC08_232096_20150817,LC08_232096_20150206	true	
2016	SN-18-V-B	L8		true	
2017	SN-18-V-B	L8	LC08_232096_20170822	true	
2018	SN-18-V-B	L8	LC08_232096_20180505,LC08_232096_20180419	true	
2019	SN-18-V-B	L8	LC08_232096_20190828,LC08_232096_20190508	true	
2020	SN-18-V-B	L8		true	
2021	SN-18-V-B	L8		true	
2022	SN-18-V-B	L8		true	
2023	SN-18-V-B	L9	LC09_232096_20230916,LC09_232096_20230324	true	
2024	SN-18-V-B	L9	LC09_232096_20240310	true	
2025	SN-18-V-B	L9		true	
1996	SN-18-X-A	L5		true	satellite anterior (anómalo): 0
1997	SN-18-X-A	L5		true	
1998	SN-18-X-A	L5	LT05_231097_19980912,LT05_231097_19980320,LT05_231096_19980912,LT05_231096_19980320	true	
1999	SN-18-X-A	L5	LT05_231097_19991001,LT05_231097_19990915,LT05_231096_19990915,LT05_230097_19990908	true	
2000	SN-18-X-A	L5	LT05_231096_20000901	true	
2001	SN-18-X-A	L5	LT05_230097_20010305,LT05_231096_20010413,LT05_231096_20010904,LT05_231097_20010328	true	
2002	SN-18-X-A	L7	LE07_231097_20021017,LE07_231097_20020408,LE07_231097_20020307,LE07_231096_20021017,LE07_231096_20020814	true	
2003	SN-18-X-A	L7	LE07_232096_20031112,LE07_231097_20030427,LE07_230097_20030927	true	
2004	SN-18-X-A	L5	LT05_231097_20040421,LT05_231097_20040320,LT05_231096_20041217,LT05_231096_20041030,LT05_231096_20040912,LT05_231096_20040421,LT05_231096_20040304,LT05_230097_20041124,LT05_230097_20040905	true	
2005	SN-18-X-A	L7	LE07_232096_20050829,LE07_231097_20051025,LE07_231097_20050416,LE07_231096_20050502,LE07_231096_20050416,LE07_230097_20051103,LE07_230097_20050815	true	
2006	SN-18-X-A	L5	LT05_232096_20060824,LT05_231097_20060902,LT05_231096_20060902,LT05_231096_20060817,LT05_230097_20060911,LT05_230097_20060404,LT05_231096_20061004	true	
2007	SN-18-X-A	L5	LT05_231097_20070905,LT05_231097_20070820,LT05_231096_20070905,LT05_231096_20070820,LT05_231096_20070414,LT05_231096_20070329,LT05_230097_20070914,LT05_230097_20070423	true	
2008	SN-18-X-A	L5		true	
2009	SN-18-X-A	L7		true	
2010	SN-18-X-A	L7		true	Vacía
2011	SN-18-X-A	L7		true	
2012	SN-18-X-A	L7	LE07_232096_20120901,LE07_232096_20120816,LE07_231097_20120302,LE07_231096_20120825,LE07_230097_20120903,LE07_230097_20120412,LE07_230097_20120327	true	
2013	SN-18-X-A	L8	LC08_232096_20130811,LC08_231096_20130430,LC08_230097_20130829	true	
2014	SN-18-X-A	L8		true	
2015	SN-18-X-A	L8		true	
2016	SN-18-X-A	L8	LC08_231097_20161031,LC08_231097_20160929,LC08_231097_20160406,LC08_231096_20160929,LC08_231096_20160812,LC08_231096_20160422,LC08_231096_20160406,LC08_230097_20160821,LC08_230097_20160501,LC08_231097_20160812	true	
2017	SN-18-X-A	L8	LC08_232096_20170822,LC08_231096_20170831,LC08_231096_20170425,LC08_230097_20170925,LC08_230097_20170402	true	
2018	SN-18-X-A	L8		true	
2019	SN-18-X-A	L8		true	
2020	SN-18-X-A	L8		true	
2021	SN-18-X-A	L8	LC08_231097_20211114,LC08_231097_20210404,LC08_231096_20210927,LC08_231096_20210826,LC08_230097_20210429	true	
2022	SN-18-X-A	L8		true	
2023	SN-18-X-A	L9	LC09_232096_20230324,LC09_231097_20230824,LC09_231097_20230301,LC09_231096_20230301	true	
2024	SN-18-X-A	L9	LC09_232096_20240310	true	
1996	SN-19-X-C	L5		true	satellite anterior (anómalo): 0
1997	SN-19-X-C	L5	LT05_227098_19970305,LT05_227097_19970201,LT05_227098_19970217,LT05_227097_19970217	true	
1998	SN-19-X-C	L5	LT05_227098_19981002,LT05_227098_19980220,LT05_226098_19981027,LT05_226098_19981128,LT05_227097_19980308,LT05_227097_19980831,LT05_227098_19980204,LT05_227097_19980220,LT05_227097_19980204,LT05_227097_19980916	true	
1999	SN-19-X-C	L5		true	
2000	SN-19-X-C	L7		true	
2001	SN-19-X-C	L7		true	
2002	SN-19-X-C	L7	LE07_226097_20020827,LE07_226098_20020304,LE07_226098_20020827,LE07_226098_20020912,LE07_226098_20021030,LE07_226098_20021115,LE07_227097_20020106,LE07_227097_20020122,LE07_227097_20020223,LE07_227097_20021005,LE07_227097_20021021,LE07_227097_20021208,LE07_227098_20020122,LE07_227098_20020223,LE07_227098_20021005,LE07_227098_20021021	true	
2003	SN-19-X-C	L7	LE07_226098_20030118,LE07_226098_20030307,LE07_226098_20030830,LE07_227097_20030125,LE07_227097_20030314,LE07_227097_20030415,LE07_227097_20031024,LE07_227098_20030330,LE07_227098_20030415	true	
2004	SN-19-X-C	L7		true	
2005	SN-19-X-C	L7		true	
2006	SN-19-X-C	L5	LT05_227098_20061227,LT05_227098_20060415,LT05_227098_20060314,LT05_227097_20061211,LT05_227097_20060415,LT05_227097_20060314,LT05_226098_20061204,LT05_226098_20061001,LT05_226098_20060915,LT05_226098_20060408,LT05_226098_20060307,LT05_226098_20060219,LT05_226098_20060203,LT05_226097_20060203	true	
2007	SN-19-X-C	L7		true	
2008	SN-19-X-C	L7	LE07_227098_20080412,LE07_227098_20080224,LE07_227097_20081122,LE07_227097_20081005,LE07_227097_20080903,LE07_227097_20080428,LE07_227097_20080412,LE07_226098_20081201,LE07_226098_20080827,LE07_226098_20080405,LE07_226098_20080201,LE07_227097_20080818	true	
2009	SN-19-X-C	L7	LE07_227098_20091211,LE07_227098_20091008,LE07_227098_20090906,LE07_227098_20090314,LE07_227098_20090226,LE07_227097_20091227,LE07_227097_20091008,LE07_227097_20090226,LE07_227097_20090210,LE07_226098_20091204,LE07_226098_20091001,LE07_226098_20090830,LE07_226098_20090424,LE07_226098_20090323,LE07_226098_20090307,LE07_226098_20090219,LE07_226097_20090830,LE07_227098_20091109,LE07_227098_20090330,LE07_227097_20091211,LE07_227097_20091109	true	
2010	SN-19-X-C	L7		true	
2011	SN-19-X-C	L7		true	satellite anterior (anómalo): 0
2012	SN-19-X-C	L7		true	satellite anterior (anómalo): 99/55
2013	SN-19-X-C	L8	LC08_227098_20130418,LC08_227097_20130418,LC08_226098_20131223,LC08_226098_20130918,LC08_227097_20131128,LC08_227097_20131027	true	
2014	SN-19-X-C	L8	LC08_227098_20141014,LC08_227098_20140912,LC08_227098_20140216,LC08_227098_20140115,LC08_227097_20141014,LC08_227097_20140216,LC08_226098_20141108,LC08_226098_20141007,LC08_226098_20140905,LC08_226098_20140820,LC08_226098_20140414,LC08_226098_20140225,LC08_226098_20140209,LC08_226097_20140905,LC08_226098_20141226,LC08_226098_20141023	true	
2015	SN-19-X-C	L8		true	
2016	SN-19-X-C	L8		true	
2017	SN-19-X-C	L8		true	
2018	SN-19-X-C	L7		true	
2019	SN-19-X-C	L8		true	
2020	SN-19-X-C	L8		true	
2021	SN-19-X-C	L8	LC08_227098_20211118,LC08_227098_20210915,LC08_227097_20211118,LC08_227097_20210408,LC08_227097_20210203,LC08_226098_20210823,LC08_226098_20210316,LC08_227098_20210102,LC08_227098_20210830,LC08_227098_20210203,LC08_226098_20211127	true	
2022	SN-19-X-C	L8		true	
2023	SN-19-X-C	L8		true	
2024	SN-19-X-C	L9		true	
2025	SN-19-X-C	L9		true	
1996	SN-18-Z-B	L5		false	satellite anterior (anómalo): 77/55
1997	SN-18-Z-B	L5		false	satellite anterior (anómalo): 77/55
1998	SN-18-Z-B	L5		false	
1999	SN-18-Z-B	L5		false	
2000	SN-18-Z-B	L7	LE07_229098_20000404,LE07_229098_20000826	false	
2001	SN-18-Z-B	L7	LE07_229098_20010423	false	
2002	SN-18-Z-B	L7	LE07_229098_20020410	false	
2003	SN-18-Z-B	L7	LE07_229098_20030328,LE07_229098_20030413	false	
2004	SN-18-Z-B	L7		false	satellite anterior (anómalo): 77/55
2005	SN-18-Z-B	L7		false	
2006	SN-18-Z-B	L7		false	satellite anterior (anómalo): 77/55
2007	SN-18-Z-B	L7		false	satellite anterior (anómalo): 0
2008	SN-18-Z-B	L7		false	satellite anterior (anómalo): 0
2009	SN-18-Z-B	L7		false	satellite anterior (anómalo): 77/55
2010	SN-18-Z-B	L7		false	satellite anterior (anómalo): 0
2011	SN-18-Z-B	L7		false	satellite anterior (anómalo): 0
2012	SN-18-Z-B	L7		false	satellite anterior (anómalo): 99/77/55
2013	SN-18-Z-B	L8		false	satellite anterior (anómalo): 77/55
2014	SN-18-Z-B	L8		false	satellite anterior (anómalo): 77/55
2015	SN-18-Z-B	L8		false	satellite anterior (anómalo): 77/55
2016	SN-18-Z-B	L8		false	satellite anterior (anómalo): 77/55
2017	SN-18-Z-B	L8		false	
2018	SN-18-Z-B	L8		false	satellite anterior (anómalo): 77/55
2019	SN-18-Z-B	L8		false	satellite anterior (anómalo): 77/55
2020	SN-18-Z-B	L8		false	satellite anterior (anómalo): 77/55
2021	SN-18-Z-B	L8		false	satellite anterior (anómalo): 77/55
2022	SN-18-Z-B	L8		false	
2023	SN-18-Z-B	L9		false	
2024	SN-18-Z-B	L8		false	
1996	SN-19-Y-A	L5		true	satellite anterior (anómalo): 77/55
1997	SN-19-Y-A	L5		true	satellite anterior (anómalo): 77/55
1998	SN-19-Y-A	L5		true	
1999	SN-19-Y-A	L7	LE07_228098_19990902,LE07_229098_19990909	true	
2000	SN-19-Y-A	L8	LE07_228098_20000328,LE07_229098_20000826	true	
2001	SN-19-Y-A	L7	LE07_228098_20010822	true	
2002	SN-19-Y-A	L7		true	no hay mas imagenes
2003	SN-19-Y-A	L7		true	no hay mas imagenes
2004	SN-19-Y-A	L5	LT05_228098_20040416,LT05_228098_20040907,LT05_228098_20040923,LT05_228098_20041009,LT05_229098_20040322,LT05_229098_20040914	true	
2005	SN-19-Y-A	L5	LT05_228098_20050825,LT05_228098_20050910,LT05_229098_20050901	true	
2006	SN-19-Y-A	L7	LE07_228098_20060414	true	
2007	SN-19-Y-A	L5	LT05_228098_20070425	true	
2008	SN-19-Y-A	L7	LE07_228098_20090422,LE07_229098_20090819	true	
2009	SN-19-Y-A	L7		true	
2010	SN-19-Y-A	L7		true	satellite anterior (anómalo): 0
2011	SN-19-Y-A	L7		true	satellite anterior (anómalo): 0
2012	SN-19-Y-A	L7	LE07_228098_20120414,LE07_228098_20120820,LE07_229098_20120405	true	
2013	SN-19-Y-A	L8	LC08_228098_20130815,LC08_228098_20130831	true	
2014	SN-19-Y-A	L8	LC08_228098_20140412,LC08_228098_20140818,LC08_228098_20140903,LC08_229098_20140910	true	
2015	SN-19-Y-A	L8	LC08_228098_20150415,LC08_228098_20150821	true	
2016	SN-19-Y-A	L8	LC08_228098_20160417	true	
2017	SN-19-Y-A	L8	LC08_228098_20170303,LC08_228098_20170420,LC08_228098_20171216,LC08_229098_20170817,LC08_229098_20170902	true	
2018	SN-19-Y-A	L8	LC08_228098_20180407,LC08_228098_20180829,LC08_229098_20180905	true	
2019	SN-19-Y-A	L8	LC08_228098_20190426,LC08_228098_20190816,LC08_228098_20190901,LC08_229098_20191010	true	
2020	SN-19-Y-A	L8	LC08_228098_20200412,LC08_228098_20200818,LC08_228098_20200903	true	
2021	SN-19-Y-A	L8		true	
2022	SN-19-Y-A	L8		true	
2023	SN-19-Y-A	L9		true	
2024	SN-19-Y-A	L8	LC08_228098_20230928,LC08_229098_20230903	true	
1996	SN-19-Y-B	L5		true	satellite anterior (anómalo): 0
1997	SN-19-Y-B	L5	LT05_227098_19970305	true	
1998	SN-19-Y-B	L5	LT05_227098_19980831,LT05_227098_19980220,LT05_227098_19980916	true	
1999	SN-19-Y-B	L5	LT05_227098_19990106	true	MALA
2000	SN-19-Y-B	L5		true	
2001	SN-19-Y-B	L7		true	
2002	SN-19-Y-B	L7		true	
2003	SN-19-Y-B	L7		true	
2004	SN-19-Y-B	L5	LT05_226098_20040923,LT05_226098_20040907	true	
2005	SN-19-Y-B	L7		true	
2006	SN-19-Y-B	L7	LE07_227098_20060407,LE07_227098_20060306	true	
2007	SN-19-Y-B	L5	LT05_228098_20070425,LT05_227098_20070402	true	
2008	SN-19-Y-B	L7		true	
2009	SN-19-Y-B	L7	LE07_227098_20090906,LE07_227098_20090330	true	
2010	SN-19-Y-B	L7		true	
2011	SN-19-Y-B	L7	LE07_227098_20111014	true	
2012	SN-19-Y-B	L7	LE07_228098_20120414,LE07_228097_20120820,LE07_228098_20120820,LE07_227098_20120914	true	
2013	SN-19-Y-B	L7	LE07_228098_20131010,LE07_227098_20130426,LE07_227098_20130410	true	
2014	SN-19-Y-B	L8	LC08_228098_20140903,LC08_228098_20140818,LC08_228098_20140311,LC08_227098_20140216	true	
2015	SN-19-Y-B	L8		true	
2016	SN-19-Y-B	L8	LC08_228098_20160417,LC08_227098_20160901	true	
2017	SN-19-Y-B	L8	LC08_228098_20170420,LC08_227098_20170413	true	
2018	SN-19-Y-B	L8	LC08_228098_20180829,LC08_227098_20180407	true	
2019	SN-19-Y-B	L8		true	
2020	SN-19-Y-B	L8	LC08_228098_20200818,LC08_228098_20200412,LC08_228098_20180407,LC08_227098_20180405	true	
2021	SN-19-Y-B	L8	LC08_228098_20210102,LC08_228098_20210821,LC08_227098_20210915,LC08_227098_20210830	true	
2022	SN-19-Y-B	L8		true	
2023	SN-19-Y-B	L8		true	
2024	SN-19-Y-B	L8		true	
1996	SF-19-V-B	L5		true	
1997	SF-19-V-B	L5		true	
1998	SF-19-V-B	L5		true	
1999	SF-19-V-B	L5		true	
2000	SF-19-V-B	L7		true	
2001	SF-19-V-B	L7		true	
2002	SF-19-V-B	L7		true	
2003	SF-19-V-B	L5		true	
2004	SF-19-V-B	L7		true	
2005	SF-19-V-B	L7		true	
2006	SF-19-V-B	L7		true	
2007	SF-19-V-B	L7		true	
2008	SF-19-V-B	L7		true	
2009	SF-19-V-B	L7		true	
2010	SF-19-V-B	L7		true	
2011	SF-19-V-B	L7		true	
2012	SF-19-V-B	L7		true	
2013	SF-19-V-B	L8		true	
2014	SF-19-V-B	L8		true	
2015	SF-19-V-B	L8		true	
2016	SF-19-V-B	L8		true	
2017	SF-19-V-B	L8		true	
2018	SF-19-V-B	L8		true	
2019	SF-19-V-B	L8		true	
2020	SF-19-V-B	L8		true	
2021	SF-19-V-B	L8		true	
2022	SF-19-V-B	L8		true	
2023	SF-19-V-B	L9		true	
2024	SF-19-V-B	L9		true	
2025	SF-19-V-B	L9		true	
1996	SF-19-X-A	L5		true	
1997	SF-19-X-A	L5		true	
1998	SF-19-X-A	L5		true	
1999	SF-19-X-A	L5		true	
2000	SF-19-X-A	L5		true	
2001	SF-19-X-A	L7		true	
2002	SF-19-X-A	L7		true	
2003	SF-19-X-A	L7	LE07_001074_20030227,LE07_001074_20030518,LE07_001074_20030721,LE07_233074_20031018,LE07_233074_20031221,LE07_233075_20031018	true	
2004	SF-19-X-A	L7		true	
2005	SF-19-X-A	L7		true	
2006	SF-19-X-A	L7		true	
2007	SF-19-X-A	L7		true	
2008	SF-19-X-A	L7		true	
2009	SF-19-X-A	L7		true	
2010	SF-19-X-A	L7		true	
2011	SF-19-X-A	L7		true	
2012	SF-19-X-A	L7		true	satellite anterior (anómalo): 99
2013	SF-19-X-A	L8		true	
2014	SF-19-X-A	L8		true	
2015	SF-19-X-A	L8		true	
2016	SF-19-X-A	L8		true	
2017	SF-19-X-A	L8		true	
2018	SF-19-X-A	L8		true	
2019	SF-19-X-A	L8		true	
2020	SF-19-X-A	L8		true	
2021	SF-19-X-A	L8		true	
2022	SF-19-X-A	L8		true	
2023	SF-19-X-A	L8		true	
2024	SF-19-X-A	L9		true	
2025	SF-19-X-A	L8		true	
1996	SF-19-V-D	L5		true	
1997	SF-19-V-D	L5		true	
1998	SF-19-V-D	L5		true	
1999	SF-19-V-D	L5		true	
2000	SF-19-V-D	L7		true	
2001	SF-19-V-D	L7		true	
2002	SF-19-V-D	L7		true	
2003	SF-19-V-D	L7		true	
2004	SF-19-V-D	L7		true	
2006	SF-19-V-D	L7		true	
2007	SF-19-V-D	L7		true	
2008	SF-19-V-D	L7		true	
2009	SF-19-V-D	L7		true	
2010	SF-19-V-D	L7		true	
2011	SF-19-V-D	L7		true	
2012	SF-19-V-D	L7		true	satellite anterior (anómalo): 99
2013	SF-19-V-D	L8		true	
2014	SF-19-V-D	L8		true	
2015	SF-19-V-D	L8		true	
2016	SF-19-V-D	L8		true	
2017	SF-19-V-D	L8		true	
2018	SF-19-V-D	L8		true	
2019	SF-19-V-D	L8		true	
2020	SF-19-V-D	L8		true	
2021	SF-19-V-D	L8		true	
2022	SF-19-V-D	L8		true	
2023	SF-19-V-D	L9		true	
2024	SF-19-V-D	L9		true	
2025	SF-19-V-D	L9		true	
1996	SF-19-X-C	L5		true	
1997	SF-19-X-C	L5		true	
1998	SF-19-X-C	L5		true	
1999	SF-19-X-C	L5		true	
2000	SF-19-X-C	L7		true	
2001	SF-19-X-C	L7		true	
2002	SF-19-X-C	L7		true	
2003	SF-19-X-C	L7		true	
2004	SF-19-X-C	L7		true	
2005	SF-19-X-C	L7		true	
2006	SF-19-X-C	L7		true	
2007	SF-19-X-C	L7		true	
2008	SF-19-X-C	L7		true	
2009	SF-19-X-C	L7		true	
2010	SF-19-X-C	L7		true	
2011	SF-19-X-C	L7		true	
2012	SF-19-X-C	L7		true	
2013	SF-19-X-C	L8		true	
2014	SF-19-X-C	L8		true	
2015	SF-19-X-C	L8		true	
2016	SF-19-X-C	L8		true	
2017	SF-19-X-C	L8		true	
2018	SF-19-X-C	L8		true	
2019	SF-19-X-C	L8		true	
2020	SF-19-X-C	L8		true	
2021	SF-19-X-C	L8		true	
2022	SF-19-X-C	L8		true	
2023	SF-19-X-C	L8		true	
2024	SF-19-X-C	L8		true	
2025	SF-19-X-C	L8		true	
1996	SF-19-Y-B	L5		true	
1997	SF-19-Y-B	L5		true	
1998	SF-19-Y-B	L5		true	
1999	SF-19-Y-B	L5		true	
2000	SF-19-Y-B	L7		true	
2001	SF-19-Y-B	L7		true	
2002	SF-19-Y-B	L7		true	
2003	SF-19-Y-B	L7		true	
2004	SF-19-Y-B	L7		true	
2005	SF-19-Y-B	L7		true	
2006	SF-19-Y-B	L7		true	
2007	SF-19-Y-B	L7		true	
2008	SF-19-Y-B	L7		true	
2009	SF-19-Y-B	L7		true	
2010	SF-19-Y-B	L7		true	
2011	SF-19-Y-B	L7		true	
2012	SF-19-Y-B	L7		true	
2013	SF-19-Y-B	L8		true	
2014	SF-19-Y-B	L8		true	
2015	SF-19-Y-B	L8		true	
2016	SF-19-Y-B	L8		true	
2017	SF-19-Y-B	L8		true	
2018	SF-19-Y-B	L8		true	
2019	SF-19-Y-B	L8		true	
2020	SF-19-Y-B	L8		true	
2021	SF-19-Y-B	L8		true	
2022	SF-19-Y-B	L8		true	
2023	SF-19-Y-B	L8		true	
2024	SF-19-Y-B	L9		true	
2025	SF-19-Y-B	L9		true	
1996	SF-19-Z-A	L5		true	
1997	SF-19-Z-A	L5		true	
1998	SF-19-Z-A	L5		true	
1999	SF-19-Z-A	L5		true	
2000	SF-19-Z-A	L5		true	
2001	SF-19-Z-A	L7		true	
2002	SF-19-Z-A	L7		true	
2003	SF-19-Z-A	L7		true	
2004	SF-19-Z-A	L7		true	
2005	SF-19-Z-A	L7		true	
2006	SF-19-Z-A	L7		true	
2007	SF-19-Z-A	L7		true	
2008	SF-19-Z-A	L7		true	
2009	SF-19-Z-A	L7		true	
2010	SF-19-Z-A	L7		true	
2011	SF-19-Z-A	L7		true	
2012	SF-19-Z-A	L7		true	satellite anterior (anómalo): 99/55
2013	SF-19-Z-A	L8		true	
2014	SF-19-Z-A	L8		true	
2015	SF-19-Z-A	L8		true	
2016	SF-19-Z-A	L8		true	
2017	SF-19-Z-A	L8		true	
2018	SF-19-Z-A	L8		true	
2019	SF-19-Z-A	L8		true	
2020	SF-19-Z-A	L8		true	
2021	SF-19-Z-A	L8		true	
2022	SF-19-Z-A	L8		true	
2023	SF-19-Z-A	L8		true	
2024	SF-19-Z-A	L8		true	
2025	SF-19-Z-A	L8		true	
1996	SF-19-Z-B	L5		true	
1997	SF-19-Z-B	L5		true	
1998	SF-19-Z-B	L5		true	
1999	SF-19-Z-B	L5		true	
2000	SF-19-Z-B	L7		true	
2001	SF-19-Z-B	L7		true	
2002	SF-19-Z-B	L7		true	
2003	SF-19-Z-B	L7	LE07_232075_20030301,LE07_232075_20030402,LE07_232075_20030723,LE07_232076_2003030,LE07_232076_20030723,LE07_232076_20031230,LE07_233076_20030220,LE07_233076_20030527	true	
2004	SF-19-Z-B	L7		true	
2005	SF-19-Z-B	L7		true	
2006	SF-19-Z-B	L7		true	
2007	SF-19-Z-B	L7		true	
2008	SF-19-Z-B	L7		true	
2009	SF-19-Z-B	L7		true	
2010	SF-19-Z-B	L7		true	
2011	SF-19-Z-B	L7		true	
2012	SF-19-Z-B	L7		true	
2013	SF-19-Z-B	L8		true	
2014	SF-19-Z-B	L8		true	
2015	SF-19-Z-B	L8		true	
2016	SF-19-Z-B	L8		true	
2017	SF-19-Z-B	L8		true	
2018	SF-19-Z-B	L8		true	
2019	SF-19-Z-B	L8		true	
2020	SF-19-Z-B	L8		true	
2021	SF-19-Z-B	L8		true	
2022	SF-19-Z-B	L8		true	
2023	SF-19-Z-B	L9		true	
2024	SF-19-Z-B	L9		true	
2025	SF-19-Z-B	L9		true	
1996	SF-19-Y-C	L5		true	
1997	SF-19-Y-C	L5		true	
1998	SF-19-Y-C	L5		true	
1999	SF-19-Y-C	L5		true	
2000	SF-19-Y-C	L7		true	
2001	SF-19-Y-C	L7		true	
2002	SF-19-Y-C	L7		true	
2003	SF-19-Y-C	L7		true	
2004	SF-19-Y-C	L7		true	
2005	SF-19-Y-C	L7		true	
2006	SF-19-Y-C	L7		true	
2007	SF-19-Y-C	L7		true	
2008	SF-19-Y-C	L7		true	
2009	SF-19-Y-C	L7		true	
2010	SF-19-Y-C	L7		true	
2011	SF-19-Y-C	L7		true	
2012	SF-19-Y-C	L7		true	
2013	SF-19-Y-C	L8		true	
2014	SF-19-Y-C	L8		true	
2015	SF-19-Y-C	L8		true	
2016	SF-19-Y-C	L8		true	
2017	SF-19-Y-C	L8		true	
2018	SF-19-Y-C	L8		true	
2019	SF-19-Y-C	L8		true	
2020	SF-19-Y-C	L8		true	
2021	SF-19-Y-C	L8		true	
2022	SF-19-Y-C	L8		true	
2023	SF-19-Y-C	L9		true	
2024	SF-19-Y-C	L9		true	
2025	SF-19-Y-C	L9		true	
1996	SG-19-V-B	L5		true	
1997	SG-19-V-B	L5		true	
1998	SG-19-V-B	L5		true	
1999	SG-19-V-B	L5		true	
2000	SG-19-V-B	L7		true	
2001	SG-19-V-B	L7		true	
2002	SG-19-V-B	L7		true	
2003	SG-19-V-B	L7		true	
2004	SG-19-V-B	L7		true	
2005	SG-19-V-B	L7		true	
2006	SG-19-V-B	L7		true	
2007	SG-19-V-B	L7		true	
2008	SG-19-V-B	L7		true	
2009	SG-19-V-B	L7		true	
2010	SG-19-V-B	L7		true	
2011	SG-19-V-B	L7		true	
2012	SG-19-V-B	L7		true	
2013	SG-19-V-B	L8		true	
2014	SG-19-V-B	L8		true	
2015	SG-19-V-B	L8		true	
2016	SG-19-V-B	L8		true	
2017	SG-19-V-B	L8		true	
2018	SG-19-V-B	L8		true	
2019	SG-19-V-B	L8		true	
2020	SG-19-V-B	L8		true	
2021	SG-19-V-B	L8		true	
2022	SG-19-V-B	L8		true	
2023	SG-19-V-B	L8		true	
2024	SG-19-V-B	L9		true	
2025	SG-19-V-B	L9		true	
1996	SG-19-X-A	L5		true	
1997	SG-19-X-A	L5		true	
1998	SG-19-X-A	L5		true	
1999	SG-19-X-A	L5		true	
2000	SG-19-X-A	L7		true	
2001	SG-19-X-A	L7		true	
2002	SG-19-X-A	L7		true	
2003	SG-19-X-A	L5		true	
2004	SG-19-X-A	L7		true	
2005	SG-19-X-A	L7		true	
2006	SG-19-X-A	L7		true	
2007	SG-19-X-A	L7		true	
2008	SG-19-X-A	L7		true	
2009	SG-19-X-A	L7		true	
2010	SG-19-X-A	L7		true	
2011	SG-19-X-A	L7		true	
2012	SG-19-X-A	L7	LE07_233077_20120620,LE07_233077_20120213,LE07_233077_20120112,LE07_232077_20120731,LE07_232077_20120613,LE07_232077_20120105	true	
2013	SG-19-X-A	L8		true	
2014	SG-19-X-A	L8		true	
2015	SG-19-X-A	L8		true	
2016	SG-19-X-A	L8		true	
2017	SG-19-X-A	L8		true	satellite anterior (anómalo): 66
2018	SG-19-X-A	L8		true	
2019	SG-19-X-A	L8		true	
2020	SG-19-X-A	L8		true	
2021	SG-19-X-A	L8		true	
2022	SG-19-X-A	L8		true	
2023	SG-19-X-A	L9		true	
2024	SG-19-X-A	L9		true	
2025	SG-19-X-A	L9		true	
1996	SG-19-X-B	L5		true	
1997	SG-19-X-B	L5		true	
1998	SG-19-X-B	L5		true	
1999	SG-19-X-B	L5		true	
2000	SG-19-X-B	L7		true	
2001	SG-19-X-B	L7		true	
2002	SG-19-X-B	L7		true	
2003	SG-19-X-B	L5		true	
2004	SG-19-X-B	L7		true	
2005	SG-19-X-B	L7		true	
2006	SG-19-X-B	L7		true	
2007	SG-19-X-B	L7		true	
2008	SG-19-X-B	L7		true	
2009	SG-19-X-B	L7		true	
2010	SG-19-X-B	L7		true	
2011	SG-19-X-B	L7		true	
2012	SG-19-X-B	L7		true	satellite anterior (anómalo): 99/55
2013	SG-19-X-B	L8		true	
2014	SG-19-X-B	L8		true	
2015	SG-19-X-B	L8		true	
2016	SG-19-X-B	L8		true	
2017	SG-19-X-B	L8		true	
2018	SG-19-X-B	L8		true	
2019	SG-19-X-B	L8		true	
2020	SG-19-X-B	L8		true	
2021	SG-19-X-B	L8		true	
2022	SG-19-X-B	L8		true	
2023	SG-19-X-B	L9		true	
2024	SG-19-X-B	L9		true	
2025	SG-19-X-B	L9		true	
1996	SG-19-V-C	L5		true	
1997	SG-19-V-C	L5		true	
1998	SG-19-V-C	L5		true	
1999	SG-19-V-C	L5		true	
2000	SG-19-V-C	L5		true	
2001	SG-19-V-C	L7		true	
2002	SG-19-V-C	L7		true	
2003	SG-19-V-C	L7	LE07_001078_20030721,LE07_001078_20030806	true	
2004	SG-19-V-C	L7		true	
2005	SG-19-V-C	L7		true	
2006	SG-19-V-C	L7		true	
2007	SG-19-V-C	L7		true	
2008	SG-19-V-C	L7		true	
2009	SG-19-V-C	L7		true	
2010	SG-19-V-C	L7		true	
2011	SG-19-V-C	L7		true	
2012	SG-19-V-C	L7		true	satellite anterior (anómalo): 99/55
2013	SG-19-V-C	L8		true	
2014	SG-19-V-C	L8		true	
2015	SG-19-V-C	L8		true	
2016	SG-19-V-C	L8		true	
2017	SG-19-V-C	L8		true	
2018	SG-19-V-C	L8		true	
2019	SG-19-V-C	L8		true	
2020	SG-19-V-C	L8		true	
2021	SG-19-V-C	L8		true	
2022	SG-19-V-C	L8		true	
2023	SG-19-V-C	L9		true	
2024	SG-19-V-C	L9		true	
2025	SG-19-V-C	L9		true	
1996	SG-19-V-D	L5		true	
1997	SG-19-V-D	L5		true	
1998	SG-19-V-D	L5		true	
1999	SG-19-V-D	L5		true	
2000	SG-19-V-D	L7		true	
2001	SG-19-V-D	L7		true	
2002	SG-19-V-D	L5		true	
2003	SG-19-V-D	L5		true	
2004	SG-19-V-D	L7		true	
2005	SG-19-V-D	L7		true	
2006	SG-19-V-D	L7		true	
2007	SG-19-V-D	L7		true	
2008	SG-19-V-D	L7		true	
2009	SG-19-V-D	L7		true	
2010	SG-19-V-D	L7		true	
2011	SG-19-V-D	L7		true	
2012	SG-19-V-D	L7		true	satellite anterior (anómalo): 99/55
2013	SG-19-V-D	L8		true	
2014	SG-19-V-D	L8		true	
2015	SG-19-V-D	L8		true	
2016	SG-19-V-D	L8		true	
2017	SG-19-V-D	L8		true	
2018	SG-19-V-D	L8		true	
2019	SG-19-V-D	L8		true	
2020	SG-19-V-D	L8		true	
2021	SG-19-V-D	L8		true	
2022	SG-19-V-D	L8		true	
2023	SG-19-V-D	L9		true	
2024	SG-19-V-D	L9		true	
2025	SG-19-V-D	L9		true	
1996	SG-19-X-C	L5		true	
1997	SG-19-X-C	L5		true	
1998	SG-19-X-C	L5		true	
1999	SG-19-X-C	L5		true	
2000	SG-19-X-C	L7		true	
2001	SG-19-X-C	L7		true	
2002	SG-19-X-C	L5		true	
2003	SG-19-X-C	L7		true	
2004	SG-19-X-C	L7		true	
2005	SG-19-X-C	L7		true	
2006	SG-19-X-C	L7		true	
2007	SG-19-X-C	L7		true	
2008	SG-19-X-C	L7		true	
2009	SG-19-X-C	L7		true	
2010	SG-19-X-C	L7		true	
2011	SG-19-X-C	L7		true	
2012	SG-19-X-C	L7		true	
2013	SG-19-X-C	L8		true	
2014	SG-19-X-C	L8		true	
2015	SG-19-X-C	L8		true	
2016	SG-19-X-C	L8		true	
2017	SG-19-X-C	L8		true	
2018	SG-19-X-C	L8		true	
2019	SG-19-X-C	L8		true	
2020	SG-19-X-C	L8		true	
2021	SG-19-X-C	L8		true	
2022	SG-19-X-C	L8		true	
2023	SG-19-X-C	L9		true	
2024	SG-19-X-C	L9		true	
2025	SG-19-X-C	L9		true	
1996	SG-19-Y-A	L5		true	
1997	SG-19-Y-A	L5		true	
1998	SG-19-Y-A	L5		true	
1999	SG-19-Y-A	L7		true	
2000	SG-19-Y-A	L7		true	
2001	SG-19-Y-A	L5		true	
2002	SG-19-Y-A	L7		true	
2003	SG-19-Y-A	L7		true	
2004	SG-19-Y-A	L7		true	
2005	SG-19-Y-A	L7		true	
2006	SG-19-Y-A	L7		true	
2007	SG-19-Y-A	L7		true	
2008	SG-19-Y-A	L7		true	
2009	SG-19-Y-A	L7		true	
2010	SG-19-Y-A	L7		true	
2011	SG-19-Y-A	L7		true	
2012	SG-19-Y-A	L7		true	
2013	SG-19-Y-A	L8		true	
2014	SG-19-Y-A	L8		true	
2015	SG-19-Y-A	L8		true	
2016	SG-19-Y-A	L8		true	
2017	SG-19-Y-A	L8		true	
2018	SG-19-Y-A	L8		true	
2019	SG-19-Y-A	L8		true	
2020	SG-19-Y-A	L8		true	
2021	SG-19-Y-A	L8		true	
2022	SG-19-Y-A	L8		true	
2023	SG-19-Y-A	L9		true	
2024	SG-19-Y-A	L9		true	
2025	SG-19-Y-A	L8		true	
1996	SG-19-Y-B	L5		true	
1997	SG-19-Y-B	L5		true	
1998	SG-19-Y-B	L5		true	
1999	SG-19-Y-B	L5		true	
2000	SG-19-Y-B	L5		true	
2001	SG-19-Y-B	L7		true	
2002	SG-19-Y-B	L7		true	
2003	SG-19-Y-B	L5		true	
2004	SG-19-Y-B	L7		true	
2005	SG-19-Y-B	L7		true	
2006	SG-19-Y-B	L5		true	Cambiar L7 por L5
2007	SG-19-Y-B	L7		true	
2008	SG-19-Y-B	L7		true	
2009	SG-19-Y-B	L7		true	
2010	SG-19-Y-B	L7		true	
2011	SG-19-Y-B	L7		true	
2012	SG-19-Y-B	L7		true	
2013	SG-19-Y-B	L8		true	
2014	SG-19-Y-B	L8		true	
2015	SG-19-Y-B	L8		true	
2016	SG-19-Y-B	L8		true	
2017	SG-19-Y-B	L8		true	
2018	SG-19-Y-B	L8		true	
2019	SG-19-Y-B	L8		true	
2020	SG-19-Y-B	L8		true	
2021	SG-19-Y-B	L8		true	
2022	SG-19-Y-B	L8		true	
2023	SG-19-Y-B	L9		true	
2024	SG-19-Y-B	L9		true	
2025	SG-19-Y-B	L9		true	
1996	SH-19-V-A	L5		true	
1997	SH-19-V-A	L5		true	
1998	SH-19-V-A	L5	LT05_001080_19981003,LT05_001080_19980917,LT05_001080_19980816,LT05_001080_19980731,LT05_001080_19980715,LT05_001080_19980120,LT05_001079_19980917,LT05_001079_19980731,LT05_001079_19980120	true	
1999	SH-19-V-A	L5	LT05_001080_19991006,LT05_001080_19990718,LT05_001080_19990904	true	
2000	SH-19-V-A	L5		true	
2001	SH-19-V-A	L7	LE07_001079_20010325,LE07_001079_20010512,LE07_001079_20010613,LE07_001079_20010901,LE07_001079_20010917,LE07_001080_20010104,LE07_001080_20010512,LE07_001080_20010731,LE07_001080_20010816,LE07_001080_20010901,LE07_001080_20011003,LE07_001079_20010120,LE07_001080_20010426,LE07_001080_20010528,LE07_001080_20010613,LE07_001080_20010629	true	
2002	SH-19-V-A	L7		true	
2003	SH-19-V-A	L7	LE07_001079_20030518,LE07_001079_20030721,LE07_001080_20030518,LE07_001080_20030721	true	
2004	SH-19-V-A	L7		true	
2005	SH-19-V-A	L7		true	
2006	SH-19-V-A	L5	LT05_001080_20060619,LT05_001080_20060518,LT05_001080_20060502,LT05_001080_20060211	true	
2007	SH-19-V-A	L7		true	
2008	SH-19-V-A	L7		true	
2009	SH-19-V-A	L5	LT05_001080_20090526	true	
2010	SH-19-V-A	L7		true	
2011	SH-19-V-A	L7		true	
2012	SH-19-V-A	L7		true	
2013	SH-19-V-A	L8		true	
2014	SH-19-V-A	L8		true	
2015	SH-19-V-A	L8		true	
2016	SH-19-V-A	L8		true	
2017	SH-19-V-A	L8		true	
2018	SH-19-V-A	L8		true	
2019	SH-19-V-A	L8		true	
2020	SH-19-V-A	L8		true	
2021	SH-19-V-A	L8		true	
2022	SH-19-V-A	L8		true	
2023	SH-19-V-A	L9		true	
2024	SH-19-V-A	L8		true	
2025	SH-19-V-A	L9		true	
1996	SH-19-V-B	L5		true	
1997	SH-19-V-B	L5		true	
1998	SH-19-V-B	L5		true	
1999	SH-19-V-B	L5		true	
2000	SH-19-V-B	L7		true	
2001	SH-19-V-B	L7		true	
2002	SH-19-V-B	L7		true	
2003	SH-19-V-B	L7		true	
2004	SH-19-V-B	L7		true	
2005	SH-19-V-B	L7		true	
2006	SH-19-V-B	L7		true	
2007	SH-19-V-B	L7		true	
2008	SH-19-V-B	L7		true	
2009	SH-19-V-B	L7		true	
2010	SH-19-V-B	L7		true	
2011	SH-19-V-B	L7		true	
2012	SH-19-V-B	L7		true	
2013	SH-19-V-B	L8		true	
2014	SH-19-V-B	L8		true	
2015	SH-19-V-B	L8		true	
2016	SH-19-V-B	L8		true	
2017	SH-19-V-B	L8		true	
2018	SH-19-V-B	L8		true	
2019	SH-19-V-B	L8		true	
2020	SH-19-V-B	L8		true	
2021	SH-19-V-B	L8		true	
2022	SH-19-V-B	L8		true	
2023	SH-19-V-B	L9		true	
2024	SH-19-V-B	L9		true	
2025	SH-19-V-B	L9		true	
1996	SH-19-V-C	L5		true	
1997	SH-19-V-C	L5		true	
1998	SH-19-V-C	L5		true	
1999	SH-19-V-C	L5		true	
2000	SH-19-V-C	L5		true	
2001	SH-19-V-C	L7		true	
2002	SH-19-V-C	L7		true	
2003	SH-19-V-C	L7		true	
2004	SH-19-V-C	L7		true	
2005	SH-19-V-C	L7		true	
2006	SH-19-V-C	L7		true	
2007	SH-19-V-C	L7		true	
2008	SH-19-V-C	L7		true	
2009	SH-19-V-C	L7		true	
2010	SH-19-V-C	L7		true	
2011	SH-19-V-C	L7		true	
2012	SH-19-V-C	L7		true	
2013	SH-19-V-C	L8		true	
2014	SH-19-V-C	L8		true	
2015	SH-19-V-C	L8		true	
2016	SH-19-V-C	L8		true	
2017	SH-19-V-C	L8		true	
2018	SH-19-V-C	L8		true	
2019	SH-19-V-C	L8		true	
2020	SH-19-V-C	L8		true	
2021	SH-19-V-C	L8		true	
2022	SH-19-V-C	L8		true	
2023	SH-19-V-C	L9		true	
2024	SH-19-V-C	L9		true	
2025	SH-19-V-C	L9		true	
1996	SH-19-V-D	L5		true	
1997	SH-19-V-D	L5		true	
1998	SH-19-V-D	L5		true	
1999	SH-19-V-D	L5		true	
2000	SH-19-V-D	L7		true	
2001	SH-19-V-D	L7		true	
2002	SH-19-V-D	L7		true	
2003	SH-19-V-D	L7		true	
2004	SH-19-V-D	L7		true	
2005	SH-19-V-D	L7		true	
2006	SH-19-V-D	L7		true	
2007	SH-19-V-D	L7		true	
2008	SH-19-V-D	L7		true	
2009	SH-19-V-D	L7		true	
2010	SH-19-V-D	L7		true	
2011	SH-19-V-D	L7		true	
2012	SH-19-V-D	L7		true	
2013	SH-19-V-D	L8		true	
2014	SH-19-V-D	L8		true	
2015	SH-19-V-D	L8		true	
2016	SH-19-V-D	L8		true	
2017	SH-19-V-D	L8		true	
2018	SH-19-V-D	L8		true	
2019	SH-19-V-D	L8		true	
2020	SH-19-V-D	L8		true	
2021	SH-19-V-D	L8		true	
2022	SH-19-V-D	L8		true	
2023	SH-19-V-D	L9		true	
2024	SH-19-V-D	L9		true	
2025	SH-19-V-D	L9		true	
1996	SH-19-Y-A	L5		true	
1997	SH-19-Y-A	L5		true	
1998	SH-19-Y-A	L5		true	
1999	SH-19-Y-A	L5		true	
2000	SH-19-Y-A	L7		true	
2001	SH-19-Y-A	L7		true	
2002	SH-19-Y-A	L7		true	
2003	SH-19-Y-A	L7		true	
2004	SH-19-Y-A	L7		true	
2005	SH-19-Y-A	L7		true	
2006	SH-19-Y-A	L7		true	
2007	SH-19-Y-A	L7		true	
2008	SH-19-Y-A	L7		true	
2009	SH-19-Y-A	L7		true	
2010	SH-19-Y-A	L7		true	
2011	SH-19-Y-A	L7		true	
2012	SH-19-Y-A	L7		true	
2013	SH-19-Y-A	L8		true	
2014	SH-19-Y-A	L8		true	
2015	SH-19-Y-A	L8		true	
2016	SH-19-Y-A	L8		true	
2017	SH-19-Y-A	L8		true	
2018	SH-19-Y-A	L8		true	
2019	SH-19-Y-A	L8		true	
2020	SH-19-Y-A	L8		true	
2021	SH-19-Y-A	L8		true	
2022	SH-19-Y-A	L8		true	
2023	SH-19-Y-A	L9		true	
2024	SH-19-Y-A	L9		true	
2025	SH-19-Y-A	L9		true	
1996	SH-19-Y-B	L5		true	
1997	SH-19-Y-B	L5		true	
1998	SH-19-Y-B	L5		true	
1999	SH-19-Y-B	L5		true	
2000	SH-19-Y-B	L7		true	
2001	SH-19-Y-B	L7		true	
2002	SH-19-Y-B	L5		true	
2003	SH-19-Y-B	L7		true	
2004	SH-19-Y-B	L7		true	
2005	SH-19-Y-B	L7		true	
2006	SH-19-Y-B	L7		true	
2007	SH-19-Y-B	L7		true	
2008	SH-19-Y-B	L7		true	
2009	SH-19-Y-B	L7		true	
2010	SH-19-Y-B	L7		true	
2011	SH-19-Y-B	L7		true	
2012	SH-19-Y-B	L7		true	
2013	SH-19-Y-B	L8		true	
2014	SH-19-Y-B	L8		true	
2015	SH-19-Y-B	L8		true	
2016	SH-19-Y-B	L8		true	
2017	SH-19-Y-B	L8		true	
2018	SH-19-Y-B	L8		true	
2019	SH-19-Y-B	L8		true	
2020	SH-19-Y-B	L8		true	
2021	SH-19-Y-B	L8		true	
2022	SH-19-Y-B	L8		true	
2023	SH-19-Y-B	L9		true	
2024	SH-19-Y-B	L9		true	
2025	SH-19-Y-B	L9		true	
1996	SH-19-Y-C	L5		true	
1997	SH-19-Y-C	L5		true	
1998	SH-19-Y-C	L5		true	
1999	SH-19-Y-C	L5		true	
2000	SH-19-Y-C	L7		true	
2001	SH-19-Y-C	L7		true	
2002	SH-19-Y-C	L7		true	
2003	SH-19-Y-C	L7		true	
2004	SH-19-Y-C	L7		true	
2005	SH-19-Y-C	L7		true	
2006	SH-19-Y-C	L7		true	
2007	SH-19-Y-C	L7		true	
2008	SH-19-Y-C	L7		true	
2009	SH-19-Y-C	L7		true	satellite anterior (anómalo): 77
2010	SH-19-Y-C	L7		true	
2011	SH-19-Y-C	L5		true	
2012	SH-19-Y-C	L7		true	
2013	SH-19-Y-C	L8		true	
2014	SH-19-Y-C	L8		true	
2015	SH-19-Y-C	L8		true	
2016	SH-19-Y-C	L8		true	
2017	SH-19-Y-C	L8		true	
2018	SH-19-Y-C	L8		true	
2019	SH-19-Y-C	L8		true	
2020	SH-19-Y-C	L8		true	
2021	SH-19-Y-C	L8		true	
2022	SH-19-Y-C	L8		true	
2023	SH-19-Y-C	L9		true	
2024	SH-19-Y-C	L9		true	
2025	SH-19-Y-C	L9		true	
1996	SH-19-Y-D	L5		true	
1997	SH-19-Y-D	L5		true	
1998	SH-19-Y-D	L5		true	
1999	SH-19-Y-D	L5		true	
2000	SH-19-Y-D	L7		true	
2001	SH-19-Y-D	L7		true	
2002	SH-19-Y-D	L5		true	
2003	SH-19-Y-D	L7		true	
2004	SH-19-Y-D	L7		true	
2005	SH-19-Y-D	L7		true	
2006	SH-19-Y-D	L7		true	
2007	SH-19-Y-D	L7		true	
2008	SH-19-Y-D	L7		true	
2009	SH-19-Y-D	L7		true	
2010	SH-19-Y-D	L7		true	
2011	SH-19-Y-D	L7		true	
2012	SH-19-Y-D	L7		true	
2013	SH-19-Y-D	L8		true	
2014	SH-19-Y-D	L8		true	
2015	SH-19-Y-D	L8		true	
2016	SH-19-Y-D	L8		true	
2017	SH-19-Y-D	L8		true	
2018	SH-19-Y-D	L8		true	
2019	SH-19-Y-D	L8		true	
2020	SH-19-Y-D	L8		true	
2021	SH-19-Y-D	L8		true	
2022	SH-19-Y-D	L8		true	
2023	SH-19-Y-D	L9		true	
2024	SH-19-Y-D	L9		true	
2025	SH-19-Y-D	L9		true	
1996	SI-18-Z-B	L5		true	
1997	SI-18-Z-B	L5	LT05_233084_19971025,LT05_233084_19970822,LT05_233084_19970705	true	
1998	SI-18-Z-B	L5		true	
1999	SI-18-Z-B	L5		true	
2000	SI-18-Z-B	L7		true	
2001	SI-18-Z-B	L5		true	
2002	SI-18-Z-B	L5		true	
2003	SI-18-Z-B	L7		true	
2004	SI-18-Z-B	L7		true	
2005	SI-18-Z-B	L7		true	
2006	SI-18-Z-B	L7		true	
2007	SI-18-Z-B	L7		true	
2008	SI-18-Z-B	L7		true	
2009	SI-18-Z-B	L7	LE07_001084_20091212,LE07_001084_20091025,LE07_001084_20090116,LE07_001084_20090110	true	
2010	SI-18-Z-B	L7		true	
2011	SI-18-Z-B	L7		true	
2012	SI-18-Z-B	L7	LE07_001084_20121220,LE07_001084_20121001,LE07_001084_20120915,LE07_001084_20120510,LE07_001084_20120323,LE07_001084_20120103	true	
2013	SI-18-Z-B	L8		true	
2014	SI-18-Z-B	L8		true	
2015	SI-18-Z-B	L8		true	
2016	SI-18-Z-B	L8		true	
2017	SI-18-Z-B	L8		true	
2018	SI-18-Z-B	L8		true	
2019	SI-18-Z-B	L8		true	
2020	SI-18-Z-B	L8		true	
2021	SI-18-Z-B	L8		true	
2022	SI-18-Z-B	L8		true	
2023	SI-18-Z-B	L9		true	
2024	SI-18-Z-B	L9		true	
2025	SI-18-Z-B	L9		true	
1996	SI-19-Y-A	L5		true	
1997	SI-19-Y-A	L5	LT05_233084_19971025,LT05_233084_19970907,LT05_233084_19970822,LT05_233084_19970705,LT05_001084_19971117,LT05_001083_19970914,LT05_001083_19970712,LT05_001083_19970610	true	
1998	SI-19-Y-A	L5		true	
1999	SI-19-Y-A	L7		true	Cambiar L5 por L7
2000	SI-19-Y-A	L7		true	
2001	SI-19-Y-A	L7		true	
2002	SI-19-Y-A	L7		true	
2003	SI-19-Y-A	L7		true	
2004	SI-19-Y-A	L7		true	
2005	SI-19-Y-A	L7		true	
2006	SI-19-Y-A	L7		true	
2007	SI-19-Y-A	L7		true	
2008	SI-19-Y-A	L7		true	
2009	SI-19-Y-A	L7	LE07_233084_20090916,LE07_233084_20090730,LE07_233084_20090714,LE07_233084_20090612,LE07_233084_20090527,LE07_001083_20090822	true	
2010	SI-19-Y-A	L7		true	
2011	SI-19-Y-A	L7		true	
2012	SI-19-Y-A	L7		true	satellite anterior (anómalo): 99
2013	SI-19-Y-A	L8		true	
2014	SI-19-Y-A	L8		true	
2015	SI-19-Y-A	L8		true	
2016	SI-19-Y-A	L8		true	
2017	SI-19-Y-A	L8		true	
2018	SI-19-Y-A	L8		true	
2019	SI-19-Y-A	L8		true	
2020	SI-19-Y-A	L8		true	
2021	SI-19-Y-A	L8		true	
2022	SI-19-Y-A	L8		true	
2023	SI-19-Y-A	L8		true	
2024	SI-19-Y-A	L9		true	
2025	SI-19-Y-A	L9		true	
1996	SI-19-Y-B	L5		true	
1997	SI-19-Y-B	L5		true	
1998	SI-19-Y-B	L5		true	
1999	SI-19-Y-B	L5		true	
2000	SI-19-Y-B	L7		true	
2001	SI-19-Y-B	L5		true	
2002	SI-19-Y-B	L7		true	
2003	SI-19-Y-B	L7		true	
2004	SI-19-Y-B	L7		true	
2005	SI-19-Y-B	L7		true	
2006	SI-19-Y-B	L7		true	
2007	SI-19-Y-B	L7		true	
2008	SI-19-Y-B	L7		true	
2009	SI-19-Y-B	L7		true	
2010	SI-19-Y-B	L7		true	
2011	SI-19-Y-B	L7		true	
2012	SI-19-Y-B	L7		true	satellite anterior (anómalo): 99
2013	SI-19-Y-B	L8		true	
2014	SI-19-Y-B	L8		true	
2015	SI-19-Y-B	L8		true	
2016	SI-19-Y-B	L8		true	
2017	SI-19-Y-B	L8		true	
2018	SI-19-Y-B	L8		true	
2019	SI-19-Y-B	L8		true	
2020	SI-19-Y-B	L8		true	
2021	SI-19-Y-B	L8		true	
2022	SI-19-Y-B	L8		true	
2023	SI-19-Y-B	L9		true	
2024	SI-19-Y-B	L9		true	
2025	SI-19-Y-B	L9		true	
1996	SI-18-Z-D	L5		true	satellite anterior (anómalo): 55/77
1997	SI-18-Z-D	L5		true	
1998	SI-18-Z-D	L5	LT05_001085_19980917,LT05_233085_19980302,LT05_233085_19980505,LT05_233085_19980622,LT05_233085_19980708	true	
1999	SI-18-Z-D	L5		true	
2000	SI-18-Z-D	L7		true	
2001	SI-18-Z-D	L7		true	
2002	SI-18-Z-D	L7		true	
2003	SI-18-Z-D	L7		true	
2004	SI-18-Z-D	L7		true	
2005	SI-18-Z-D	L7		true	
2006	SI-18-Z-D	L7		true	
2007	SI-18-Z-D	L7		true	
2008	SI-18-Z-D	L7		true	
2009	SI-18-Z-D	L7		true	satellite anterior (anómalo): 55/77
2010	SI-18-Z-D	L7		true	
2011	SI-18-Z-D	L7		true	
2012	SI-18-Z-D	L7		true	satellite anterior (anómalo): 99
2013	SI-18-Z-D	L8		true	
2014	SI-18-Z-D	L8		true	
2015	SI-18-Z-D	L8		true	
2016	SI-18-Z-D	L8		true	
2017	SI-18-Z-D	L8		true	
2018	SI-18-Z-D	L8		true	
2019	SI-18-Z-D	L8		true	
2020	SI-18-Z-D	L8		true	
2021	SI-18-Z-D	L8		true	
2022	SI-18-Z-D	L8		true	
2023	SI-18-Z-D	L9		true	
2024	SI-18-Z-D	L9		true	
2025	SI-18-Z-D	L9		true	
1996	SI-19-Y-C	L5	LT05_233084_19960819,LT05_233084_19960616,LT05_232085_19960929,LT05_232085_19960913	true	
1997	SI-19-Y-C	L5	LT05_233084_19971025,LT05_233084_1997082,LT05_233084_19970705,LT05_232085_19971002,LT05_232085_19970628,LT05_233084_19970822,LT05_233084_19970806	true	
1998	SI-19-Y-C	L5	LT05_233085_19980708,LT05_233085_19980622,LT05_233085_19980505,LT05_233085_19980302,LT05_233084_19980809,LT05_233084_19980708,LT05_233084_19980622,LT05_233084_19980505	true	
1999	SI-19-Y-C	L5	LT05_232085_19990821,LT05_233084_19990711	true	
2000	SI-19-Y-C	L7		true	
2001	SI-19-Y-C	L5		true	
2002	SI-19-Y-C	L7		true	
2003	SI-19-Y-C	L7		true	
2004	SI-19-Y-C	L7		true	
2005	SI-19-Y-C	L7		true	
2006	SI-19-Y-C	L7		true	
2007	SI-19-Y-C	L7		true	
2008	SI-19-Y-C	L7		true	
2009	SI-19-Y-C	L7		true	
2010	SI-19-Y-C	L7		true	
2011	SI-19-Y-C	L5	LT05_232085_20110907,LT05_232085_20110923,LT05_232085_20111009,LT05_232085_20111025,LT05_232085_20111110	true	
2012	SI-19-Y-C	L7	LE07_233085_20121213,LE07_233085_20121026,LE07_233085_20120924,LE07_233085_20120908,LE07_233085_20120823,LE07_233085_20120722,LE07_233085_20120706,LE07_233085_20120604,LE07_233085_20120503,LE07_233084_20120924,LE07_233084_20120908,LE07_233084_20120503,LE07_233084_20120229,LE07_232085_20121222,LE07_232085_20120901,LE07_232085_20120816,LE07_232085_20120731,LE07_232085_20120715	true	
2013	SI-19-Y-C	L8		true	
2014	SI-19-Y-C	L8		true	
2015	SI-19-Y-C	L8		true	
2016	SI-19-Y-C	L8		true	
2017	SI-19-Y-C	L8		true	
2018	SI-19-Y-C	L8		true	
2019	SI-19-Y-C	L8		true	
2020	SI-19-Y-C	L8		true	
2021	SI-19-Y-C	L8		true	
2022	SI-19-Y-C	L8		true	
2023	SI-19-Y-C	L9		true	
2024	SI-19-Y-C	L9		true	
2025	SI-19-Y-C	L8		true	
1996	SI-19-Y-D	L5		true	
1997	SI-19-Y-D	L5	LT05_232084_19971119,LT05_232084_19971018,LT05_232084_19971002,LT05_232084_19970714,LT05_232084_19970119,LT05_231085_19970707	true	
1998	SI-19-Y-D	L5		true	
1999	SI-19-Y-D	L5		true	
2000	SI-19-Y-D	L7		true	
2001	SI-19-Y-D	L7		true	
2002	SI-19-Y-D	L7		true	
2003	SI-19-Y-D	L5		true	
2004	SI-19-Y-D	L7		true	
2005	SI-19-Y-D	L7		true	
2006	SI-19-Y-D	L7		true	
2007	SI-19-Y-D	L7		true	
2008	SI-19-Y-D	L7		true	
2009	SI-19-Y-D	L7		true	
2010	SI-19-Y-D	L7		true	
2011	SI-19-Y-D	L7		true	
2012	SI-19-Y-D	L7	LE07_232084_20120121,LE07_232084_20120206,LE07_232084_20120410,LE07_232084_20120629,LE07_232084_20120715	true	satellite anterior (anómalo): 99
2013	SI-19-Y-D	L8		true	
2014	SI-19-Y-D	L8		true	
2015	SI-19-Y-D	L8		true	
2016	SI-19-Y-D	L8		true	
2017	SI-19-Y-D	L8		true	
2018	SI-19-Y-D	L8		true	
2019	SI-19-Y-D	L8		true	
2020	SI-19-Y-D	L8		true	
2021	SI-19-Y-D	L8		true	
2022	SI-19-Y-D	L8		true	
2023	SI-19-Y-D	L9		true	
2024	SI-19-Y-D	L9		true	
2025	SI-19-Y-D	L9		true	
1996	SJ-18-X-B	L5		true	
1997	SJ-18-X-B	L5		true	satellite anterior (anómalo): 0
1998	SJ-18-X-B	L5	LT05_233086_19980708,LT05_233086_19980302,LT05_233085_19980708,LT05_233085_19980622,LT05_233085_19980505,LT05_233085_19980302,LT05_001086_19981003,LT05_001086_19980731,LT05_001086_19980221,LT05_001085_19981003,LT05_001085_19980613,LT05_001085_19980309	true	
1999	SJ-18-X-B	L5		true	
2000	SJ-18-X-B	L7		true	
2001	SJ-18-X-B	L7		true	
2002	SJ-18-X-B	L7		true	
2003	SJ-18-X-B	L5		true	
2004	SJ-18-X-B	L7		true	
2005	SJ-18-X-B	L7		true	
2006	SJ-18-X-B	L7		true	
2007	SJ-18-X-B	L7		true	
2008	SJ-18-X-B	L7		true	
2009	SJ-18-X-B	L7		true	
2010	SJ-18-X-B	L7		true	
2011	SJ-18-X-B	L7	LE07_233086_20111109,LE07_233086_20111024,LE07_233086_20111008,LE07_233086_20110922,LE07_233086_20110720,LE07_233086_20110704,LE07_233086_20110517,LE07_233086_20110210,LE07_233085_20111109,LE07_233085_20111024,LE07_233085_20111008,LE07_233085_20110922,LE07_233085_20110906,LE07_233085_20110720,LE07_233085_20110704,LE07_233085_20110517,LE07_233085_20110125,LE07_001086_20111218,LE07_001086_20111116,LE07_001086_20110929,LE07_001086_20110812,LE07_001086_20110625,LE07_001086_20110217,LE07_001086_20110116,LE07_001085_20111218,LE07_001085_20111202,LE07_001085_20111015,LE07_001085_20110929,LE07_001085_20110812,LE07_001085_20110625,LE07_001085_20110524,LE07_001085_20110422,LE07_001085_20110321,LE07_001085_20110217,LE07_001085_20110116	true	
2012	SJ-18-X-B	L7		true	satellite anterior (anómalo): 99
2013	SJ-18-X-B	L8		true	
2014	SJ-18-X-B	L8		true	
2015	SJ-18-X-B	L8		true	
2016	SJ-18-X-B	L8		true	
2017	SJ-18-X-B	L8		true	
2018	SJ-18-X-B	L8		true	
2019	SJ-18-X-B	L8		true	
2020	SJ-18-X-B	L8		true	
2021	SJ-18-X-B	L8		true	
2022	SJ-18-X-B	L8		true	
2023	SJ-18-X-B	L9		true	
2024	SJ-18-X-B	L9		true	
2025	SJ-18-X-B	L9		true	
1996	SJ-19-V-A	L5		true	
1997	SJ-19-V-A	L5		true	
1998	SJ-19-V-A	L5	LT05_233085_19980708,LT05_233085_19980622,LT05_233085_19980505,LT05_233085_19980302	true	
1999	SJ-19-V-A	L5		true	
2000	SJ-19-V-A	L7		true	
2001	SJ-19-V-A	L7		true	
2002	SJ-19-V-A	L7		true	
2003	SJ-19-V-A	L7		true	
2004	SJ-19-V-A	L7		true	
2005	SJ-19-V-A	L7		true	
2006	SJ-19-V-A	L7		true	
2007	SJ-19-V-A	L7		true	
2008	SJ-19-V-A	L7		true	
2009	SJ-19-V-A	L7		true	
2010	SJ-19-V-A	L7		true	
2011	SJ-19-V-A	L5	LT05_233086_20110322,LT05_233085_20110322,LT05_232085_20110211,LT05_233085_20110202	true	
2012	SJ-19-V-A	L7		true	satellite anterior (anómalo): 99
2013	SJ-19-V-A	L8		true	
2014	SJ-19-V-A	L8		true	
2015	SJ-19-V-A	L8		true	
2016	SJ-19-V-A	L8		true	
2017	SJ-19-V-A	L8		true	
2018	SJ-19-V-A	L8		true	
2019	SJ-19-V-A	L8		true	
2020	SJ-19-V-A	L8		true	
2021	SJ-19-V-A	L8		true	
2022	SJ-19-V-A	L8		true	
2023	SJ-19-V-A	L8		true	
2024	SJ-19-V-A	L9		true	
2025	SJ-19-V-A	L8		true	
1996	SJ-18-Z-B	L5		true	satellite anterior (anómalo): 0
1997	SJ-18-Z-B	L5		true	satellite anterior (anómalo): 0
1998	SJ-18-Z-B	L5	LT05_001086_19980309,LT05_001086_19980221,LT05_001086_19981003,LT05_001086_19981206,LT05_001087_19980309,LT05_001087_19980731,LT05_233086_19980302,LT05_233086_19980708,LT05_233087_19980302,LT05_233087_19980505,LT05_233087_19980708	true	
1999	SJ-18-Z-B	L5	LT05_001086_19990616,LT05_001087_19990718,LT05_233086_19990828,LT05_233087_19990828,LT05_233087_19991202	true	
2000	SJ-18-Z-B	L7	LE07_001086_20000322,LE07_001086_20000423,LE07_001086_20000509,LE07_001086_20000525,LE07_001086_20000712,LE07_001086_20000930,LE07_001086_20001101,LE07_001086_20001117,LE07_001087_20000219,LE07_001087_20000423,LE07_001087_20000525,LE07_001087_20000930,LE07_001087_20001016,LE07_001087_20001101,LE07_001087_20001117,LE07_001087_20001203,LE07_233086_20000822,LE07_233086_20000923,LE07_233086_20001009,LE07_233086_20001126,LE07_233086_20001212,LE07_233087_20000127,LE07_233087_20000228,LE07_233087_20000518,LE07_233087_20000822,LE07_233087_20000923,LE07_233087_20001025,LE07_233087_20001212,LE07_233087_20001228,LE07_233087_2000041,LE07_233087_20000331	true	
2001	SJ-18-Z-B	L7		true	
2002	SJ-18-Z-B	L7		true	
2003	SJ-18-Z-B	L7		true	
2004	SJ-18-Z-B	L7		true	
2005	SJ-18-Z-B	L7		true	
2006	SJ-18-Z-B	L7		true	
2007	SJ-18-Z-B	L7		true	
2008	SJ-18-Z-B	L7		true	
2009	SJ-18-Z-B	L7		true	
2010	SJ-18-Z-B	L7	LE07_001086_20100505,LE07_001086_20100606,LE07_001086_20100910,LE07_001087_20100129,LE07_001087_20100318,LE07_001087_20100419,LE07_001087_20100910,LE07_233086_20100207,LE07_233086_20100903,LE07_233086_20100919,LE07_233086_20101021,LE07_233086_20101224,LE07_233087_20100514,LE07_233087_20100802,LE07_233087_20101005,LE07_233087_20101021	true	
2011	SJ-18-Z-B	L7	LE07_001086_20110321,LE07_001086_20110625,LE07_001086_20111202,LE07_001087_20110321,LE07_001087_20111218,LE07_233086_20110517,LE07_233086_20110720,LE07_233087_20110125,LE07_233087_20110210,LE07_233087_20110517,LE07_233087_20110704,LE07_233087_20110720,LE07_233087_20110906,LE07_233087_20110922	true	
2012	SJ-18-Z-B	L7		true	
2013	SJ-18-Z-B	L8		true	
2014	SJ-18-Z-B	L8		true	
2015	SJ-18-Z-B	L8		true	
2016	SJ-18-Z-B	L8		true	
2017	SJ-18-Z-B	L8		true	
2018	SJ-18-Z-B	L8		true	
2019	SJ-18-Z-B	L8		true	
2020	SJ-18-Z-B	L8		true	
2021	SJ-18-Z-B	L8		true	
2022	SJ-18-Z-B	L8		true	
2023	SJ-18-Z-B	L9		true	
2024	SJ-18-Z-B	L9		true	
2025	SJ-18-Z-B	L9		true	
1996	SJ-19-Y-A	L5		true	satellite anterior (anómalo): 0
1997	SJ-19-Y-A	L5		true	satellite anterior (anómalo): 0
1998	SJ-19-Y-A	L5		true	satellite anterior (anómalo): 0
1999	SJ-19-Y-A	L5		true	
2000	SJ-19-Y-A	L7		true	
2001	SJ-19-Y-A	L7		true	
2002	SJ-19-Y-A	L7		true	
2003	SJ-19-Y-A	L7		true	
2004	SJ-19-Y-A	L7		true	
2005	SJ-19-Y-A	L7		true	
2006	SJ-19-Y-A	L7		true	
2007	SJ-19-Y-A	L7		true	
2008	SJ-19-Y-A	L7		true	
2009	SJ-19-Y-A	L7		true	
2010	SJ-19-Y-A	L7		true	
2011	SJ-19-Y-A	L7		true	
2012	SJ-19-Y-A	L7		true	
2013	SJ-19-Y-A	L8		true	
2014	SJ-19-Y-A	L8		true	
2015	SJ-19-Y-A	L8		true	
2016	SJ-19-Y-A	L8		true	
2017	SJ-19-Y-A	L8		true	
2018	SJ-19-Y-A	L8		true	
2019	SJ-19-Y-A	L8		true	
2020	SJ-19-Y-A	L8		true	
2021	SJ-19-Y-A	L8		true	
2022	SJ-19-Y-A	L8		true	
2023	SJ-19-Y-A	L9		true	
2024	SJ-19-Y-A	L9		true	
2025	SJ-19-Y-A	L9		true	
1996	SJ-18-Z-C	L5		true	satellite anterior (anómalo): 0
1997	SJ-18-Z-C	L5		true	
1998	SJ-18-Z-C	L5		true	
1999	SJ-18-Z-C	L5	LT05_233088_19991202,LT05_233088_19990828,LT05_233088_19990812,LT05_001088_19990819,LT05_001088_19991006	true	
2000	SJ-18-Z-C	L5		true	
2001	SJ-18-Z-C	L7		true	
2002	SJ-18-Z-C	L7		true	
2003	SJ-18-Z-C	L7		true	
2004	SJ-18-Z-C	L7		true	
2005	SJ-18-Z-C	L7		true	
2006	SJ-18-Z-C	L7		true	
2007	SJ-18-Z-C	L7		true	
2008	SJ-18-Z-C	L7		true	
2009	SJ-18-Z-C	L7		true	
2010	SJ-18-Z-C	L7		true	
2011	SJ-18-Z-C	L7		true	
2012	SJ-18-Z-C	L7		true	
2013	SJ-18-Z-C	L8		true	
2014	SJ-18-Z-C	L8		true	
2015	SJ-18-Z-C	L8		true	
2016	SJ-18-Z-C	L8		true	
2017	SJ-18-Z-C	L8		true	
2018	SJ-18-Z-C	L8		true	
2019	SJ-18-Z-C	L8		true	
2020	SJ-18-Z-C	L8		true	
2021	SJ-18-Z-C	L8		true	
2022	SJ-18-Z-C	L8		true	
2023	SJ-18-Z-C	L9		true	
2024	SJ-18-Z-C	L9		true	
2025	SJ-18-Z-C	L9		true	
1996	SJ-18-Z-D	L5		true	satellite anterior (anómalo): 0
1997	SJ-18-Z-D	L5		true	satellite anterior (anómalo): 0
1998	SJ-18-Z-D	L5	LT05_233088_19981129,LT05_233088_19980910,LT05_233088_19980825,LT05_233088_19980708,LT05_233087_19981129,LT05_233087_19980708,LT05_233087_19980505,LT05_233087_19980302,LT05_001088_19980816,LT05_001088_19980731,LT05_001087_19981003,LT05_001087_19980901,LT05_001087_19980731,LT05_001087_19980309	true	
1999	SJ-18-Z-D	L5		true	
2000	SJ-18-Z-D	L5		true	
2001	SJ-18-Z-D	L7		true	
2002	SJ-18-Z-D	L7		true	
2003	SJ-18-Z-D	L5		true	
2004	SJ-18-Z-D	L7		true	
2005	SJ-18-Z-D	L7		true	
2006	SJ-18-Z-D	L7		true	
2007	SJ-18-Z-D	L7		true	
2008	SJ-18-Z-D	L7		true	
2009	SJ-18-Z-D	L7		true	
2010	SJ-18-Z-D	L7	LE07_233088_20101208,LE07_233088_20101122,LE07_233088_20101021,LE07_233088_20101005,LE07_233088_20100802,LE07_233088_20100530,LE07_233088_20100514,LE07_233088_20100412,LE07_233088_20100327,LE07_233088_20100311,LE07_233088_20100223,LE07_233088_20100106,LE07_233087_20101208,LE07_233087_20101021,LE07_233087_20101005,LE07_233087_20100802,LE07_233087_20100514,LE07_233087_20100412,LE07_233087_20100327,LE07_233087_20100311,LE07_233087_20100223,LE07_233087_20100106,LE07_232088_20101217,LE07_232088_20100523,LE07_232088_20100320,LE07_001087_20101129,LE07_001087_20101113,LE07_001087_20100910,LE07_001087_20100505,LE07_001087_20100419,LE07_001087_20100318	true	
2011	SJ-18-Z-D	L7		true	
2012	SJ-18-Z-D	L7		true	satellite anterior (anómalo): 99
2013	SJ-18-Z-D	L8		true	
2014	SJ-18-Z-D	L8		true	
2015	SJ-18-Z-D	L8		true	
2016	SJ-18-Z-D	L8		true	
2017	SJ-18-Z-D	L8		true	
2018	SJ-18-Z-D	L8		true	
2019	SJ-18-Z-D	L8		true	
2020	SJ-18-Z-D	L8		true	
2021	SJ-18-Z-D	L8		true	
2022	SJ-18-Z-D	L8		true	
2023	SJ-18-Z-D	L8		true	
2024	SJ-18-Z-D	L8		true	
2025	SJ-18-Z-D	L8		true	
1996	SJ-18-Z-A	L5		true	satellite anterior (anómalo): 0
1997	SJ-18-Z-A	L5		true	satellite anterior (anómalo): 0
1998	SJ-18-Z-A	L5		true	
1999	SJ-18-Z-A	L5		true	
2000	SJ-18-Z-A	L7		true	
2001	SJ-18-Z-A	L7		true	
2002	SJ-18-Z-A	L7		true	
2003	SJ-18-Z-A	L7		true	
2004	SJ-18-Z-A	L5		true	
2005	SJ-18-Z-A	L7		true	
2006	SJ-18-Z-A	L7		true	
2007	SJ-18-Z-A	L7		true	
2008	SJ-18-Z-A	L7		true	
2009	SJ-18-Z-A	L7		true	
2010	SJ-18-Z-A	L7		true	
2011	SJ-18-Z-A	L7		true	
2012	SJ-18-Z-A	L7		true	satellite anterior (anómalo): 99
2013	SJ-18-Z-A	L8		true	
2014	SJ-18-Z-A	L8		true	
2015	SJ-18-Z-A	L8		true	
2016	SJ-18-Z-A	L8		true	
2017	SJ-18-Z-A	L8		true	
2018	SJ-18-Z-A	L8		true	
2019	SJ-18-Z-A	L8		true	
2020	SJ-18-Z-A	L8		true	
2021	SJ-18-Z-A	L8		true	
2022	SJ-18-Z-A	L8		true	
2023	SJ-18-Z-A	L9		true	
2024	SJ-18-Z-A	L9		true	
2025	SJ-18-Z-A	L9		true	
1996	SJ-19-Y-C	L5		true	satellite anterior (anómalo): 0
1997	SJ-19-Y-C	L5		true	satellite anterior (anómalo): 0
1998	SJ-19-Y-C	L5		true	
1999	SJ-19-Y-C	L5		true	satellite anterior (anómalo): 77
2000	SJ-19-Y-C	L7		true	
2001	SJ-19-Y-C	L7		true	
2002	SJ-19-Y-C	L7		true	
2003	SJ-19-Y-C	L7		true	
2004	SJ-19-Y-C	L7		true	
2005	SJ-19-Y-C	L7		true	
2006	SJ-19-Y-C	L7		true	
2007	SJ-19-Y-C	L7		true	
2008	SJ-19-Y-C	L7		true	
2009	SJ-19-Y-C	L7		true	
2010	SJ-19-Y-C	L7		true	
2011	SJ-19-Y-C	L7		true	
2012	SJ-19-Y-C	L7	LE07_232087_20120715,LE07_232087_20120613,LE07_232087_20120816,LE07_232088_20120715,LE07_232088_20120917,LE07_233087_20121229	true	
2013	SJ-19-Y-C	L8		true	
2014	SJ-19-Y-C	L8		true	
2015	SJ-19-Y-C	L8		true	
2016	SJ-19-Y-C	L8		true	
2017	SJ-19-Y-C	L8		true	
2018	SJ-19-Y-C	L8		true	
2019	SJ-19-Y-C	L8		true	
2020	SJ-19-Y-C	L8		true	
2021	SJ-19-Y-C	L8		true	
2022	SJ-19-Y-C	L8		true	
2023	SJ-19-Y-C	L9		true	
2024	SJ-19-Y-C	L9		true	
2025	SJ-19-Y-C	L9		true	
1996	SK-18-X-A	L5		true	satellite anterior (anómalo): 0
1997	SK-18-X-A	L5		true	satellite anterior (anómalo): 0
1998	SK-18-X-A	L5		true	
1999	SK-18-X-A	L5		true	
2000	SK-18-X-A	L7		true	
2001	SK-18-X-A	L7		true	
2002	SK-18-X-A	L7		true	
2003	SK-18-X-A	L7		true	
2004	SK-18-X-A	L5		true	
2005	SK-18-X-A	L7		true	
2006	SK-18-X-A	L7		true	
2007	SK-18-X-A	L8		true	
2008	SK-18-X-A	L7		true	
2009	SK-18-X-A	L7		true	
2010	SK-18-X-A	L7		true	
2011	SK-18-X-A	L7		true	
2012	SK-18-X-A	L7		true	
2013	SK-18-X-A	L8		true	
2014	SK-18-X-A	L8		true	
2015	SK-18-X-A	L8		true	
2016	SK-18-X-A	L8		true	
2017	SK-18-X-A	L8		true	
2018	SK-18-X-A	L8		true	
2019	SK-18-X-A	L8		true	
2020	SK-18-X-A	L8		true	
2021	SK-18-X-A	L8		true	
2022	SK-18-X-A	L8		true	
2023	SK-18-X-A	L9		true	
2024	SK-18-X-A	L9		true	
2025	SK-18-X-A	L9		true	
1996	SK-18-X-B	L5		true	satellite anterior (anómalo): 0
1997	SK-18-X-B	L5		true	satellite anterior (anómalo): 0
1998	SK-18-X-B	L5	LT05_233088_19980910,LT05_233088_19980825,LT05_232089_19980412	true	
1999	SK-18-X-B	L5	LT05_233088_19990828,LT05_233088_19990812,LT05_233088_19990524,LT05_232089_19990415,LT05_232089_19990314,LT05_232088_19991125,LT05_232088_19990720,LT05_232088_19990602	true	
2000	SK-18-X-B	L5		true	
2001	SK-18-X-B	L7	LE07_233088_20011215,LE07_233088_20011113,LE07_233088_20011028,LE07_233088_20011012,LE07_233088_20010724,LE07_233088_20010419,LE07_233088_20010403,LE07_233088_20010318,LE07_233088_20010302,LE07_232088_20011021,LE07_232088_20010717,LE07_232088_20010106	true	
2002	SK-18-X-B	L7		true	
2003	SK-18-X-B	L7		true	
2004	SK-18-X-B	L7		true	
2005	SK-18-X-B	L7		true	
2006	SK-18-X-B	L7		true	
2007	SK-18-X-B	L5	LT05_233088_20070615,LT05_233088_20070701,LT05_233088_20070207	true	
2008	SK-18-X-B	L7	LE07_233088_20081218,LE07_233088_20081031,LE07_233088_20080727,LE07_233088_20080625,LE07_233088_20080524,LE07_233088_20080406,LE07_233088_20080305,LE07_233088_20080101	true	
2009	SK-18-X-B	L7	LE07_232088_20090723,LE07_232088_20090808,LE07_232088_20091112,LE07_232088_20090925,LE07_232088_20091011,LE07_232088_20091214,'LE07_232088_20091230,LE07_232088_20090418,LE07_232088_20090605,LE07_232089_20090723,LE07_232089_20091112,LE07_232089_20090909,LE07_232089_20091011,LE07_232089_20091214,LE07_232089_20091230,LE07_233088_20090409,LE07_233088_20090425,LE07_233088_20090511,LE07_233088_20090527,LE07_233088_20090612,'LE07_233088_20090714,'LE07_233088_20090730,LE07_233088_20090831,LE07_233088_20090916,LE07_233088_20091018	true	satellite anterior (anómalo): 99
2010	SK-18-X-B	L7		true	satellite anterior (anómalo): 99/55
2011	SK-18-X-B	L7		true	
2012	SK-18-X-B	L7		true	satellite anterior (anómalo): 99
2013	SK-18-X-B	L8		true	
2014	SK-18-X-B	L8		true	
2015	SK-18-X-B	L8		true	
2016	SK-18-X-B	L8		true	
2017	SK-18-X-B	L8		true	
2018	SK-18-X-B	L8		true	
2019	SK-18-X-B	L8		true	
2020	SK-18-X-B	L8		true	
2021	SK-18-X-B	L8		true	
2022	SK-18-X-B	L8		true	
2023	SK-18-X-B	L9		true	
2024	SK-18-X-B	L9		true	
2025	SK-18-X-B	L9		true	
1996	SK-19-V-A	L5		true	satellite anterior (anómalo): 0
1997	SK-19-V-A	L5		true	satellite anterior (anómalo): 0
1998	SK-19-V-A	L5		true	
1999	SK-19-V-A	L5		true	
2000	SK-19-V-A	L5		true	
2001	SK-19-V-A	L7		true	
2002	SK-19-V-A	L7		true	
2003	SK-19-V-A	L7		true	
2004	SK-19-V-A	L7		true	
2005	SK-19-V-A	L7		true	
2006	SK-19-V-A	L7		true	
2007	SK-19-V-A	L7		true	
2008	SK-19-V-A	L7		true	
2009	SK-19-V-A	L7		true	
2010	SK-19-V-A	L7		true	
2011	SK-19-V-A	L7		true	
2012	SK-19-V-A	L7		true	satellite anterior (anómalo): 99
2013	SK-19-V-A	L8		true	
2014	SK-19-V-A	L8		true	
2015	SK-19-V-A	L8		true	
2016	SK-19-V-A	L8		true	
2017	SK-19-V-A	L8		true	
2018	SK-19-V-A	L8		true	
2019	SK-19-V-A	L8		true	
2020	SK-19-V-A	L8		true	
2021	SK-19-V-A	L8		true	
2022	SK-19-V-A	L8		true	
2023	SK-19-V-A	L8		true	
2024	SK-19-V-A	L9		true	
2025	SK-19-V-A	L8		true	
1996	SK-18-Z-B	L5		true	satellite anterior (anómalo): 0
1997	SK-18-Z-B	L5		true	
1998	SK-18-Z-B	L5	LT05_233090_19980708,LT05_233090_19980825,LT05_233089_19980708,LT05_232090_19981005,LT05_233089_19981129,LT05_233089_19980825	true	
1999	SK-18-Z-B	L5		true	
2000	SK-18-Z-B	L7		true	
2001	SK-18-Z-B	L7		true	
2002	SK-18-Z-B	L7		true	
2003	SK-18-Z-B	L7		true	
2004	SK-18-Z-B	L7		true	
2005	SK-18-Z-B	L7		true	
2006	SK-18-Z-B	L7		true	
2007	SK-18-Z-B	L7		true	
2008	SK-18-Z-B	L7		true	
2009	SK-18-Z-B	L7		true	
2010	SK-18-Z-B	L7		true	
2011	SK-18-Z-B	L7		true	
2012	SK-18-Z-B	L7		true	satellite anterior (anómalo): 99
2013	SK-18-Z-B	L8		true	
2014	SK-18-Z-B	L8		true	
2015	SK-18-Z-B	L8		true	
2016	SK-18-Z-B	L8	LC08_233090_20160709,LC08_233089_20160725,LC08_233089_20160709,LC08_233089_20160404,LC08_233089_20160303,LC08_232090_20160819,LC08_232090_20160803,LC08_232090_20160616,LC08_232089_20160920,LC08_232089_20160803,LC08_232089_20160718,LC08_232089_20160616	true	
2017	SK-18-Z-B	L8		true	
2018	SK-18-Z-B	L8		true	
2019	SK-18-Z-B	L8		true	
2020	SK-18-Z-B	L8	LC08_233090_20200618,LC08_233090_20200602,LC08_233090_20200314,LC08_233089_20200805,LC08_233089_20200618,LC08_232090_20200814,LC08_232090_20200713,LC08_232090_20200611,LC08_232090_20200510,LC08_232090_20200204,LC08_232089_20200814,LC08_232089_20200713,LC08_232089_20200510,LC08_232089_20200424,LC08_232089_20200204	true	
2021	SK-18-Z-B	L8		true	
2022	SK-18-Z-B	L8		true	
2023	SK-18-Z-B	L9		true	
2024	SK-18-Z-B	L8		true	
2025	SK-18-Z-B	L8		true	
1996	SK-19-Y-A	L5		true	satellite anterior (anómalo): 0
1997	SK-19-Y-A	L5		true	
1998	SK-19-Y-A	L5		true	
1999	SK-19-Y-A	L5		true	
2000	SK-19-Y-A	L7		true	
2001	SK-19-Y-A	L7		true	
2002	SK-19-Y-A	L7		true	
2003	SK-19-Y-A	L7		true	
2004	SK-19-Y-A	L7		true	
2005	SK-19-Y-A	L7		true	
2006	SK-19-Y-A	L7		true	
2007	SK-19-Y-A	L7		true	
2008	SK-19-Y-A	L7		true	
2009	SK-19-Y-A	L7		true	
2010	SK-19-Y-A	L7		true	
2011	SK-19-Y-A	L7		true	
2012	SK-19-Y-A	L7		true	satellite anterior (anómalo): 99
2013	SK-19-Y-A	L8		true	
2014	SK-19-Y-A	L8		true	
2015	SK-19-Y-A	L8		true	
2016	SK-19-Y-A	L8		true	
2017	SK-19-Y-A	L8		true	
2018	SK-19-Y-A	L8		true	
2019	SK-19-Y-A	L8		true	
2020	SK-19-Y-A	L8		true	
2021	SK-19-Y-A	L8		true	
2022	SK-19-Y-A	L8		true	
2023	SK-19-Y-A	L9		true	
2024	SK-19-Y-A	L9		true	
2025	SK-19-Y-A	L8		true	
1996	SK-18-Z-C	L5		true	satellite anterior (anómalo): 0
1997	SK-18-Z-C	L5		true	satellite anterior (anómalo): 0
1998	SK-18-Z-C	L5	LT05_233091_19980505,LT05_233090_19980708,LT05_233090_19980825	true	
1999	SK-18-Z-C	L5	LT05_233090_19990828,LT05_233090_19990524	true	
2000	SK-18-Z-C	L7		true	
2001	SK-18-Z-C	L7		true	
2002	SK-18-Z-C	L7		true	
2003	SK-18-Z-C	L7		true	no hay mas imagenes
2004	SK-18-Z-C	L7	LE07_233091_20040918,LE07_233091_20040513,LE07_233091_20040427,LE07_233090_20041207,LE07_233090_20041121,LE07_233090_20040513,LE07_233090_20040326,LE07_233090_20040223,LE07_001090_20041128,LE07_001090_20040808,LE07_001090_20040605,LE07_001090_20040520,LE07_233090_20040427	true	
2005	SK-18-Z-C	L7	LE07_001090_20050131,LE07_001090_20050320,LE07_001090_20050608,LE07_001090_20050710,LE07_233090_20050225,LE07_233090_20050516,LE07_233090_20050703	true	
2006	SK-18-Z-C	L7		true	
2007	SK-18-Z-C	L7	LE07_233090_20070114,LE07_233090_20070420,LE07_233090_20070623,LE07_233090_20070709	true	
2008	SK-18-Z-C	L7		true	
2009	SK-18-Z-C	L7		true	
2010	SK-18-Z-C	L7		true	
2011	SK-18-Z-C	L7		true	
2012	SK-18-Z-C	L7	LE07_001090_20120220,LE07_001090_20120713,LE07_001090_20120729,LE07_233090_20120112,LE07_233090_20120519,LE07_233090_20120604,LE07_233090_20120722,LE07_233090_20120807,LE07_233090_20120823,LE07_233091_20120604,LE07_233091_20120706	true	
2013	SK-18-Z-C	L8		true	
2014	SK-18-Z-C	L8		true	
2015	SK-18-Z-C	L8		true	
2016	SK-18-Z-C	L8		true	
2017	SK-18-Z-C	L8		true	
2018	SK-18-Z-C	L8		true	
2019	SK-18-Z-C	L8		true	
2020	SK-18-Z-C	L8		true	
2021	SK-18-Z-C	L8		true	
2022	SK-18-Z-C	L8		true	
2023	SK-18-Z-C	L8		true	
2024	SK-18-Z-C	L8		true	
2025	SK-18-Z-C	L9		true	
1996	SK-18-Z-D	L5		true	satellite anterior (anómalo): 0
1997	SK-18-Z-D	L5		true	
1998	SK-18-Z-D	L5		true	
1999	SK-18-Z-D	L5		true	
2000	SK-18-Z-D	L5		true	
2001	SK-18-Z-D	L7		true	
2002	SK-18-Z-D	L7	LE07_233090_20020422,LE07_233090_20020609,LE07_233090_20020913,LE07_233090_20021015,LE07_232090_20020704,LE07_232090_20020109,LE07_232090_20020330,LE07_232090_20020906,LE07_232091_20020109,LE07_232091_20020210,LE07_232091_20020226,LE07_232091_20020330,LE07_232091_20020922	true	
2003	SK-18-Z-D	L7		true	
2004	SK-18-Z-D	L7		true	
2005	SK-18-Z-D	L7		true	
2006	SK-18-Z-D	L7		true	
2007	SK-18-Z-D	L7		true	
2008	SK-18-Z-D	L7		true	
2009	SK-18-Z-D	L7		true	
2010	SK-18-Z-D	L7		true	
2011	SK-18-Z-D	L7		true	
2012	SK-18-Z-D	L7		true	satellite anterior (anómalo): 99
2013	SK-18-Z-D	L8		true	
2014	SK-18-Z-D	L8		true	
2015	SK-18-Z-D	L8		true	
2016	SK-18-Z-D	L8		true	
2017	SK-18-Z-D	L8		true	
2018	SK-18-Z-D	L8	LC08_232091_20180724	true	
2019	SK-18-Z-D	L8		true	
2020	SK-18-Z-D	L8		true	
2021	SK-18-Z-D	L8		true	
2022	SK-18-Z-D	L8		true	
2023	SK-18-Z-D	L9		true	
2024	SK-18-Z-D	L9		true	
2025	SK-18-Z-D	L9		true	
1996	SL-18-V-B	L5		false	satellite anterior (anómalo): 0
1997	SL-18-V-B	L5		false	satellite anterior (anómalo): 0
1998	SL-18-V-B	L5		false	
1999	SL-18-V-B	L5		false	
2000	SL-18-V-B	L7		false	
2001	SL-18-V-B	L7		false	
2002	SL-18-V-B	L7	LE07_233091_20021015,LE07_233091_20020609,LE07_233091_20020422	false	
2003	SL-18-V-B	L7	LE07_233091_20031119,LE07_233091_20030511	false	
2004	SL-18-V-B	L7		false	
2005	SL-18-V-B	L7	LE07_233091_20051226,LE07_233091_20050516,LE07_233091_20050225,LE07_233091_20050124	false	
2006	SL-18-V-B	L7		false	
2007	SL-18-V-B	L7	LE07_233091_20071029,LE07_233091_20070911,LE07_233091_20070709,LE07_233091_20070420,LE07_233091_20070215,LE07_233091_20070130	false	
2008	SL-18-V-B	L7		false	
2009	SL-18-V-B	L7		false	
2010	SL-18-V-B	L7		false	
2011	SL-18-V-B	L7		false	
2012	SL-18-V-B	L7		false	satellite anterior (anómalo): 99/55
2013	SL-18-V-B	L7	LE07_233091_20131114,LE07_233091_20130810,LE07_233091_20130725,LE07_233091_20130607,LE07_233091_20130404	false	
2014	SL-18-V-B	L7	LE07_233091_20141219,LE07_233091_20141203,LE07_233091_20140813,LE07_233091_20140728,LE07_233091_20140218,LE07_233091_20140202,LE07_233091_20140101	false	
2015	SL-18-V-B	L8		false	
2016	SL-18-V-B	L8		false	
2017	SL-18-V-B	L8		false	
2018	SL-18-V-B	L8		false	
2019	SL-18-V-B	L8		false	
2020	SL-18-V-B	L8		false	
2021	SL-18-V-B	L8		false	
2022	SL-18-V-B	L8		false	
2023	SL-18-V-B	L9		false	
2024	SL-18-V-B	L8		false	
2025	SL-18-V-B	L9		false	
1996	SK-19-Y-C	L5		true	satellite anterior (anómalo): 0
1997	SK-19-Y-C	L5		true	
1998	SK-19-Y-C	L5		true	
1999	SK-19-Y-C	L5		true	
2000	SK-19-Y-C	L7		true	
2001	SK-19-Y-C	L7		true	
2002	SK-19-Y-C	L7		true	
2003	SK-19-Y-C	L7		true	
2004	SK-19-Y-C	L7		true	
2005	SK-19-Y-C	L5	LT05_232090_20051008,LT05_232090_20050805,LT05_232090_20050618,LT05_232090_20050415,LT05_231091_20050729,LT05_231091_20050526,LT05_231091_20050510,LT05_231090_20050729,LT05_231090_20050713,LT05_231090_20050611,LT05_231090_20050510,LT05_231091_20050830,LT05_231091_20050814,LT05_231091_20051017,LT05_231091_20051102,LT05_231091_20050307,LT05_231090_20050526,LT05_231090_20050814	true	
2006	SK-19-Y-C	L7		true	
2007	SK-19-Y-C	L7		true	
2008	SK-19-Y-C	L7		true	
2009	SK-19-Y-C	L7		true	
2010	SK-19-Y-C	L7		true	
2011	SK-19-Y-C	L7		true	
2012	SK-19-Y-C	L7		true	
2013	SK-19-Y-C	L8	LC08_232091_20130624,LC08_232091_20130608,LC08_232091_20130523,LC08_232090_20131201,LC08_232090_20131030,LC08_232090_20130811,LC08_232090_20130624,LC08_232090_20130523,LC08_232090_20130421,LC08_231091_20130820,LC08_231091_20130703,LC08_231091_20130414,LC08_231090_20130719	true	
2014	SK-19-Y-C	L8		true	
2015	SK-19-Y-C	L8		true	
2016	SK-19-Y-C	L8		true	
2017	SK-19-Y-C	L8		true	
2018	SK-19-Y-C	L8		true	
2019	SK-19-Y-C	L8		true	
2020	SK-19-Y-C	L8		true	
2021	SK-19-Y-C	L8		true	
2022	SK-19-Y-C	L8		true	
2023	SK-19-Y-C	L9		true	
2024	SK-19-Y-C	L8		true	
2025	SK-19-Y-C	L9		true	
1996	SL-18-X-A	L5		true	satellite anterior (anómalo): 0
1997	SL-18-X-A	L5		true	satellite anterior (anómalo): 0
1998	SL-18-X-A	L5		true	
1999	SL-18-X-A	L5		true	
2000	SL-18-X-A	L7		true	
2001	SL-18-X-A	L7	LE07_232091_20010207,LE07_232091_20010530,LE07_232091_20010802,LE07_232091_20010903,LE07_232091_20011021,LE07_232091_20011106,LE07_232091_20011224,LE07_233090_20010521,LE07_233091_20010521,LE07_233091_20010724,LE07_233091_20010910,LE07_233091_20011012,LE07_233091_20011028,LE07_233091_20011129,LE07_233091_20011215	true	
2002	SL-18-X-A	L7	LE07_232091_20020226,LE07_232091_20020330,LE07_232091_20020805,LE07_232091_20020922,LE07_232091_20021109,LE07_233091_20020116,LE07_233091_20020321,LE07_233091_20020422,LE07_233091_20020609,LE07_233091_20021015,LE07_233091_20021218	true	
2003	SL-18-X-A	L7		true	
2004	SL-18-X-A	L7		true	
2005	SL-18-X-A	L7		true	
2006	SL-18-X-A	L7		true	
2007	SL-18-X-A	L7		true	
2008	SL-18-X-A	L7		true	
2009	SL-18-X-A	L7		true	
2010	SL-18-X-A	L7		true	
2011	SL-18-X-A	L7		true	
2012	SL-18-X-A	L7	LE07_232091_20120426,LE07_232091_20120816,LE07_232091_20120917,LE07_233091_20120604,LE07_233091_20120706	true	
2013	SL-18-X-A	L8		true	
2014	SL-18-X-A	L8		true	
2015	SL-18-X-A	L8	LC08_233091_20150520,LC08_233091_20150909	true	
2016	SL-18-X-A	L8	LC08_233091_20160623,LC08_233091_20160709	true	
2017	SL-18-X-A	L8		true	
2018	SL-18-X-A	L8		true	
2019	SL-18-X-A	L8		true	
2020	SL-18-X-A	L8	LC08_233091_20200618	true	
2021	SL-18-X-A	L8		true	
2022	SL-18-X-A	L8		true	
2023	SL-18-X-A	L8		true	
2024	SL-18-X-A	L8	LC08_232091_20240302,LC08_232091_20240521,LC08_232091_20240622,LC08_232091_20240708,LC08_232091_20240910,LC08_232091_20241129,LC08_233091_20240105,LC08_233091_20240121,LC08_233091_20240222,LC08_233091_20240309,LC08_233091_20240426,LC08_233091_20240512,LC08_233091_20241019,LC08_233091_20241104,LC08_233091_20241120,LC08_233091_20241206	true	
2025	SL-18-X-A	L8		true	
1996	SL-18-X-B	L5		true	satellite anterior (anómalo): 0
1997	SL-18-X-B	L5		true	satellite anterior (anómalo): 0
1998	SL-18-X-B	L5	LT05_231091_19980928,LT05_232091_19980428,LT05_232091_19980412	true	
1999	SL-18-X-B	L5	LT05_232091_19991008,LT05_232091_19990720,LT05_232091_19990415	true	
2000	SL-18-X-B	L7		true	
2001	SL-18-X-B	L7		true	
2002	SL-18-X-B	L7		true	
2003	SL-18-X-B	L7	LE07_232091_20031011,LE07_232091_20031112,LE07_232091_20031230	true	
2004	SL-18-X-B	L7		true	
2005	SL-18-X-B	L7	LE07_232091_20051219,LE07_232091_20050930,LE07_232091_20050525,LE07_232091_20050117,LE07_232091_20050322,LE07_231091_20050923,LE07_231091_20051009,LE07_232091_20050423	true	
2006	SL-18-X-B	L7		true	
2007	SL-18-X-B	L7		true	
2008	SL-18-X-B	L7		true	
2009	SL-18-X-B	L7		true	
2010	SL-18-X-B	L7		true	
2011	SL-18-X-B	L7		true	
2012	SL-18-X-B	L7		true	
2013	SL-18-X-B	L8		true	
2014	SL-18-X-B	L8		true	
2015	SL-18-X-B	L8		true	
2016	SL-18-X-B	L8		true	
2017	SL-18-X-B	L8		true	
2018	SL-18-X-B	L8		true	
2019	SL-18-X-B	L8	LC08_232091_20191015,LC08_232091_20190828,LC08_232091_20190812,LC08_232091_20190609,LC08_232091_20190524,LC08_232091_20190422,LC08_232091_20190201,LC08_231091_20190922,LC08_231091_20190720,LC08_231091_20190704,LC08_232091_20190727	true	
2020	SL-18-X-B	L8		true	
2021	SL-18-X-B	L8		true	
2022	SL-18-X-B	L8		true	
2023	SL-18-X-B	L9		true	
2024	SL-18-X-B	L8		true	
2025	SL-18-X-B	L9		true	
1996	SL-19-V-A	L5		true	satellite anterior (anómalo): 0
1997	SL-19-V-A	L5		true	
1998	SL-19-V-A	L5		true	
1999	SL-19-V-A	L5		true	
2000	SL-19-V-A	L5		true	
2001	SL-19-V-A	L7		true	
2002	SL-19-V-A	L7		true	
2003	SL-19-V-A	L7		true	
2004	SL-19-V-A	L5		true	
2005	SL-19-V-A	L7		true	
2006	SL-19-V-A	L7		true	
2007	SL-19-V-A	L7		true	
2008	SL-19-V-A	L7		true	
2009	SL-19-V-A	L7	LE07_231091_20090529,LE07_231091_20090427,LE07_231091_20090411,LE07_231091_20090226,LE07_231091_20090121	true	
2010	SL-19-V-A	L7		true	
2011	SL-19-V-A	L7		true	
2012	SL-19-V-A	L7		true	satellite anterior (anómalo): 99
2013	SL-19-V-A	L7	LE07_231091_20130711,LE07_231091_20130609,LE07_231091_20130524	true	
2014	SL-19-V-A	L8		true	
2015	SL-19-V-A	L8		true	
2016	SL-19-V-A	L8		true	
2017	SL-19-V-A	L8		true	
2018	SL-19-V-A	L8		true	
2019	SL-19-V-A	L8		true	
2020	SL-19-V-A	L8		true	
2021	SL-19-V-A	L8		true	
2022	SL-19-V-A	L8		true	
2023	SL-19-V-A	L8		true	
2024	SL-19-V-A	L8		true	
2025	SL-19-V-A	L8		true	
1996	SL-18-Y-B	L5		true	satellite anterior (anómalo): 0
1997	SL-18-Y-B	L5		true	satellite anterior (anómalo): 0
1998	SL-18-Y-B	L5	LT05_233093_19981028,LT05_233093_19980910,LT05_233093_19980505,LT05_233092_19980505,LT05_001092_19980816	true	
1999	SL-18-Y-B	L5		true	
2000	SL-18-Y-B	L7	LE07_233093_20000907,LE07_233092_20001110,LE07_233092_20000721,LE07_233092_20000315,LE07_001092_20001219	true	
2001	SL-18-Y-B	L5	LT05_233093_20011105,LT05_233093_20011207,LT05_233093_20010902,LT05_233093_20010801,LT05_233093_20010513,LT05_233093_20010427,LT05_233093_20010310,LT05_233092_20011105,LT05_233092_20010902,LT05_233092_20010513,LT05_233092_20010427,LT05_233092_20010310	true	
2002	SL-18-Y-B	L7	LE07_233092_20021218,LE07_233092_20021015,LE07_233092_20020321,LE07_233093_20020422,LE07_233092_20020422	true	
2003	SL-18-Y-B	L7		true	satellite anterior (anómalo): 99
2004	SL-18-Y-B	L7		true	
2005	SL-18-Y-B	L7		true	satellite anterior (anómalo): 66
2006	SL-18-Y-B	L7		true	
2007	SL-18-Y-B	L7		true	
2008	SL-18-Y-B	L7		true	
2009	SL-18-Y-B	L7		true	
2010	SL-18-Y-B	L7		true	
2011	SL-18-Y-B	L7		true	
2012	SL-18-Y-B	L7		true	satellite anterior (anómalo): 99
2013	SL-18-Y-B	L8		true	
2014	SL-18-Y-B	L8		true	
2015	SL-18-Y-B	L8		true	
2016	SL-18-Y-B	L8		true	
2017	SL-18-Y-B	L8		true	
2018	SL-18-Y-B	L8	LC08_233093_20180512,LC08_233093_20180426,LC08_233093_20180410,LC08_233093_20180309,LC08_233093_20180120,LC08_233092_20180715,LC08_233092_20180426,LC08_233092_20180120,LC08_001092_20180823,LC08_233092_20181019	true	
2019	SL-18-Y-B	L8		true	
2020	SL-18-Y-B	L8		true	
2021	SL-18-Y-B	L8	LC08_233093_20211112,LC08_233093_20210808,LC08_233093_20210723,LC08_233093_20210504,LC08_233093_20210301,LC08_233092_20211112,LC08_233092_20211011,LC08_233092_20210723,LC08_233092_20210504,LC08_233092_20210301,LC08_001092_20210730	true	
2022	SL-18-Y-B	L8		true	
2023	SL-18-Y-B	L8	LC08_233093_20230830,LC08_233093_20230526,LC08_233092_20230713,LC08_233092_20230830,LC08_233092_20230526,LC08_001092_20230517,LC08_001092_20230501,LC08_233092_20231220	true	
2024	SL-18-Y-B	L8	LC08_233093_20240816,LC08_233093_20240426,LC08_233092_20240816,LC08_233092_20240426,LC08_001092_20240519	true	
2025	SL-18-Y-B	L9		true	
1996	SL-18-Z-A	L5		true	satellite anterior (anómalo): 0
1997	SL-18-Z-A	L5	LT05_232093_19970204	true	
1998	SL-18-Z-A	L5	LT05_233093_19980505,LT05_233092_19980505,LT05_232093_19981005,LT05_232093_19980428,LT05_232093_19980412,LT05_232092_19980428	true	
1999	SL-18-Z-A	L5		true	
2000	SL-18-Z-A	L5		true	
2001	SL-18-Z-A	L7	LE07_232092_20010428,LE07_232092_20010530,LE07_232092_20010802,LE07_232092_20010903,LE07_232093_20010428,LE07_232093_20010802,LE07_232093_20010818,LE07_232093_20010903,LE07_233092_20010521,LE07_233092_20010724,LE07_233093_20010521	true	
2002	SL-18-Z-A	L7		true	
2003	SL-18-Z-A	L7	LE07_232092_20030402,LE07_232092_20030504,LE07_232093_20030504,LE07_232093_20030824,LE07_233092_20030425,LE07_233092_20030527,LE07_233093_20030425	true	
2004	SL-18-Z-A	L7		true	
2005	SL-18-Z-A	L7		true	
2006	SL-18-Z-A	L5	LT05_233093_20060831,LT05_233092_20061103,LT05_232093_20060824,LT05_232093_20060520,LT05_232093_20060402,LT05_232093_20060213,LT05_232092_20060909,LT05_232092_20060520,LT05_232092_20060402,LT05_232092_20060301,LT05_232093_20060504	true	
2007	SL-18-Z-A	L7		true	
2008	SL-18-Z-A	L7		true	
2009	SL-18-Z-A	L7		true	
2010	SL-18-Z-A	L7		true	
2011	SL-18-Z-A	L7		true	
2012	SL-18-Z-A	L7		true	satellite anterior (anómalo): 99
2013	SL-18-Z-A	L8		true	
2014	SL-18-Z-A	L8		true	
2015	SL-18-Z-A	L8		true	
2016	SL-18-Z-A	L8		true	
2017	SL-18-Z-A	L8		true	
2018	SL-18-Z-A	L8		true	
2019	SL-18-Z-A	L8		true	
2020	SL-18-Z-A	L8		true	
2021	SL-18-Z-A	L8		true	
2022	SL-18-Z-A	L8		true	
2023	SL-18-Z-A	L8		true	
2024	SL-18-Z-A	L8		true	
2025	SL-18-Z-A	L8		true	
1996	SL-18-Z-B	L5		true	satellite anterior (anómalo): 0
1997	SL-18-Z-B	L5		true	
1998	SL-18-Z-B	L5	LT05_231092_19980928,LT05_232093_19980412	true	
1999	SL-18-Z-B	L5		true	
2000	SL-18-Z-B	L7		true	
2001	SL-18-Z-B	L7		true	
2002	SL-18-Z-B	L7		true	
2003	SL-18-Z-B	L7		true	
2004	SL-18-Z-B	L7		true	
2005	SL-18-Z-B	L7		true	
2006	SL-18-Z-B	L7		true	
2007	SL-18-Z-B	L7		true	
2008	SL-18-Z-B	L7		true	
2009	SL-18-Z-B	L7		true	
2010	SL-18-Z-B	L7		true	
2011	SL-18-Z-B	L7		true	
2012	SL-18-Z-B	L7	LE07_231092_20120130,LE07_231092_20120521,LE07_231092_20120910,LE07_231093_20120215,LE07_231093_20120521,LE07_231093_20120724,LE07_231093_20121129,LE07_232092_20120528,LE07_232093_20120426	true	
2013	SL-18-Z-B	L8		true	
2014	SL-18-Z-B	L8		true	
2015	SL-18-Z-B	L8		true	
2016	SL-18-Z-B	L8		true	
2017	SL-18-Z-B	L8		true	
2018	SL-18-Z-B	L8		true	
2019	SL-18-Z-B	L8		true	
2020	SL-18-Z-B	L8		true	
2021	SL-18-Z-B	L8		true	
2022	SL-18-Z-B	L8		true	
2023	SL-18-Z-B	L9		true	
2024	SL-18-Z-B	L9		true	
2025	SL-18-Z-B	L9		true	
1996	SL-19-Y-A	L5		true	satellite anterior (anómalo): 0
1997	SL-19-Y-A	L5		true	
1998	SL-19-Y-A	L5	LT05_231093_19991017,LT05_231093_19991001,LT05_231093_19990915,LT05_231092_19990915,LT05_231092_19990814,LT05_231092_19991017,LT05_231092_19990118,LT05_230093_19991010,LT05_230092_19990908	true	
1999	SL-19-Y-A	L5		true	
2000	SL-19-Y-A	L7		true	
2001	SL-19-Y-A	L5		true	
2002	SL-19-Y-A	L7		true	
2003	SL-19-Y-A	L7		true	
2004	SL-19-Y-A	L7	LE07_231093_20041123,LE07_231093_20041107,LE07_231093_20041022,LE07_231093_20040904,LE07_231093_20040819,LE07_231093_20040429,LE07_231093_20040413,LE07_231093_20040124,LE07_231092_20040904,LE07_231092_20040819,LE07_231092_20040429,LE07_231092_20040312,LE07_231092_20040108,LE07_230093_20040828	true	
2005	SL-19-Y-A	L7		true	
2006	SL-19-Y-A	L7		true	
2007	SL-19-Y-A	L7		true	
2008	SL-19-Y-A	L7		true	
2009	SL-19-Y-A	L7		true	
2010	SL-19-Y-A	L7		true	
2011	SL-19-Y-A	L7		true	
2012	SL-19-Y-A	L7	LE07_230092_20120514,LE07_230092_20120530,LE07_230092_20120802,LE07_230092_20120903,LE07_230092_20120919,LE07_230093_20120428,LE07_230093_20120802,LE07_230093_20120903,LE07_230093_20120919,LE07_231092_20120130,LE07_231092_20120521,LE07_231092_20120825,LE07_231092_20120910,LE07_231092_20121012,LE07_231093_20120215,LE07_231093_20120521,LE07_231093_20120825,LE07_231093_20120926,LE07_231093_20121012,LE07_231093_20121028,LE07_231093_20121113	true	
2013	SL-19-Y-A	L8		true	
2014	SL-19-Y-A	L8		true	
2015	SL-19-Y-A	L8	LC08_231093_20151029,LC08_231093_20151013,LC08_231093_20150927,LC08_231093_20150911,LC08_231093_20150810,LC08_231093_20150522,LC08_231093_20150404,LC08_231092_20151114,LC08_231092_20151029,LC08_231092_20151013,LC08_231092_20150927,LC08_231092_20150911,LC08_231092_20150810,LC08_231092_20150725,LC08_231092_20150607,LC08_231092_20150522,LC08_231092_20150404,LC08_230093_20151022,LC08_230093_20151006,LC08_230093_20150920,LC08_230093_20150819,LC08_230093_20150803,LC08_230093_20150515,LC08_230093_20150413,LC08_230093_20150208	true	
2016	SL-19-Y-A	L8		true	
2017	SL-19-Y-A	L8		true	
2018	SL-19-Y-A	L8		true	
2019	SL-19-Y-A	L8		true	
2020	SL-19-Y-A	L8	LC08_231093_20201229,LC08_231093_20201213,LC08_231093_2020102,LC08_231093_20201010,LC08_231093_20200924,LC08_231093_20200908,LC08_231093_20200722,LC08_231093_20200519,LC08_231093_20200213,LC08_231092_20201026,LC08_231092_20201010,LC08_231092_20200924,LC08_231092_20200807,LC08_231092_20200722,LC08_231092_20200519,LC08_231092_20200213,LC08_230093_20201003,LC08_230093_20200917,LC08_230093_20200901,LC08_230093_20200816,LC08_230093_20200512	true	
2021	SL-19-Y-A	L8		true	
2022	SL-19-Y-A	L8	LC08_231093_20221016,LC08_231093_20220930,LC08_231093_20220728,LC08_231093_20220525,LC08_231093_20220423,LC08_231093_20220407,LC08_231092_20220407,LC08_231093_20220829,LC08_231092_20220525	true	
2023	SL-19-Y-A	L9	LC09_230093_20230918,LC09_230093_20231004,LC09_230093_20231020,LC09_230093_20231105,LC09_231092_20230128,LC09_231092_20230723,LC09_231092_20230808,LC09_231092_20230824,LC09_231092_20230925,LC09_231092_20231011,LC09_231092_20231027,LC09_231092_20231112,LC09_231093_20230723,LC09_231093_20230808,LC09_231093_20230824,LC09_231093_20230925,LC09_231093_20231011,LC09_231093_20231027,LC09_231093_20231112	true	
2024	SL-19-Y-A	L9		true	
2025	SL-19-Y-A	L8		true	
1996	SL-18-Y-D	L5		true	satellite anterior (anómalo): 0
1997	SL-18-Y-D	L5		true	Vacía
1998	SL-18-Y-D	L5	LT05_233093_19980505	true	
1999	SL-18-Y-D	L5		true	
2000	SL-18-Y-D	L7	LE07_233093_20000518,LE07_233093_20000907	true	
2001	SL-18-Y-D	L5		true	
2002	SL-18-Y-D	L7		true	
2003	SL-18-Y-D	L7		true	
2004	SL-18-Y-D	L7		true	satellite anterior (anómalo): 77
2005	SL-18-Y-D	L7	LE07_233093_20051108,LE07_233093_20050804	true	
2006	SL-18-Y-D	L7		true	
2007	SL-18-Y-D	L7		true	
2008	SL-18-Y-D	L7		true	
2009	SL-18-Y-D	L7		true	
2010	SL-18-Y-D	L7		true	
2011	SL-18-Y-D	L7		true	
2012	SL-18-Y-D	L7		true	satellite anterior (anómalo): 99
2013	SL-18-Y-D	L8		true	
2014	SL-18-Y-D	L8		true	
2015	SL-18-Y-D	L8	LC08_233093_20150504	true	
2016	SL-18-Y-D	L8		true	
2017	SL-18-Y-D	L8		true	
2018	SL-18-Y-D	L8	LC08_233093_20181206,LC08_233093_20180426	true	
2019	SL-18-Y-D	L8		true	
2020	SL-18-Y-D	L7	LE07_233093_20200509,LE07_233093_20200306	true	
2021	SL-18-Y-D	L8		true	
2022	SL-18-Y-D	L8		true	
2023	SL-18-Y-D	L9		true	
2024	SL-18-Y-D	L8		true	
2025	SL-18-Y-D	L9		true	
1996	SL-18-Z-C	L5		true	satellite anterior (anómalo): 0
1997	SL-18-Z-C	L5		true	
1998	SL-18-Z-C	L9	LT05_233093_19980505,LT05_232094_19980428,LT05_232094_19980412,LT05_232093_19981005,LT05_232093_19980412,LT05_232093_19980919,LT05_232093_19980428	true	
1999	SL-18-Z-C	L5		true	
2000	SL-18-Z-C	L5		true	
2001	SL-18-Z-C	L7	LE07_233093_20011215,LE07_233093_20010521,LE07_232094_20010903,LE07_232094_20010818,LE07_232094_20010802,LE07_232094_20010311,LE07_232093_20010818,LE07_232093_20010802,LE07_232093_20010428	true	
2002	SL-18-Z-C	L7		true	
2003	SL-18-Z-C	L7		true	
2004	SL-18-Z-C	L7		true	
2005	SL-18-Z-C	L7		true	
2006	SL-18-Z-C	L7	LE07_233093_20061213,LE07_233093_20060228,LE07_232094_20060104,LE07_232093_20060901,LE07_232093_20060816,LE07_232093_20060426,LE07_232093_20060325,LE07_232093_20060104	true	
2007	SL-18-Z-C	L5	LT05_233093_20070818,LT05_232093_20070928	true	
2008	SL-18-Z-C	L7		true	
2009	SL-18-Z-C	L5	LT05_232094_20091206	true	
2010	SL-18-Z-C	L7	LE07_233093_20101021,LE07_233093_20100412,LE07_233093_20100106,LE07_232094_20100811,LE07_232094_20100421,LE07_232093_20101217,LE07_232093_20101115,LE07_232093_20100811,LE07_232093_20100507,LE07_232093_20100405,LE07_232093_20101014	true	
2011	SL-18-Z-C	L7	LE07_233093_20111109,LE07_233093_20110821,LE07_233093_20110805,LE07_233093_20110501,LE07_233093_20110330,LE07_232094_20110830,LE07_232094_20110424,LE07_232094_20110102,LE07_232093_20111102,LE07_232093_20110830,LE07_232093_20110814,LE07_232093_20110424,LE07_232093_20110408,LE07_232093_20110203	true	
2012	SL-18-Z-C	L7		true	satellite anterior (anómalo): 99
2013	SL-18-Z-C	L8		true	
2014	SL-18-Z-C	L8		true	
2015	SL-18-Z-C	L8		true	
2016	SL-18-Z-C	L8		true	
2017	SL-18-Z-C	L8		true	
2018	SL-18-Z-C	L8		true	
2019	SL-18-Z-C	L8		true	
2020	SL-18-Z-C	L8	LC08_233093_20201125,LC08_233093_20200126,LC08_232094_20201204,LC08_232094_20201001,LC08_232094_20200729,LC08_232094_20200424,LC08_232094_20200204,LC08_232093_20201204,LC08_232093_20200915,LC08_232093_20200830,LC08_232093_20200729,LC08_232093_20200526,LC08_232093_20200510,LC08_232093_20200408,LC08_232093_20200204	true	
2021	SL-18-Z-C	L8		true	
2022	SL-18-Z-C	L8		true	
2023	SL-18-Z-C	L9		true	
2024	SL-18-Z-C	L9	LC09_233093_20240301,LC09_232094_20240817,LC09_232093_20241207,LC09_232093_20240918	true	
2025	SL-18-Z-C	L9		true	
1996	SL-18-Z-D	L5		true	satellite anterior (anómalo): 0
1997	SL-18-Z-D	L5	LT05_231093_19970213,LT05_231093_19970128	true	
1998	SL-18-Z-D	L5	LT05_232093_19980428,LT05_232093_19981005,LT05_231094_19980320,LT05_231093_19980928	true	
1999	SL-18-Z-D	L5	LT05_231094_19990915,LT05_231094_19990814,LT05_231093_19991118,LT05_231093_19991017,LT05_231093_19990915,LT05_231093_19990307,LT05_231093_19991001	true	
2000	SL-18-Z-D	L7		true	
2001	SL-18-Z-D	L7		true	
2002	SL-18-Z-D	L7		true	
2003	SL-18-Z-D	L7		true	
2004	SL-18-Z-D	L5		true	
2005	SL-18-Z-D	L7		true	
2006	SL-18-Z-D	L7		true	
2007	SL-18-Z-D	L7		true	
2008	SL-18-Z-D	L7		true	
2009	SL-18-Z-D	L7		true	
2010	SL-18-Z-D	L7		true	
2011	SL-18-Z-D	L7		true	
2012	SL-18-Z-D	L7		true	satellite anterior (anómalo): 99
2013	SL-18-Z-D	L8		true	
2014	SL-18-Z-D	L8		true	
2015	SL-18-Z-D	L8		true	
2016	SL-18-Z-D	L8		true	
2017	SL-18-Z-D	L8		true	
2018	SL-18-Z-D	L8		true	
2019	SL-18-Z-D	L8		true	
2020	SL-18-Z-D	L8		true	
2021	SL-18-Z-D	L8		true	
2022	SL-18-Z-D	L8		true	
2023	SL-18-Z-D	L9		true	
2024	SL-18-Z-D	L9		true	
2025	SL-18-Z-D	L8		true	
1996	SL-19-Y-C	L5		true	Vacía
1997	SL-19-Y-C	L5		true	
1998	SL-19-Y-C	L5	LT05_231093_19980912	true	
1999	SL-19-Y-C	L5	LT05_231093_19990915	true	
2000	SL-19-Y-C	L7		true	
2001	SL-19-Y-C	L7		true	
2002	SL-19-Y-C	L7	LE07_231093_20020323,LE07_231093_20020408,LE07_231093_20020424,LE07_231093_20020510,LE07_231093_20020729,LE07_231093_20020814,LE07_231093_20020830,LE07_231093_20020915,LE07_231093_20021001,LE07_231093_20021017,LE07_231093_20021102,LE07_231093_20021118,LE07_231093_20021204,LE07_231093_20021220,LE07_230093_20020127,LE07_230093_20020316,LE07_230093_20020417,LE07_230093_20020503,LE07_230093_20020519,LE07_230093_20020807,LE07_230093_20020908,LE07_230093_20020924,LE07_230093_20021010,LE07_230093_20021026,LE07_230093_20021111,LE07_231093_20020307,LE07_231093_20020219,LE07_231093_20020203,LE07_231093_20020102,LE07_233092_20030511,LE07_233092_20030425	true	
2003	SL-19-Y-C	L7		true	
2004	SL-19-Y-C	L7		true	
2005	SL-19-Y-C	L7		true	
2006	SL-19-Y-C	L7		true	
2007	SL-19-Y-C	L7	LE07_231093_20070508,LE07_231093_20071116	true	
2008	SL-19-Y-C	L7		true	
2009	SL-19-Y-C	L7		true	
2010	SL-19-Y-C	L7		true	
2011	SL-19-Y-C	L7		true	
2012	SL-19-Y-C	L7		true	satellite anterior (anómalo): 99
2013	SL-19-Y-C	L8		true	satellite anterior (anómalo): 77
2014	SL-19-Y-C	L8		true	satellite anterior (anómalo): 77
2015	SL-19-Y-C	L8		true	
2016	SL-19-Y-C	L8		true	
2017	SL-19-Y-C	L8		true	
2018	SL-19-Y-C	L8		true	
2019	SL-19-Y-C	L8		true	satellite anterior (anómalo): 77
2020	SL-19-Y-C	L8		true	
2021	SL-19-Y-C	L8		true	
2022	SL-19-Y-C	L8		true	satellite anterior (anómalo): 77
2023	SL-19-Y-C	L8	LC08_230093_20230113,LC08_230093_20230214,LC08_230093_20230302,LC08_230093_20230403,LC08_230093_20230419,LC08_230093_20230521,LC08_230093_20230809,LC08_230093_20230825,LC08_230093_20230910,LC08_230093_20231012,LC08_230093_20231028,LC08_230093_20231113,LC08_230093_20231129,LC08_230093_20231215,LC08_230094_20230302,LC08_230094_20230910,LC08_230094_20231129,LC08_231093_20230104,LC08_231093_20230120,LC08_231093_20230205,LC08_231093_20230221,LC08_231093_20230309,LC08_231093_20230410,LC08_231093_20230426,LC08_231093_20230512,LC08_231093_20230731,LC08_231093_20230917,LC08_231093_20231003,LC08_231093_20231019,LC08_231093_20231206	true	
2024	SL-19-Y-C	L9		true	
2025	SL-19-Y-C	L8		true	
1996	SM-18-X-C	L5		true	satellite anterior (anómalo): 0
1997	SM-18-X-C	L5		true	
1998	SM-18-X-C	L5		true	
1999	SM-18-X-C	L5	LT05_231095_19991220,LT05_232094_19990821,LT05_232095_19990906	true	
2000	SM-18-X-C	L7		true	
2001	SM-18-X-C	L7		true	
2002	SM-18-X-C	L7		true	
2003	SM-18-X-C	L7		true	
2004	SM-18-X-C	L7		true	no hay más imágenes
2005	SM-18-X-C	L7	LE07_231095_20050502,LE07_232094_20050218,LE07_232094_20051016,LE07_232095_20050829	true	
2006	SM-18-X-C	L7	LE07_231095_20060825,LE07_232094_20060120,LE07_232095_20060816	true	
2007	SM-18-X-C	L7		true	BLACK LIST: no hay más imágenes
2008	SM-18-X-C	L7	LE07_231095_20080814,LE07_232094_20080805,LE07_232094_20081024	true	
2009	SM-18-X-C	L7		true	no hay más imágenes
2010	SM-18-X-C	L7	LE07_232094_20100304,LE07_232094_20100421,LE07_232094_20100811,LE07_232095_20100304,LE07_232095_20100811	true	
2011	SM-18-X-C	L7	LE07_231094_20110807,LE07_231095_20110503,LE07_231095_20110807,LE07_231095_20110823,LE07_231095_20110908,LE07_231095_20111010	true	
2012	SM-18-X-C	L7	LE07_231094_20120926,LE07_231095_20120318,LE07_231095_20120825,LE07_232094_20120426,LE07_232094_20120816,LE07_232094_20121104,LE07_232095_20120426,LE07_232095_20120816	true	
2013	SM-18-X-C	L8		true	
2014	SM-18-X-C	L8		true	
2015	SM-18-X-C	L8	LC08_232094_20150513,LC08_232094_20150801,LC08_232094_20150817,LC08_232095_20150817	true	
2016	SM-18-X-C	L8		true	
2017	SM-18-X-C	L8		true	
2018	SM-18-X-C	L8	LC08_231094_20180428,LC08_231094_20180818,LC08_231094_20181005,LC08_231095_20180428,LC08_231095_20180818,LC08_231095_20180919,LC08_232094_20180505,LC08_232095_20180419,LC08_232095_20180809,LC08_232095_20180505	true	
2019	SM-18-X-C	L8		true	
2020	SM-18-X-C	L8	LC08_231094_20200401,LC08_231094_20200908,LC08_231094_20201026,LC08_231095_20200401,LC08_231095_20200807,LC08_231095_20200823,LC08_231095_20200924,LC08_232094_20200424,LC08_232094_20200729,LC08_232094_20200915,LC08_232094_20201001,LC08_232094_20201118,LC08_232094_20201204,LC08_232095_20200915	true	
2021	SM-18-X-C	L8	LC08_231094_20210114,LC08_231094_20210420,LC08_231094_20210506,LC08_231094_20210810,LC08_231094_20210826,LC08_231094_20211114,LC08_231094_20211130,LC08_231095_20210506,LC08_231095_20210810,LC08_231095_20210826,LC08_231095_20211130,LC08_232094_20210105,LC08_232094_20210310,LC08_232094_20210427,LC08_232094_20210513,LC08_232094_20210902,LC08_232095_20210513,LC08_232095_20210902	true	
2022	SM-18-X-C	L8	LC08_231094_20220306,LC08_231094_20220914,LC08_231094_20220930,LC08_231095_20220101,LC08_231095_20220509,LC08_231095_20220914,LC08_231095_20220930,LC08_232094_20220516,LC08_232094_20220804,LC08_232094_20220820,LC08_232094_20220921,LC08_232094_20221007,LC08_232095_20220921	true	
2023	SM-18-X-C	L9		true	
2024	SM-18-X-C	L9		true	
2025	SM-18-X-C	L9		true	
1996	SM-18-X-D	L5		true	satellite anterior (anómalo): 0
1997	SM-18-X-D	L5		true	
1998	SM-18-X-D	L5		true	
1999	SM-18-X-D	L5		true	
2000	SM-18-X-D	L7		true	
2001	SM-18-X-D	L7		true	
2002	SM-18-X-D	L7		true	
2003	SM-18-X-D	L5		true	
2004	SM-18-X-D	L5		true	
2005	SM-18-X-D	L7		true	
2006	SM-18-X-D	L5		true	
2007	SM-18-X-D	L7	LE07_231094_20070422,LE07_231094_20070406,LE07_231094_20071202,LE07_231094_20070828,LE07_230095_20071211	true	
2008	SM-18-X-D	L7	LE07_230095_20081127	true	
2009	SM-18-X-D	L7		true	
2010	SM-18-X-D	L7		true	satellite anterior (anómalo): 99
2011	SM-18-X-D	L7		true	
2012	SM-18-X-D	L7		true	satellite anterior (anómalo): 99
2013	SM-18-X-D	L7	LE07_231095_20130508	true	
2014	SM-18-X-D	L8		true	
2015	SM-18-X-D	L8		true	
2016	SM-18-X-D	L8		true	
2017	SM-18-X-D	L8		true	
2018	SM-18-X-D	L8		true	
2019	SM-18-X-D	L8		true	
2020	SM-18-X-D	L8		true	
2021	SM-18-X-D	L8		true	
2022	SM-18-X-D	L8		true	
2023	SM-18-X-D	L8		true	
2024	SM-18-X-D	L9		true	
2025	SM-18-X-D	L8		true	
1996	SM-18-Y-B	L5		true	satellite anterior (anómalo): 0
1997	SM-18-Y-B	L5		true	
1998	SM-18-Y-B	L5		true	
1999	SM-18-Y-B	L5	LT05_233095_19990812,LT05_232095_19991008,LT05_232095_19990906,LT05_232095_19990821,LT05_233095_19990828	true	
2000	SM-18-Y-B	L7		true	La remplazaría por otro año | satellite anterior (anómalo): 55/77/55
2001	SM-18-Y-B	L7	LE07_233095_20010302,LE07_232095_20010903	true	
2002	SM-18-Y-B	L7	LE07_232095_20020501	true	
2003	SM-18-Y-B	L7		true	
2004	SM-18-Y-B	L5		true	
2005	SM-18-Y-B	L7	LE07_232096_20050829,LE07_232095_20051016,LE07_232095_20050914,LE07_232095_20050829	true	
2006	SM-18-Y-B	L7	LE07_233095_20060503,LE07_232095_20060816,LE07_232095_20060325	true	
2007	SM-18-Y-B	L8	LE07_232096_20070429,LE07_232095_20071225,LE07_232095_20071006,LE07_232095_20070429	true	
2008	SM-18-Y-B	L7		true	
2009	SM-18-Y-B	L7		true	
2010	SM-18-Y-B	L7		true	
2011	SM-18-Y-B	L7		true	vacío
2012	SM-18-Y-B	L7	LE07_232095_20120901,LE07_232095_20120816,LE07_232095_20120426,LE07_232095_20120222	true	
2013	SM-18-Y-B	L7	LE07_232095_20131022,LE07_232095_20130920,LE07_232095_20130429,LE07_232095_20130328	true	
2014	SM-18-Y-B	L7	LC08_233095_20140330,LC08_232095_20141017,LC08_232095_20140830,LC08_232095_20140510,LC08_232095_20140102	true	
2015	SM-18-Y-B	L8	LC08_232095_20150411,LC08_232095_20150817	true	
2016	SM-18-Y-B	L8		true	
2017	SM-18-Y-B	L8		true	
2018	SM-18-Y-B	L8	LC08_233095_20180426,LC08_233095_20180410,LC08_233095_20180309,LC08_232096_20180505,LC08_232096_20180419,LC08_232095_20180809,LC08_232095_20180505,LC08_232095_20180419	true	
2019	SM-18-Y-B	L8	LC08_233095_20190413,LC08_233095_20190429,LC08_232096_20190828,LC08_232096_20190508,LC08_232095_20190828,LC08_232095_20190812,LC08_232095_20190508,LC08_232095_20190116	true	
2020	SM-18-Y-B	L8	LC08_232095_20200408,LC08_232095_20200220	true	
2021	SM-18-Y-B	L8	LC08_232095_20210902,LC08_232095_20210513	true	
2022	SM-18-Y-B	L9	LC09_233095_20220328,LC09_233095_20220224,LC09_232095_20221015,LC09_232095_20220812	true	
2023	SM-18-Y-B	L9		true	
2024	SM-18-Y-B	L9	LC09_233095_20240504,LC09_232096_20240310,LC09_232095_20240918,LC09_232095_20240513,LC09_232095_20240411,LC09_232095_20240310	true	
2025	SM-18-Y-B	L9	LC09_232095_20251108,LC09_232095_20250108	true	
1996	SM-18-Z-A	L5		true	satellite anterior (anómalo): 0
1997	SM-18-Z-A	L5		true	
1998	SM-18-Z-A	L5	LT05_232095_19981122,LT05_231096_19980912,LT05_231095_19981014,LT05_231095_19980912	true	
1999	SM-18-Z-A	L5	LT05_232095_19990906,LT05_232095_19990821,LT05_231096_19990915,LT05_231095_19991001	true	
2000	SM-18-Z-A	L7	LE07_231095_20000808,LE07_231095_20001112,LE07_231096_20000824,LE07_232095_20000425,LE07_232095_20000916	true	
2001	SM-18-Z-A	L7	LE07_231095_20010811,LE07_231095_20010827,LE07_231096_20010811,LE07_232095_20010903	true	
2002	SM-18-Z-A	L7	LE07_231095_20020424,LE07_231095_20020814,LE07_231095_20020830,LE07_231095_20021102,LE07_232095_20020501	true	
2003	SM-18-Z-A	L7	LE07_231095_20030427,LE07_232095_20030504,LE07_232095_20030808	true	
2004	SM-18-Z-A	L5	LT05_232095_20040818,LT05_231096_20041217,LT05_231096_20040912,LT05_231096_20040421,LT05_231095_20040421,LT05_231095_20040320,LT05_231095_20040201	true	
2005	SM-18-Z-A	L7	LE07_232095_20050829,LE07_231096_20050502,LE07_231096_20050416,LE07_231095_20050502,LE07_231095_20050416,LE07_231095_20050331	true	
2006	SM-18-Z-A	L7	LE07_232095_20060816,LE07_232095_20060325,LE07_231096_20060825,LE07_231095_20060825,LE07_231095_20060505	true	
2007	SM-18-Z-A	L7		true	
2008	SM-18-Z-A	L7	LE07_232095_20081109,LE07_231096_20080424,LE07_231096_20080408,LE07_231095_20080408	true	
2009	SM-18-Z-A	L7		true	
2010	SM-18-Z-A	L7	LE07_232095_20101201,LE07_232095_20100811,LE07_232095_20100304,LE07_231095_20101108,LE07_231095_20100414,LE07_231095_20100225	true	
2011	SM-18-Z-A	L7		true	
2012	SM-18-Z-A	L7		true	satellite anterior (anómalo): 99/55
2013	SM-18-Z-A	L8	LC08_231096_20130430	true	
2014	SM-18-Z-A	L8	LC08_232095_20140510,LC08_231096_20140503,LC08_231095_20140401	true	
2015	SM-18-Z-A	L8	LC08_232095_20150817,LC08_232095_20150411,LC08_232095_20150206,LC08_231096_20150927,LC08_231096_20150404,LC08_231096_20150319,LC08_231095_20150215	true	
2016	SM-18-Z-A	L8		true	
2017	SM-18-Z-A	L8		true	
2018	SM-18-Z-A	L8	LC08_232095_20180809,LC08_232095_20180505,LC08_232095_20180419,LC08_231096_20180818,LC08_231096_20180327,LC08_231095_20180919,LC08_231095_20180818,LC08_231095_20180428	true	
2019	SM-18-Z-A	L8	LC08_232095_20190828,LC08_232095_20190812,LC08_232095_20190508,LC08_231096_20190501,LC08_231095_20191008,LC08_231095_20190501	true	
2020	SM-18-Z-A	L8	LC08_232095_20200424,LC08_231096_20200823,LC08_231096_20200807,LC08_231095_20200503,LC08_231095_20200807	true	
2021	SM-18-Z-A	L8		true	
2022	SM-18-Z-A	L8		true	
2023	SM-18-Z-A	L8		true	
2024	SM-18-Z-A	L9	LC09_232095_20240411,LC09_232095_20240513	true	
2025	SM-18-Z-A	L9		true	
1996	SM-18-Z-B	L5		true	Vacía
1997	SM-18-Z-B	L5		true	satellite anterior (anómalo): 77/55
1998	SM-18-Z-B	L5	LT05_230095_19980329,LT05_230095_19980905,LT05_230095_19981023,LT05_230096_19980124,LT05_230096_19980329,LT05_231095_19980912	true	
1999	SM-18-Z-B	L5	LT05_230095_19990908,LT05_230096_19990127,LT05_230096_19990908,LT05_231095_19990915,LT05_231095_19991220	true	
2000	SM-18-Z-B	L5		true	
2001	SM-18-Z-B	L7		true	
2002	SM-18-Z-B	L7		true	
2003	SM-18-Z-B	L5		true	
2004	SM-18-Z-B	L7		true	
2005	SM-18-Z-B	L7		true	
2006	SM-18-Z-B	L7	LE07_231095_20060129,LE07_231095_20060910	true	
2007	SM-18-Z-B	L7	LE07_230095_20070210,LE07_231095_20070422	true	
2008	SM-18-Z-B	L7		true	
2009	SM-18-Z-B	L7		true	
2010	SM-18-Z-B	L7		true	
2011	SM-18-Z-B	L7	LE07_230095_20110816,LE07_230096_20110816,LE07_231095_20110503,LE07_231095_20110823	true	
2012	SM-18-Z-B	L7	LE07_230095_20120818,LE07_230096_20120412,LE07_231095_20120825,LE07_231095_20121113	true	
2013	SM-18-Z-B	L8		true	
2014	SM-18-Z-B	L8		true	
2015	SM-18-Z-B	L8	LC08_230095_20150803,LC08_230095_20150819,LC08_230096_20150429,LC08_231095_20150826	true	
2016	SM-18-Z-B	L8		true	
2017	SM-18-Z-B	L8	LC08_231095_20170324,LC08_231095_20170425,LC08_231095_20170815	true	
2018	SM-18-Z-B	L8		true	satellite anterior (anómalo): 77/55
2019	SM-18-Z-B	L8		true	
2020	SM-18-Z-B	L8		true	
2021	SM-18-Z-B	L8		true	
2022	SM-18-Z-B	L8		true	
2023	SM-18-Z-B	L8		true	
2024	SM-18-Z-B	L9		true	
2025	SM-18-Z-B	L9		true	
1996	SM-18-Y-D	L5		true	satellite anterior (anómalo): 0
1997	SM-18-Y-D	L5		true	
1998	SM-18-Y-D	L5		true	
1999	SM-18-Y-D	L5		true	vacío
2000	SM-18-Y-D	L7		true	
2001	SM-18-Y-D	L5		true	
2002	SM-18-Y-D	L7		true	
2003	SM-18-Y-D	L7		true	
2004	SM-18-Y-D	L7	LE07_232096_20041216	true	
2005	SM-18-Y-D	L7		true	
2006	SM-18-Y-D	L7	LE07_232095_20060816,LE07_232096_20060410,LE07_232096_20060426	true	
2007	SM-18-Y-D	L7	LE07_232096_20070429	true	
2008	SM-18-Y-D	L7		true	
2009	SM-18-Y-D	L7	LE07_232096_20090402,LE07_232096_20090925	true	
2010	SM-18-Y-D	L7		true	vacío
2011	SM-18-Y-D	L7		true	vacío
2012	SM-18-Y-D	L7	LE07_232096_20120816,LE07_232096_20120901,LE07_232096_20120917	true	
2013	SM-18-Y-D	L8	LC08_232096_20130811	true	
2014	SM-18-Y-D	L8		true	no hay mas imagenes
2015	SM-18-Y-D	L8	LC08_232096_20150817	true	
2016	SM-18-Y-D	L8		true	
2017	SM-18-Y-D	L8	LC08_232096_20170416,LC08_232096_20170822	true	
2018	SM-18-Y-D	L8	LC08_232096_20180419,LC08_232096_20180505	true	
2019	SM-18-Y-D	L8	LC08_232096_20190508,LC08_232096_20190828,LC08_232096_20191031	true	
2020	SM-18-Y-D	L8	LC08_232096_20201001	true	
2021	SM-18-Y-D	L8		true	
2022	SM-18-Y-D	L8		true	
2023	SM-18-Y-D	L9	LC09_232096_20230324,LC09_232096_20230425,LC09_232096_20230815	true	
2024	SM-18-Y-D	L9	LC09_232096_20240310	true	
2025	SM-18-Y-D	L9		true	
1996	SM-18-Z-C	L5		true	satellite anterior (anómalo): 0
1997	SM-18-Z-C	L5		true	
1998	SM-18-Z-C	L5	LT05_231096_19980912	true	
1999	SM-18-Z-C	L5		true	
2000	SM-18-Z-C	L5		true	
2001	SM-18-Z-C	L7		true	
2002	SM-18-Z-C	L7		true	
2003	SM-18-Z-C	L8		true	
2004	SM-18-Z-C	L5	LT05_231096_20041217	true	
2005	SM-18-Z-C	L5	LT05_231096_20050814	true	
2006	SM-18-Z-C	L7		true	
2007	SM-18-Z-C	L5	LT05_231096_20070414,LT05_231096_20070329	true	
2008	SM-18-Z-C	L7	LE07_231096_20080424,LE07_231096_20080408	true	
2009	SM-18-Z-C	L7	LE07_231096_20090427	true	
2010	SM-18-Z-C	L7		true	
2011	SM-18-Z-C	L7		true	
2012	SM-18-Z-C	L7		true	satellite anterior (anómalo): 99/55
2013	SM-18-Z-C	L7	LE07_231096_20130406	true	
2014	SM-18-Z-C	L8		true	
2015	SM-18-Z-C	L8		true	
2016	SM-18-Z-C	L8		true	
2017	SM-18-Z-C	L8		true	
2018	SM-18-Z-C	L8		true	
2019	SM-18-Z-C	L8		true	
2020	SM-18-Z-C	L9	LC08_231096_20200823	true	
2021	SM-18-Z-C	L8		true	
2022	SM-18-Z-C	L8		true	
2023	SM-18-Z-C	L9		true	
2024	SM-18-Z-C	L9		true	
2025	SM-18-Z-C	L9	LC09_233092_20250930	true	
1996	SM-18-Z-D	L5		true	Vacía
1997	SM-18-Z-D	L5	LT05_231095_19970128,LT05_230096_19970121	true	
1998	SM-18-Z-D	L5	LT05_231096_19980912,LT05_230096_19980329,LT05_230096_19980124,LT05_231095_19980912	true	
1999	SM-18-Z-D	L7	LE07_231096_19991009,LE07_231095_19991212,LE07_231095_19991009,LE07_231095_19990822,LE07_230096_19991119,LE07_230096_19990916,LE07_230096_19990831,LE07_231096_19990923	true	
2000	SM-18-Z-D	L7	LE07_231096_20000909,LE07_231096_20000824,LE07_231095_20000808,LE07_231095_20000301,LE07_230096_20001223,LE07_230096_20001121	true	
2001	SM-18-Z-D	L7		true	
2002	SM-18-Z-D	L7		true	
2003	SM-18-Z-D	L7	LE07_231095_20030310,LE07_231095_20030427,LE07_230096_20030826,LE07_230096_20030927,LE07_231095_20031105,LE07_231095_20031207,LE07_230096_20031216	true	
2004	SM-18-Z-D	L5	LT05_231096_20041217,LT05_231096_20040912,LT05_231095_20041115,LT05_231095_20040928,LT05_231095_20040421,LT05_231095_20040201,LT05_230096_20041124,LT05_230096_20041108,LT05_230096_20040430,LT05_230096_20040125,LT05_230096_20040109,LT05_230095_20041210,LT05_230096_20040820,LT05_230096_20040905,LT05_230096_20040921	true	
2005	SM-18-Z-D	L7		true	
2006	SM-18-Z-D	L7	LE07_231096_20060825,LE07_231095_20061113,LE07_231095_20060505,LE07_231095_20060214,LE07_231095_20060129,LE07_230096_20061122,LE07_230095_20060122	true	
2007	SM-18-Z-D	L5	LT05_231096_20070820,LT05_231096_20070414,LT05_231095_20070820,LT05_231095_20070329,LT05_231095_20070225,LT05_231095_20070124,LT05_230096_20070423,LT05_230096_20070322,LT05_230096_20070218,LT05_230095_20070930,LT05_230095_20070423,LT05_230095_20070218,LT05_230096_20070202	true	
2008	SM-18-Z-D	L7	LE07_231096_20080424,LE07_231095_20081204,LE07_231095_20080830,LE07_231095_20080424,LE07_231095_20080323,LE07_230096_20080401,LE07_230095_20081127,LE07_230095_20080112,LE07_231096_20080814,LE07_231096_20080408,LE07_231095_20080103,LE07_230096_20080908,LE07_230096_20080229	true	
2009	SM-18-Z-D	L5	LT05_231095_20091129,LT05_230096_20090106,LT05_230095_20090106	true	
2010	SM-18-Z-D	L7	LE07_231095_20101226,LE07_231095_20101108,LE07_231095_20100905,LE07_230096_20101117,LE07_230096_20100829	true	
2011	SM-18-Z-D	L7		true	
2012	SM-18-Z-D	L7	LE07_231096_20120825,LE07_231095_20121113,LE07_231095_20120318,LE07_230096_20120903,LE07_230096_20120818,LE07_230096_20120412,LE07_230096_20120208,LE07_230095_20120412	true	
2013	SM-18-Z-D	L8	LC08_231096_20130430,LC08_231095_20131108,LC08_231095_20130430	true	
2014	SM-18-Z-D	L8	LC08_231096_20140503,LC08_231095_20140503,LC08_231095_20140316,LC08_231095_20140212,LC08_230096_20141206,LC08_230096_20140309,LC08_230096_20140221,LC08_230096_20140205,LC08_230095_20141206,LC08_230095_20141104,LC08_230096_20140426,LC08_230096_20140104	true	
2015	SM-18-Z-D	L8	LC08_231095_20151130,LC08_231095_20150420,LC08_231095_20150404,LC08_230096_20151209,LC08_230096_20151022,LC08_230096_20150904,LC08_230096_20150429,LC08_230096_20150312,LC08_230096_20150224,LC08_230096_20150107	true	
2016	SM-18-Z-D	L8		true	
2017	SM-18-Z-D	L8		true	
2018	SM-18-Z-D	L8		true	
2019	SM-18-Z-D	L8		true	
2020	SM-18-Z-D	L8		true	
2021	SM-18-Z-D	L8		true	
2022	SM-18-Z-D	L8		true	
2023	SM-18-Z-D	L9		true	
2024	SM-18-Z-D	L9		true	
2025	SM-18-Z-D	L9		true	
1996	SN-18-X-B	L5	LT05_229097_19961111	true	
1997	SN-18-X-B	L5	LT05_230096_19970121,LT05_229097_19970215,LT05_231096_19970301	true	
1998	SN-18-X-B	L5		true	
1999	SN-18-X-B	L5	LT05_230096_19991229,LT05_230096_19991213,LT05_230096_19990127	true	
2000	SN-18-X-B	L7		true	
2001	SN-18-X-B	L5		true	
2002	SN-18-X-B	L7		true	
2003	SN-18-X-B	L7	LE07_230097_20030927,LE07_230097_20031130,LE07_230096_20031216,LE07_230096_20030927,LE07_230096_20030826,LE07_229097_20031225,LE07_229097_20031107,LE07_229097_2003092	true	
2004	SN-18-X-B	L5	LT05_231096_20041217,LT05_231096_20041201,LT05_231096_20040421,LT05_230097_20040905,LT05_230096_20041124,LT05_230096_20041007,LT05_230096_20040921,LT05_230096_20040820,LT05_230096_20040430,LT05_230096_20040329,LT05_230096_20040125,LT05_230096_20040109,LT05_229097_20041219,LT05_229097_20040914,LT05_229097_20040829,LT05_229097_20040423,LT05_229097_20040306,LT05_229097_20040102,LT05_230096_20040905	true	
2005	SN-18-X-B	L7	LE07_231096_20051025,LE07_231096_20050416,LE07_230097_20051103,LE07_230097_20050815,LE07_230096_20051205,LE07_230096_20051119,LE07_230096_20051103,LE07_230096_20050916,LE07_230096_20050831,LE07_230096_20050815,LE07_230096_20050324,LE07_229097_20051112,LE07_229097_20050925,LE07_229097_20050909,LE07_229097_20050418,LE07_229097_20050128	true	
2006	SN-18-X-B	L7	LE07_231096_20061113,LE07_231096_20060825,LE07_230097_20060122,LE07_230096_20061122,LE07_230096_20060903,LE07_230096_20060412,LE07_230096_20060207,LE07_230096_20060122,LE07_230096_20060106,LE07_229097_20061014,LE07_229097_20060912,LE07_229096_20061014,LE07_229096_20060912,LE07_229096_20060827	true	
2007	SN-18-X-B	L5	LT05_231096_20070430,LT05_231096_20070414,LT05_231096_20070329,LT05_230097_20070423,LT05_230096_20070423,LT05_230096_20070322,LT05_230096_20070218,LT05_229097_20070331,LT05_229097_20070315	true	
2008	SN-18-X-B	L7		true	
2009	SN-18-X-B	L5	LT05_230096_20090106	true	
2010	SN-18-X-B	L7		true	
2011	SN-18-X-B	L7	LE07_231096_20110823,LE07_231096_20110503,LE07_231096_20110212,LE07_230097_20111019,LE07_230097_20110426,LE07_230096_20110917,LE07_230096_20110426,LE07_230096_20110325,LE07_230096_20110120,LE07_229097_20111215,LE07_229097_20111028,LE07_229097_20110825,LE07_229097_20110419	true	
2012	SN-18-X-B	L7	LE07_230097_20121005,LE07_230097_20120903,LE07_230097_20120412,LE07_230097_20120327,LE07_230096_20120903,LE07_230096_20120818,LE07_230096_20120428,LE07_230096_20120412,LE07_230096_20120208,LE07_229097_20121115,LE07_229097_20121217,LE07_229097_20120827,LE07_229097_20120405,LE07_229097_20120320	true	
2013	SN-18-X-B	L8	LC08_230097_20130829	true	
2014	SN-18-X-B	L8	LC08_231096_20140807,LC08_230096_20141104,LC08_230096_20140426,LC08_230096_20140309,LC08_230096_20140221,LC08_229097_20141129,LC08_229097_20140926,LC08_229097_20140403,LC08_229097_20140318,LC08_229097_20140129,LC08_229097_20140113	true	
2015	SN-18-X-B	L8		true	
2016	SN-18-X-B	L8		true	
2017	SN-18-X-B	L8		true	
2018	SN-18-X-B	L8	LC08_230097_20180827,LC08_230096_20181115,LC08_230096_20180827,LC08_230096_20180507,LC08_230096_20180405,LC08_230096_20180304,LC08_229097_20181108,LC08_229097_20181023	true	
2019	SN-18-X-B	L8		true	
2020	SN-18-X-B	L8		true	
2021	SN-18-X-B	L8		true	
2022	SN-18-X-B	L8		true	
2023	SN-18-X-B	L9		true	
2024	SN-18-X-B	L9		true	
2025	SN-18-X-B	L9		true	
1996	SN-19-V-A	L5		true	satellite anterior (anómalo): 77/55
1997	SN-19-V-A	L5		true	satellite anterior (anómalo): 77/55
1998	SN-19-V-A	L5		true	
1999	SN-19-V-A	L5	LT05_228097_19990910,LT05_229096_19990816,LT05_230096_19990908	true	
2000	SN-19-V-A	L7	LE07_229096_20000810,LE07_229097_20000216,LE07_229097_20000404,LE07_229097_20000826,LE07_229097_20000927,LE07_230096_20000427,LE07_230096_20000902,LE07_230096_20000918,LE07_230096_20001105,LE07_230096_20000817,LE07_230096_20000326,LE07_229096_20000826,LE07_229096_20000216,LE07_229096_20000303,LE07_229096_20000319	true	
2001	SN-19-V-A	L7	LE07_228097_20010110,LE07_228097_20010227,LE07_228097_20010331,LE07_228097_20010822,LE07_228097_20010416,LE07_228097_20010923,LE07_228097_20011126,LE07_229096_20010407,LE07_229096_20010423,LE07_229096_20010813,LE07_229096_20011101,LE07_229096_20010914,LE07_229096_20011117,LE07_229096_20010202,LE07_229096_20010322,LE07_229096_20011219,LE07_229096_20010117,LE07_229097_20010306,LE07_230096_20010905,LE07_230096_20010430,LE07_229096_20011203,LE07_230096_20010329,LE07_229097_20010202,LE07_229097_20010423,LE07_229097_20011219,LE07_229097_20010407,LE07_229097_20011101,LE07_229097_20011117,LE07_229097_20010914,LE07_229097_20010117	true	
2002	SN-19-V-A	L7	LE07_229096_20020205,LE07_229096_20020309,LE07_229096_20020325,LE07_229096_20020410,LE07_229096_20020901,LE07_229096_20021003,LE07_229096_20021019,LE07_229096_20021206,LE07_229096_20021222,LE07_228097_20020419,LE07_228097_20020926,LE07_228097_20021215,LE07_229097_20020325,LE07_229097_20020410,LE07_229097_20021206,LE07_229097_20020221,LE07_229097_20021003,LE07_229097_20020309,LE07_230096_20020503,LE07_230096_20021010,LE07_230096_20020417	true	
2003	SN-19-V-A	L7		true	
2004	SN-19-V-A	L7	LE07_228097_20041118,LE07_229096_20040501,LE07_229096_20040922,LE07_229096_20041211,LE07_229097_20040906,LE07_229097_20040922,LE07_230096_20040422,LE07_230096_20040812,LE07_230096_20040913	true	
2005	SN-19-V-A	L7	LE07_228097_20050817,LE07_229096_20050402,LE07_229096_20050418,LE07_229096_20050504,LE07_229096_20050909,LE07_229096_20051230,LE07_229097_20050418,LE07_229097_20050909	true	
2006	SN-19-V-A	L7	LE07_229096_20060421,LE07_229097_20060912,LE07_230096_20060412,LE07_230096_20060818,LE07_230096_20061122	true	
2007	SN-19-V-A	L7	LE07_229096_20070814,LE07_229096_20070830,LE07_229096_20071017,LE07_229097_20071001	true	
2008	SN-19-V-A	L7		true	
2009	SN-19-V-A	L7	LE07_228097_20090305,LE07_229096_20090312,LE07_229096_20090413,LE07_229096_20090904,LE07_229097_20090224,LE07_229097_20090413	true	
2010	SN-19-V-A	L7	LE07_228097_20100831,LE07_229096_20100502,LE07_229096_20100822,LE07_229096_20100907,LE07_229097_20100822,LE07_229097_20100907,LE07_230096_20100829	true	
2011	SN-19-V-A	L7		true	
2012	SN-19-V-A	L7	LE07_229096_20120320,LE07_229096_20120405,LE07_229096_20120811,LE07_229097_20120405,LE07_229097_20121115,LE07_230096_20120818,LE07_230096_20120903	true	
2013	SN-19-V-A	L8	LC08_229096_20130404,LC08_229096_20130822,LC08_229097_20130822,LC08_230096_20130813,LC08_230096_20130829	true	
2014	SN-19-V-A	L8		true	
2015	SN-19-V-A	L8	LC08_229096_20150201,LC08_229096_20150305,LC08_229096_20150812,LC08_229096_20150828,LC08_229096_20151015,LC08_229097_20150812,LC08_229097_20150828,LC08_230096_20150819	true	
2016	SN-19-V-A	L8		true	
2017	SN-19-V-A	L8	LC08_228097_20170130,LC08_229096_20170411,LC08_229096_20170817,LC08_229096_20170902,LC08_229097_20170817,LC08_229097_20170902	true	
2018	SN-19-V-A	L8	LC08_228097_20180423,LC08_228097_20180829,LC08_229096_20180313,LC08_229097_20180209,LC08_229097_20180820,LC08_230096_20180912	true	
2019	SN-19-V-A	L8		true	
2020	SN-19-V-A	L8		true	
2021	SN-19-V-A	L8		true	
2022	SN-19-V-A	L8		true	
2023	SN-19-V-A	L8		true	
2024	SN-19-V-A	L8		true	
1996	SN-19-V-B	L5	LT05_229096_19961111	true	
1997	SN-19-V-B	L5	LT05_228097_19970224,LT05_228096_19970224	true	
1998	SN-19-V-B	L5	LT05_229096_19981219,LT05_229096_19981101,LT05_229096_19981016,LT05_229096_19980930,LT05_229096_19980914,LT05_228097_19980822,LT05_228097_19980211,LT05_228096_19980822,LT05_228096_19980227,LT05_228096_19980126,LT05_227097_19980204,LT05_227097_19980916,LT05_227097_19980831,LT05_227097_19980308,LT05_227097_19980220	true	
1999	SN-19-V-B	L5		true	
2000	SN-19-V-B	L7		true	
2001	SN-19-V-B	L7		true	
2002	SN-19-V-B	L7	LE07_227097_20020106,LE07_227097_20020903,LE07_227097_20021005,LE07_227097_20021021,LE07_227097_20021106,LE07_227097_20021208,LE07_228096_20020214,LE07_228096_20020403,LE07_228097_20020419,LE07_228097_20021113	true	
2003	SN-19-V-B	L7	LE07_228097_20030422	true	
2004	SN-19-V-B	L5	LT05_229096_20041219,LT05_229096_20041101,LT05_229096_20041016,LT05_229096_20040914,LT05_229096_20040829,LT05_229096_20040423,LT05_229096_20040407,LT05_229096_20040322,LT05_229096_20040306,LT05_229096_20040203,LT05_228097_20041212,LT05_228097_20041110,LT05_228097_20040923,LT05_228096_20041110,LT05_227097_20040409,LT05_227097_20040308	true	
2005	SN-19-V-B	L7		true	
2006	SN-19-V-B	L5	LT05_229096_20061225,LT05_229096_20060819,LT05_229096_20060208,LT05_228097_20061202,LT05_228097_20061031,LT05_228097_20060422,LT05_228097_20060217,LT05_228096_20061202,LT05_228096_20061031,LT05_228096_20060422,LT05_228096_20060406,LT05_227097_20061211,LT05_227097_20061125,LT05_227097_20061024,LT05_227097_20060415,LT05_227097_20060314	true	
2007	SN-19-V-B	L7		true	
2008	SN-19-V-B	L7	LE07_229096_20081222,LE07_229096_20081120,LE07_229096_20081104,LE07_229096_20081003,LE07_229096_20080206,LE07_228097_20081113,LE07_228097_20080130,LE07_228096_20081129,LE07_228096_20080910,LE07_228096_20080302,LE07_228096_20080215,LE07_227097_20081208,LE07_227097_20081122,LE07_227097_20081005,LE07_227097_20080903,LE07_227097_20080428,LE07_227097_20080327,LE07_229096_20081206,LE07_229096_20081019,LE07_229096_20080917,LE07_229096_20080816,LE07_229096_20080325,LE07_229096_20080222,LE07_229096_20080105,LE07_228097_20080114,LE07_228096_20081113,LE07_228096_20080114,LE07_227097_20081021,LE07_228097_20080910,LE07_228096_20080130,LE07_227097_20080818	true	
2009	SN-19-V-B	L7	LE07_229096_20091123,LE07_229096_20091022,LE07_229096_20090904,LE07_229096_20090819,LE07_229096_20090312,LE07_229096_20090224,LE07_229096_20090123,LE07_229096_20090107,LE07_228097_20091218,LE07_228097_20091031,LE07_228097_20090422,LE07_228097_20090406,LE07_228097_20090321,LE07_228097_20090305,LE07_228097_20090217,LE07_228097_20090201,LE07_228097_20090116,LE07_228096_20091218,LE07_228096_20091116,LE07_228096_20090217,LE07_228096_20090201,LE07_228096_20090116,LE07_227097_20091227,LE07_227097_20091211,LE07_227097_20091109,LE07_227097_20090330,LE07_227097_20090226,LE07_227097_20090210	true	
2010	SN-19-V-B	L7		true	
2011	SN-19-V-B	L7	LE07_229096_20111028,LE07_229096_20111012,LE07_229096_20110129,LE07_229096_20110113,LE07_228097_20111106,LE07_228097_20111021,LE07_228097_20110919,LE07_228097_20110903,LE07_228097_20110428,LE07_228097_20110412,LE07_228097_20110327,LE07_228097_20110223,LE07_228096_20111224,LE07_228096_20111021,LE07_228096_20110903,LE07_228096_20110428,LE07_228096_20110412,LE07_228096_20110122,LE07_228096_20110106,LE07_227097_20111115,LE07_227097_20111030,LE07_227097_20111014,LE07_227097_20110912,LE07_227097_20110304,LE07_227097_20110216,LE07_227097_20110131,LE07_228096_20110818,LE07_228097_20110818,LE07_229096_20110419,LE07_228097_20111224,LE07_228097_20110311,LE07_228097_20110122,LE07_228096_20110919	true	
2012	SN-19-V-B	L7	LE07_229096_20121217,LE07_229096_20120811,LE07_229096_20120405,LE07_229096_20120320,LE07_229096_20120201,LE07_228097_20120820,LE07_228097_20120414,LE07_228097_20120226,LE07_228097_20120210,LE07_228096_20120921,LE07_228096_20120905,LE07_228096_20120226,LE07_227097_20121203,LE07_227097_20121101,LE07_227097_20121016,LE07_227097_20120914,LE07_227097_20120306,LE07_227097_20120219	true	
2013	SN-19-V-B	L8		true	
2014	SN-19-V-B	L8	LC08_229096_20141215,LC08_229096_20141113,LC08_229096_20140926,LC08_229096_20140910,LC08_229096_20140505,LC08_229096_20140403,LC08_229096_20140318,LC08_229096_20140302,LC08_229096_20140113,LC08_228097_20141224,LC08_228097_20141208,LC08_228097_20141106,LC08_228097_20140919,LC08_228097_20140818,LC08_228097_20140428,LC08_228097_20140327,LC08_228097_20140311,LC08_228097_20140207,LC08_228097_20140122,LC08_228096_20141208,LC08_228096_20141106,LC08_228096_20141021,LC08_228096_20140919,LC08_228096_20140818,LC08_228096_20140428,LC08_228096_20140412,LC08_228096_20140311,LC08_228096_20140207,LC08_228096_20140122,LC08_228096_20140106,LC08_227097_20141115,LC08_227097_20141014,LC08_227097_20140912,LC08_227097_20140320,LC08_227097_20140216,LC08_227097_20140115,LC08_228097_20141021,LC08_229096_20141012,LC08_229096_20140809,LC08_229096_20140129,LC08_228097_20140412,LC08_228097_20140106	true	
2015	SN-19-V-B	L8		true	
2016	SN-19-V-B	L8	LC08_229096_20161220,LC08_229096_20161102,LC08_229096_20160915,LC08_229096_20160220,LC08_228097_20161229,LC08_228097_20161213,LC08_228097_20161026,LC08_228097_20160908,LC08_228097_20160417,LC08_228097_20160401,LC08_228097_20160112,LC08_228096_20161229,LC08_228096_20161213,LC08_228096_20160908,LC08_228096_20160417,LC08_228096_20160316,LC08_227097_20160901,LC08_227097_20160426,LC08_227097_20160325,LC08_227097_20160309,LC08_227097_20160222,LC08_227097_20160121,LC08_228096_20160229,LC08_228097_20160229	true	
2017	SN-19-V-B	L8	LC08_229096_20170902,LC08_229096_20170817,LC08_229096_20170411,LC08_229096_20170222,LC08_229096_20170121,LC08_229096_20170105,LC08_228097_20171216,LC08_228097_20171130,LC08_228097_20170911,LC08_228097_20170420,LC08_228097_20170130,LC08_228096_20171216,LC08_228096_20171130,LC08_228096_20170927,LC08_228096_20170810,LC08_228096_20170303,LC08_228096_20170130,LC08_227097_20171225,LC08_227097_20171107,LC08_227097_20171006,LC08_227097_20170920,LC08_227097_20170904,LC08_227097_20170123,LC08_228096_20170911,LC08_228096_20170319	true	
2018	SN-19-V-B	L8	LC08_229096_20181226,LC08_229096_20181210,LC08_229096_20181124,LC08_229096_20181108,LC08_229096_20181023,LC08_229096_20181007,LC08_229096_20180921,LC08_229096_20180905,LC08_229096_20180313,LC08_229096_20180225,LC08_229096_20180209,LC08_228097_20181219,LC08_228097_20181117,LC08_228097_20180423,LC08_228097_20180407,LC08_228097_20180322,LC08_228097_20180218,LC08_228097_20180202,LC08_228097_20180101,LC08_228096_20181117,LC08_228096_20180423,LC08_228096_20180407,LC08_228096_20180322,LC08_228096_20180202,LC08_227097_20181126,LC08_227097_20181110,LC08_227097_20181009,LC08_227097_20180907,LC08_227097_20180331,LC08_227097_20180315,LC08_228097_20180829,LC08_228096_20180829	true	
2019	SN-19-V-B	L8		true	
2020	SN-19-V-B	L8	LC08_229096_20201215,LC08_229096_20201129,LC08_229096_20201028,LC08_229096_20200926,LC08_229096_20200825,LC08_229096_20200505,LC08_229096_20200419,LC08_229096_20200403,LC08_229096_20200302,LC08_229096_20200130,LC08_228097_20201224,LC08_228097_20201122,LC08_228097_20200903,LC08_228097_20200428,LC08_228097_20200224,LC08_228097_20200123,LC08_228096_20201224,LC08_228096_20201122,LC08_228096_20200919,LC08_228096_20200123,LC08_227097_20201217,LC08_227097_20201201,LC08_227097_20200912,LC08_227097_20200320	true	
2021	SN-19-V-B	L8		true	
2022	SN-19-V-B	L8		true	
2023	SN-19-V-B	L9		true	
2024	SN-19-V-B	L9		true	
2025	SN-19-V-B	L9		true	
1996	SN-19-X-A	L5		true	satellite anterior (anómalo): 0
1997	SN-19-X-A	L5		true	
1998	SN-19-X-A	L5		true	
1999	SN-19-X-A	L5		true	
2000	SN-19-X-A	L5		true	
2001	SN-19-X-A	L7		true	
2002	SN-19-X-A	L7		true	
2003	SN-19-X-A	L5		true	
2004	SN-19-X-A	L7		true	
2005	SN-19-X-A	L7		true	
2006	SN-19-X-A	L7		true	
2007	SN-19-X-A	L7		true	
2008	SN-19-X-A	L7	LE07_227097_20080818,LE07_227097_20080327,LE07_227096_20080208	true	
2009	SN-19-X-A	L7		true	
2010	SN-19-X-A	L7		true	
2011	SN-19-X-A	L7		true	satellite anterior (anómalo): 99
2012	SN-19-X-A	L7		true	satellite anterior (anómalo): 99/55
2013	SN-19-X-A	L8		true	
2014	SN-19-X-A	L8		true	
2015	SN-19-X-A	L8		true	
2016	SN-19-X-A	L8		true	
2017	SN-19-X-A	L8		true	
2018	SN-19-X-A	L8	LC08_228096_20180407,LC08_228096_20180202,LC08_227097_20181228,LC08_227096_20180822	true	
2019	SN-19-X-A	L8	LC08_228096_20190816,LC08_228096_20191104,LC08_228096_20190410,LC08_228096_20190221,LC08_228096_20190104,LC08_227097_20191012,LC08_227097_20190926,LC08_227097_20190910,LC08_227096_20190113	true	
2020	SN-19-X-A	L8		true	
2021	SN-19-X-A	L8		true	
2022	SN-19-X-A	L8		true	
2023	SN-19-X-A	L8		true	
2024	SN-19-X-A	L8		true	
2025	SN-19-X-A	L9		true	
1996	SN-18-X-C	L5		true	Vacía
1997	SN-18-X-C	L5		true	
1998	SN-18-X-C	L5		true	
1999	SN-18-X-C	L5	LT05_231097_19990915,LT05_230097_19990908	true	
2000	SN-18-X-C	L5		true	
2001	SN-18-X-C	L5	LT05_231097_20010328,LT05_230097_20010305	true	
2002	SN-18-X-C	L7	LE07_231097_20021017,LE07_231097_20020307	true	
2004	SN-18-X-C	L5	LT05_231097_20041217,LT05_231097_20041201,LT05_231097_20041030,LT05_231097_20040827,LT05_231097_20040421,LT05_231097_20040320,LT05_230097_20041124,LT05_230097_20041108,LT05_230097_20040905	true	
2005	SN-18-X-C	L7	LE07_231097_20050416,LE07_230097_20050815	true	
2006	SN-18-X-C	L7	LE07_231097_20060825,LE07_230097_20060818	true	
2007	SN-18-X-C	L7	LE07_231097_20070422,LE07_231097_20070406	true	
2008	SN-18-X-C	L7	LE07_230097_20080908,LE07_231097_20080408	true	
2009	SN-18-X-C	L7	LE07_230097_20090420	true	
2010	SN-18-X-C	L7		true	satellite anterior (anómalo): 0
2011	SN-18-X-C	L7	LE07_230097_20090420,LE07_231097_20110823,LE07_231097_20110417,LE07_230097_20111019,LE07_230097_20110816,LE07_230097_20110426	true	
2012	SN-18-X-C	L7	LE07_230097_20121005,LE07_230097_20120903,LE07_230097_20120412,LE07_230097_20120327	true	
2013	SN-18-X-C	L8		true	
2014	SN-18-X-C	L7	LC08_231097_20140924	true	
2015	SN-18-X-C	L8		true	
2016	SN-18-X-C	L7	LC08_231097_20161031,LC08_231097_20160812,LC08_231097_20160406,LC08_230097_20160821,LC08_230097_20160501,LC08_230097_20160415	true	
2017	SN-18-X-C	L8		true	
2018	SN-18-X-C	L7	LC08_231097_20180818,LC08_230097_20180827	true	
2019	SN-18-X-C	L7	LC08_231097_20190906,LC08_231097_20190501,LC08_230097_20190830,LC08_229098_20191010	true	
2020	SN-18-X-C	L8		true	
2021	SN-18-X-C	L8		true	
2022	SN-18-X-C	L8		true	
2023	SN-18-X-C	L9	LC09_231097_20230301,LC09_230097_20230427,LC09_231097_20230824,LC09_230097_20230902	true	
2024	SN-18-X-C	L9	LC09_230097_20240819,LC09_230097_20240429	true	
1996	SN-18-X-D	L5		false	
1997	SN-18-X-D	L5		false	
1998	SN-18-X-D	L5	LT05_230097_19980414,LT05_229097_19981117,LT05_229097_19980423,LT05_229097_19980218	false	
1999	SN-18-X-D	L5	LT05_230097_19990908	false	
2000	SN-18-X-D	L7	LE07_230097_20000902,LE07_229097_20000826	false	
2001	SN-18-X-D	L7		false	
2002	SN-18-X-D	L7	LE07_229098_20020410	false	
2003	SN-18-X-D	L7	LE07_230097_20031130,LE07_230097_20030927,LE07_229098_20031225,LE07_229098_20030413,LE07_229097_20031225,LE07_229097_20030920	false	
2004	SN-18-X-D	L5	LT05_230097_20040905,LT05_229098_20041219,LT05_229098_20040914,LT05_229098_20040322,LT05_229097_20041117,LT05_229097_20040914,LT05_229097_20040829,LT05_229097_20040423,LT05_229097_20040322,LT05_229097_20040306,LT05_229097_20040102	false	
2005	SN-18-X-D	L7		false	
2006	SN-18-X-D	L7	LE07_230097_20061224,LE07_230097_20060818	false	
2007	SN-18-X-D	L7	LE07_229097_20071017,LE07_229097_20070830	false	
2008	SN-18-X-D	L7	LE07_230097_20080908,LE07_229098_20081019,LE07_229098_20080206,LE07_229097_20081104,LE07_229097_20081003,LE07_229097_20080917,LE07_229097_20080901,LE07_229097_20080816,LE07_229097_20080426,LE07_229097_20080325,LE07_229097_20080222	false	
2009	SN-18-X-D	L7	LE07_230098_20090420,LE07_229097_20091022,LE07_229097_20090819,LE07_229097_20090413,LE07_229097_20090224	false	
2010	SN-18-X-D	L7	LE07_230097_20100829,LE07_230097_20100423,LE07_230097_20100407,LE07_230097_20100218,LE07_229098_20100923,LE07_229098_20100822,LE07_229097_20100822,LE07_229097_20100416,LE07_229097_20100331	false	
2011	SN-18-X-D	L7		false	
2012	SN-18-X-D	L7	LE07_230097_20121005,LE07_230097_20120903,LE07_230097_20120428,LE07_230097_20120412,LE07_230097_20120327,LE07_229098_20120912,LE07_229098_20120405,LE07_229098_20120320,LE07_229097_20120421,LE07_229097_20120405,LE07_229097_20120320,LE07_229097_20120304	false	
2013	SN-18-X-D	L8		false	
2014	SN-18-X-D	L8		false	
2015	SN-18-X-D	L8		false	
2016	SN-18-X-D	L8	LC08_230097_20160821,LC08_230097_20160501,LC08_230097_20160415,LC08_230097_20160330,LC08_229098_20160830,LC08_229098_20160408,LC08_229098_20160323,LC08_229097_20160814	false	
2017	SN-18-X-D	L7	LE07_230097_20170901,LE07_230097_20170426,LE07_230097_20170410,LE07_229098_20170910,LE07_229097_20171012,LE07_229097_20170910,LE07_229097_20170214	false	
2018	SN-18-X-D	L7	LE07_230097_20181209,LE07_230097_20180904,LE07_230097_20180429,LE07_230097_20180312,LE07_229098_20180828,LE07_229098_20180406,LE07_229097_20181031,LE07_229097_20180828,LE07_229097_20180422	false	
2019	SN-18-X-D	L8	LC08_230097_20190830,LC08_229097_20190503	false	
2020	SN-18-X-D	L8		false	
2021	SN-18-X-D	L8		false	
2022	SN-18-X-D	L9	LC09_230097_20220424,LC09_230097_20220408,LC09_229098_20220924	false	
2023	SN-18-X-D	L9		false	
2024	SN-18-X-D	L9		false	
1996	SN-19-V-C	L5		true	satellite anterior (anómalo): 77/55
1997	SN-19-V-C	L5		true	satellite anterior (anómalo): 77/55
1998	SN-19-V-C	L5		true	
1999	SN-19-V-C	L5	LT05_228097_19990318	true	
2000	SN-19-V-C	L7	LE07_228097_20000904,LE07_228098_20000328,LE07_228098_20000413,LE07_229097_20000826,LE07_229097_20000927,LE07_229097_20001013,LE07_229098_20000826,LE07_228097_20000328,LE07_228097_20000920,LE07_228098_20000920,LE07_228098_20001107,LE07_229097_20000404	true	
2001	SN-19-V-C	L8	LE07_228097_20010822,LE07_228097_20010907,LE07_228098_20010822,LE07_228098_20010923,LE07_229097_20010423,LE07_229097_20010914,LE07_229097_20011016,LE07_229097_20010117,LE07_229097_20011219,LE07_229097_20011101,LE07_229097_20010407,LE07_229097_20011117,LE07_229097_20010306,LE07_229097_20010202	true	
2002	SN-19-V-C	L7	LE07_229097_20020309,LE07_229097_20020410,LE07_229097_20021003,LE07_229097_20020205,LE07_229097_20021206,LE07_229098_20020325,LE07_229098_20020410	true	
2003	SN-19-V-C	L7	LE07_228097_20030828,LE07_228097_20031116,LE07_228097_20031202,LE07_228098_20030828,LE07_228098_20031116,LE07_229097_20030920,LE07_229097_20031107,LE07_229097_20031225,LE07_229098_20030413,LE07_229098_20031225	true	
2004	SN-19-V-C	L7		true	satellite anterior (anómalo): 77/55
2005	SN-19-V-C	L7		true	
2006	SN-19-V-C	L7	LE07_228097_20060905,LE07_228098_20060414,LE07_229097_20060827,LE07_229097_20060912	true	
2007	SN-19-V-C	L7	LE07_229097_20070830,LE07_229098_20070915	true	
2008	SN-19-V-C	L7	LE07_229097_20080426,LE07_229097_20080816,LE07_229097_20080901,LE07_229097_20080917,LE07_229097_20081003	true	
2009	SN-19-V-C	L7	LE07_228097_20090305,LE07_228097_20091031,LE07_229097_20090413,LE07_229097_20090819	true	
2010	SN-19-V-C	L7		true	
2011	SN-19-V-C	L7		true	
2012	SN-19-V-C	L7		true	satellite anterior (anómalo): 99/55
2013	SN-19-V-C	L8	LC08_228098_20130815	true	
2014	SN-19-V-C	L8	LC08_228097_20140327,LC08_228097_20140428,LC08_228098_20140311,LC08_228098_20140903,LC08_229097_20140318	true	
2015	SN-19-V-C	L8		true	
2016	SN-19-V-C	L8	LC08_228097_20160417,LC08_228098_20160417,LC08_229097_20160814,LC08_229097_20160830,LC08_229098_20160830	true	
2017	SN-19-V-C	L8	LC08_228098_20170911,LC08_229097_20170817,LC08_229097_20170902,LC08_229098_20170817	true	
2018	SN-19-V-C	L8	LC08_228097_20180829,LC08_228097_20181016,LC08_228098_20180407,LC08_228098_20180829,LC08_229097_20180905	true	
2019	SN-19-V-C	L8	LC08_228098_20190816,LC08_228098_20190901,LC08_229097_20190417,LC08_229097_20190503,LC08_229097_20191010	true	
2020	SN-19-V-C	L8		true	satellite anterior (anómalo): 77/55
2021	SN-19-V-C	L8		true	
2022	SN-19-V-C	L8		true	
2023	SN-19-V-C	L9		true	
2024	SN-19-V-C	L9		true	
1996	SN-19-V-D	L5		true	Vacía
1997	SN-19-V-D	L5		true	
1998	SN-19-V-D	L5	LT05_227097_19980916,LT05_227098_19980916	true	
1999	SN-19-V-D	L5	LT05_228097_19990910	true	
2000	SN-19-V-D	L7	LE07_227098_20000117,LE07_228097_20000920,LE07_227098_20000828	true	
2001	SN-19-V-D	L7	LE07_228098_20010822	true	
2002	SN-19-V-D	L7	LE07_227097_20020106,LE07_227097_20020122,LE07_227097_20020903,LE07_227097_20021005,LE07_227097_20021106,LE07_227097_20021208,LE07_227098_20020122,LE07_227098_20020903,LE07_227098_20021005,LE07_227098_20021106,LE07_228098_20020419	true	
2003	SN-19-V-D	L7	LE07_227097_20030314,LE07_227097_20030922,LE07_227097_20031125,LE07_228097_20030201,LE07_228097_2003082	true	
2004	SN-19-V-D	L7		true	
2005	SN-19-V-D	L7	LE07_227098_20051013	true	
2006	SN-19-V-D	L7	LE07_227097_20060322,LE07_227097_20060829,LE07_227097_20060930,LE07_227098_20060306,LE07_227098_20060407,LE07_227098_20060930,LE07_228097_20060329	true	
2007	SN-19-V-D	L7		true	
2008	SN-19-V-D	L7	LE07_227097_20080412,LE07_227097_20080818,LE07_227097_20080903,LE07_227097_20081005,LE07_227098_20080412,LE07_227098_20081005,LE07_228097_20080130	true	
2009	SN-19-V-D	L7	LE07_227097_20090906,LE07_227098_20090906,LE07_228097_20090305,LE07_228097_20090422	true	
2010	SN-19-V-D	L7		true	
2011	SN-19-V-D	L7		true	
2012	SN-19-V-D	L7	LE07_227097_20120914,LE07_227098_20120306,LE07_227098_20120914,LE07_228098_20120414	true	
2013	SN-19-V-D	L8	LC08_227097_20130824,LC08_227098_20130418,LC08_227098_20130824,LC08_228097_20130831,LC08_228097_20130916,LC08_228097_20131221,LC08_228098_20130815	true	
2014	SN-19-V-D	L8	LC08_227098_20140912,LC08_228097_20140207,LC08_228097_20140428,LC08_228097_20140818,LC08_228098_20140818,LC08_228098_20140903	true	
2015	SN-19-V-D	L8		true	
2016	SN-19-V-D	L8		true	
2017	SN-19-V-D	L8		true	
2018	SN-19-V-D	L8	LC08_227097_20180907,LC08_228097_20180407,LC08_228097_20180829,LC08_228098_20180407,LC08_228098_20180829	true	
2019	SN-19-V-D	L8		true	
2020	SN-19-V-D	L8	LC08_227097_20200811,LC08_227097_20200912,LC08_227098_20200827,LC08_227098_20200912,LC08_228097_20200428,LC08_228097_20200818,LC08_228097_20200903,LC08_228097_20201005,LC08_228098_20200903	true	
2021	SN-19-V-D	L8	LC08_227097_20210915,LC08_227098_20210830,LC08_227098_20210915,LC08_228097_20210821,LC08_228097_20211024	true	
2022	SN-19-V-D	L8		true	
2023	SN-19-V-D	L8	LC08_228097_20230304,LC08_228097_20230320,LC08_228097_20230912,LC08_228097_20230928	true	
2024	SN-19-V-D	L9		true	no hay mas imagenes
2025	SN-19-V-D	L9		true	
1996	SN-19-Z-A	L5		true	satellite anterior (anómalo): 0
1997	SN-19-Z-A	L5	LT05_227098_19970305	true	
1998	SN-19-Z-A	L5		true	
1999	SN-19-Z-A	L7		true	
2000	SN-19-Z-A	L7		true	
2001	SN-19-Z-A	L7		true	
2002	SN-19-Z-A	L7	LE07_226098_20020301,LE07_226098_20020131	true	
2003	SN-19-Z-A	L7	LE07_227098_20030922,LE07_227098_20030415,LE07_227098_20030330,LE07_226098_20030830,LE07_226098_20030118,LE07_226098_20030408,LE07_226098_20031017	true	
2004	SN-19-Z-A	L5		true	
2005	SN-19-Z-A	L7	LE07_227098_20050319,LE07_227098_20050130,LE07_226098_20051225,LE07_226098_20050819,LE07_226098_20050413	true	
2006	SN-19-Z-A	L7	LE07_227098_20061219,LE07_227098_20060306	true	
2007	SN-19-Z-A	L5		true	
2008	SN-19-Z-A	L7		true	
2009	SN-19-Z-A	L7		true	
2010	SN-19-Z-A	L7		true	
2011	SN-19-Z-A	L7		true	
2012	SN-19-Z-A	L7	LE07_227098_20120306,LE07_227098_20120914	true	
2013	SN-19-Z-A	L7		true	
2014	SN-19-Z-A	L8	LC08_227098_20140320,LC08_226098_20140414	true	
2015	SN-19-Z-A	L8		true	
2016	SN-19-Z-A	L8		true	
2017	SN-19-Z-A	L8		true	
2018	SN-19-Z-A	L8		true	
2019	SN-19-Z-A	L8		true	
2020	SN-19-Z-A	L8		true	
2021	SN-19-Z-A	L8		true	
2022	SN-19-Z-A	L8		true	
2023	SN-19-Z-A	L8	LE07_226098_20230407,LE07_227098_20230209,LE07_227098_20230124	true	
2024	SN-19-Z-A	L9		true	
1996	SN-19-Z-B	L5		true	satellite anterior (anómalo): 0
1997	SN-19-Z-B	L5	LT05_226098_19970210	true	
1998	SN-19-Z-B	L5	LT05_226098_19981027,LT05_226098_19980925,LT05_226098_19980909,LT05_225098_19981004,LT05_225099_19981004,LT05_226098_19981128	true	
1999	SN-19-Z-B	L7	LE07_226098_19991006,LE07_226098_19991123	true	
2000	SN-19-Z-B	L7	LE07_225098_20000204,LE07_225098_20000307,LE07_226098_20000821,LE07_226098_20000922,LE07_225098_20001017,LE07_226098_20001109,LE07_225098_20001204,LE07_226098_20001211,LE07_225098_20001220	true	
2001	SN-19-Z-B	L7		true	
2002	SN-19-Z-B	L7		true	
2003	SN-19-Z-B	L7		true	
2004	SN-19-Z-B	L5	LT05_226098_20041027,LT05_226098_20040925,LT05_226098_20040909,LT05_226098_20040824,LT05_226098_20040418,LT05_226098_20040402,LT05_226098_20040113,LT05_225098_20041121,LT05_225098_20041105,LT05_225098_20041004,LT05_225098_20040918,LT05_225098_20040223,LT05_225098_20040207,LT05_225098_20040310,LT05_225098_20040902,LT05_225098_20040326,LT05_225098_20040122	true	
2005	SN-19-Z-B	L7	LE07_226098_20051225,LE07_226098_20051022,LE07_226098_20050819,LE07_226098_20050413,LE07_226098_20050312,LE07_225098_20051218,LE07_225098_20051116,LE07_225098_20051031,LE07_225098_20050913,LE07_225098_20050321	true	
2006	SN-19-Z-B	L7	LE07_226098_20061228,LE07_226098_20061212,LE07_225098_20060409,LE07_225098_20060324,LE07_225098_20060308,LE07_225098_20060220,LE07_226098_20061009,LE07_226098_20060907,LE07_226098_20060227	true	
2007	SN-19-Z-B	L5	LT05_225098_20070215,LT05_225098_20070911,LT05_225098_20070319,LT05_225098_20070404,LT05_225098_20070826	true	
2008	SN-19-Z-B	L7	LE07_226098_20081201,LE07_225098_20081210,LE07_225098_20081108,LE07_225098_20080905,LE07_226098_20080217,LE07_225098_20080109	true	
2009	SN-19-Z-B	L7		true	
2010	SN-19-Z-B	L7	LE07_226098_20100121,LE07_226098_20100105,LE07_225098_20101216,LE07_225098_20100420	true	
2011	SN-19-Z-B	L7	LE07_226098_20110414,LE07_225098_20110407,LE07_225098_20110117,LE07_226098_20110921,LE07_226098_20110209,LE07_226098_20110124,LE07_225098_20110306,LE07_225098_20110202,LE07_225098_20110829,LE07_226098_20111226,LE07_225098_20111219	true	
2012	SN-19-Z-B	L7	LE07_226098_20120315,LE07_225098_20120831	true	
2013	SN-19-Z-B	L8	LC08_225098_20130927,LC08_225098_20131029,LC08_225098_20131114	true	
2014	SN-19-Z-B	L8	LC08_226098_20140905,LC08_226098_20140820	true	
2015	SN-19-Z-B	L8		true	
2016	SN-19-Z-B	L8	LC08_226098_20160825,LC08_225098_20160903,LC08_225098_20160327	true	
2017	SN-19-Z-B	L8		true	
2018	SN-19-Z-B	L8	LC08_226098_20180831,LC08_226098_20180916,LC08_225098_20181214,LC08_226098_20181002,LC08_226098_20181205,LC08_226098_20180324,LC08_226098_20180308,LC08_226098_20181221,LC08_226098_20180220,LC08_226098_20181018	true	
2019	SN-19-Z-B	L8		true	
2020	SN-19-Z-B	L8	LC08_226098_20200820,LC08_226098_20200313,LC08_225098_20200118,LC08_225098_20201203	true	
2021	SN-19-Z-B	L8	LC08_226098_20211127,LC08_226098_20210823,LC08_225098_20210205,LC08_225098_20211120,LC08_225098_20210120,LC08_226098_20211010,LC08_226098_20210111	true	
2022	SN-19-Z-B	L8		true	
2023	SN-19-Z-B	L8		true	
2024	SN-19-Z-B	L9	LC09_226098_20241229,LC09_226098_20241127,LC09_226098_20240908,LC09_225098_20241120,LC09_225098_20241019	true	
1996	SN-19-Y-C	L5		true	
1997	SN-19-Y-C	L5		true	
1998	SN-19-Y-C	L5		true	
1999	SN-19-Y-C	L7	LE07_229098_19990909	true	
2000	SN-19-Y-C	L7		true	
2001	SN-19-Y-C	L7	LE07_228098_20010923,LE07_228098_20010822	true	
2002	SN-19-Y-C	L7	LE07_228098_20020318	true	
2003	SN-19-Y-C	L7		true	
2004	SN-19-Y-C	L5	LT05_229098_20040322,LT05_228098_20040907	true	
2005	SN-19-Y-C	L5		true	
2006	SN-19-Y-C	L7	LE07_228098_20060414	true	
2007	SN-19-Y-C	L5	LT05_228098_20070916,LT05_228098_20070425	true	
2008	SN-19-Y-C	L7		true	Vacía
2009	SN-19-Y-C	L5	LT05_228098_20090124	true	
2010	SN-19-Y-C	L7		true	Vacía
2011	SN-19-Y-C	L7		true	Vacía
2012	SN-19-Y-C	L7	LE07_228098_20120820,LE07_228098_20120414	true	
2013	SN-19-Y-C	L8		true	
2014	SN-19-Y-C	L8	LC08_228098_20140818	true	
2015	SN-19-Y-C	L7	LE07_229098_20150820,LE07_228098_20150914,LE07_228098_20150829,LE07_228098_20150423	true	
2016	SN-19-Y-C	L8	LC08_228098_20160417	true	
2017	SN-19-Y-C	L7		true	
2018	SN-19-Y-C	L8	LC08_228098_20180829,LC08_228098_20180407	true	
2019	SN-19-Y-C	L8		true	
2020	SN-19-Y-C	L8	LC08_228098_20200818,LC08_228098_20200412	true	
2021	SN-19-Y-C	L8		true	
2022	SN-19-Y-C	L8		true	
2023	SN-19-Y-C	L9		true	
2024	SN-19-Y-C	L8	LC08_228098_20241016	true	
1996	SN-19-Y-D	L5		false	satellite anterior (anómalo): 0
1997	SN-19-Y-D	L5		false	
1998	SN-19-Y-D	L5		false	
1999	SN-19-Y-D	L5		false	
2000	SN-19-Y-D	L7	LE07_227098_20000422,LE07_227098_20000828	false	
2001	SN-19-Y-D	L7	LE07_227098_20010220,LE07_227098_20010409,LE07_228098_20010331,LE07_228098_20010822	false	
2002	SN-19-Y-D	L7	LE07_227098_20020903,LE07_227098_20021005	false	
2003	SN-19-Y-D	L7		false	
2004	SN-19-Y-D	L7	LE07_227098_20040823,LE07_228098_20040830	false	
2005	SN-19-Y-D	L7		false	
2006	SN-19-Y-D	L7		false	
2007	SN-19-Y-D	L7		false	
2008	SN-19-Y-D	L7		false	Vacía
2009	SN-19-Y-D	L7		false	
2010	SN-19-Y-D	L7		false	
2011	SN-19-Y-D	L7		false	satellite anterior (anómalo): 0
2012	SN-19-Y-D	L7	LE07_228098_20120414	false	
2013	SN-19-Y-D	L8		false	
2014	SN-19-Y-D	L8		false	
2015	SN-19-Y-D	L8		false	
2016	SN-19-Y-D	L8		false	
2017	SN-19-Y-D	L8		false	
2018	SN-19-Y-D	L8		false	
2019	SN-19-Y-D	L8	LC08_227098_20190910	false	
2020	SN-19-Y-D	L8	LC08_227098_20200827,LC08_227098_20200928,LC08_228098_20200412	false	
2021	SN-19-Y-D	L8		false	
2022	SN-19-Y-D	L8		false	
2023	SN-19-Y-D	L8		false	
2024	SN-19-Y-D	L9		false	
1996	SN-19-Z-C	L5		false	satellite anterior (anómalo): 0
1997	SN-19-Z-C	L5		false	
1998	SN-19-Z-C	L5	LT05_226098_19980909,LT05_227098_19980220,LT05_227098_19980831	false	
1999	SN-19-Z-C	L5	LT05_226098_19990405	false	
2000	SN-19-Z-C	L7		false	
2001	SN-19-Z-C	L7		false	
2002	SN-19-Z-C	L7	LE07_226098_20020827,LE07_227098_20021005	false	
2003	SN-19-Z-C	L7		false	
2004	SN-19-Z-C	L7		false	
2005	SN-19-Z-C	L7	LE07_226098_20050413,LE07_226098_20050819,LE07_227098_20051029	false	
2006	SN-19-Z-C	L7	LE07_225099_20060409,LE07_226098_20060907,LE07_226098_20061009,LE07_227098_20060101,LE07_227098_20060306,LE07_227098_20060407,LE07_227098_20061101	false	
2007	SN-19-Z-C	L5		false	
2008	SN-19-Z-C	L7	LE07_226098_20080405,LE07_226098_20080928,LE07_227098_20080919,LE07_227098_20081005	false	
2009	SN-19-Z-C	L7		false	
2010	SN-19-Z-C	L7	LE07_225099_20100420,LE07_227098_20101011	false	
2011	SN-19-Z-C	L7		false	Vacía
2012	SN-19-Z-C	L7	LE07_225099_20120409,LE07_226098_20120907,LE07_227098_20120914	false	
2013	SN-19-Z-C	L8		false	
2014	SN-19-Z-C	L8	LC08_226098_20140414,LC08_226098_20140820,LC08_226098_20140905	false	
2015	SN-19-Z-C	L8		false	
2016	SN-19-Z-C	L8	LC08_225099_20161106,LC08_226098_20160825	false	
2017	SN-19-Z-C	L8	LC08_225099_20170226,LC08_226098_20170828,LC08_226098_20170913,LC08_226098_20171031	false	
2018	SN-19-Z-C	L8		false	
2019	SN-19-Z-C	L8	LC08_226098_20190818,LC08_226098_20190919	false	
2020	SN-19-Z-C	L8	LC08_225099_20200423,LC08_225099_20200930,LC08_227098_20200827,LC08_227098_20200928	false	
2021	SN-19-Z-C	L8		false	
2022	SN-19-Z-C	L8		false	
2023	SN-19-Z-C	L9	LC09_225099_20230915,LC09_226098_20230906,LC09_226098_20231008,LC09_227098_20230828	false	
2024	SN-19-Z-C	L9	LC09_225099_20240206	false	
1996	SN-19-Z-D	L5		true	satellite anterior (anómalo): 0
1997	SN-19-Z-D	L5		true	
1998	SN-19-Z-D	L5		true	
1999	SN-19-Z-D	L5		true	
2000	SN-19-Z-D	L7	LE07_225099_20001118,LE07_225099_20001017,LE07_225099_20000830	true	
2001	SN-19-Z-D	L7	LE07_225099_20010310	true	
2002	SN-19-Z-D	L7	LE07_225098_20020414,LE07_225098_20021007,LE07_226098_20020131	true	
2003	SN-19-Z-D	L7	LE07_226098_20030830,LE07_226098_20030424,LE07_226098_20030118,LE07_225099_20030417	true	
2004	SN-19-Z-D	L7		true	
2005	SN-19-Z-D	L7		true	satellite anterior (anómalo): 99/55
2006	SN-19-Z-D	L7	LE07_226098_20061228,LE07_226098_20061009,LE07_226098_20060907,LE07_225099_20060409,LE07_225099_20060220,LE07_225099_20060831,LE07_225099_20060324	true	
2007	SN-19-Z-D	L5		true	
2008	SN-19-Z-D	L7	LE07_226098_20080928,LE07_225099_20080905,LE07_225098_20081210	true	
2009	SN-19-Z-D	L7	LE07_226098_20090830,LE07_225099_20090823	true	
2010	SN-19-Z-D	L7		true	
2011	SN-19-Z-D	L7	LE07_225098_20110407,LE07_225098_20110829,LE07_225099_20110407	true	
2012	SN-19-Z-D	L7	LE07_226098_20121212,LE07_226098_20120907,LE07_225099_20120205,LE07_225099_20120409	true	
2013	SN-19-Z-D	L8		true	
2014	SN-19-Z-D	L8	LC08_226098_20140820	true	
2015	SN-19-Z-D	L8		true	
2016	SN-19-Z-D	L8		true	
2017	SN-19-Z-D	L8	LC08_226098_20170913,LC08_225099_20170226	true	
2018	SN-19-Z-D	L8		true	
2019	SN-19-Z-D	L8	LC08_226098_20190818,LC08_225099_20191014,LC08_225099_20190912	true	
2020	SN-19-Z-D	L8		true	
2021	SN-19-Z-D	L8		true	
2022	SN-19-Z-D	L8	LC08_225099_20220413	false	
2023	SN-19-Z-D	L9		true	
2024	SN-19-Z-D	L9	LC09_225099_20240206,LC09_225099_20240917	true	****
2001	SG-12-Z-D	L7		false	isla de pascua: useTileMask: false, 1 escena
2002	SG-12-Z-D	L7		false	isla de pascua: useTileMask: false, 1 escena
2003	SG-12-Z-D	L7		false	isla de pascua: useTileMask: false, 1 escena
2005	SG-12-Z-D	L7		false	isla de pascua: useTileMask: false, 2 escena
2006	SG-12-Z-D	L7		false	isla de pascua: useTileMask: false, 2 escena
2007	SG-12-Z-D	L7		false	isla de pascua: useTileMask: false, 1 escena
2008	SG-12-Z-D	L7		false	isla de pascua: useTileMask: false, 2 escena
2009	SG-12-Z-D	L7	LE07_026079_20090125	false	isla de pascua: useTileMask: false, 1 escena
2010	SG-12-Z-D	L7	LE07_026079_20100317	false	isla de pascua: useTileMask: false, 1 escena
2011	SG-12-Z-D	L7		false	isla de pascua: useTileMask: false,
2012	SG-12-Z-D	L7	LE07_026079_20120306	false	isla de pascua: useTileMask: false, 1 escena
2013	SG-12-Z-D	L8	LC08_026079_20130707	false	isla de pascua: useTileMask: false,
2014	SG-12-Z-D	L8	LC08_026079_20141115,LC08_026079_20140811,LC08_026079_20140710	false	isla de pascua: useTileMask: false,
2015	SG-12-Z-D	L8	LC08_026079_20150118,LC08_026079_20150611,LC08_026079_20150713,LC08_026079_20150814,LC08_026079_20150830,LC08_026079_20151118	false	isla de pascua: useTileMask: false,
2016	SG-12-Z-D	L8		false	isla de pascua: useTileMask: false,
2017	SG-12-Z-D	L8	LC08_026079_20170819,LC08_026079_20170531,LC08_026079_20170515,LC08_026079_20170328,LC08_026079_20170312	false	isla de pascua: useTileMask: false,
2018	SG-12-Z-D	L8	LC08_026079_20180518,LC08_026079_20181110,LC08_026079_20180331	false	isla de pascua: useTileMask: false,
2019	SG-12-Z-D	L8	LC08_026079_20190505,LC08_026079_20190419,LC08_026079_20190403,LC08_026079_20190302,LC08_026079_20190129,LC08_026079_20190724,LC08_026079_20191012	false	isla de pascua: useTileMask: false,
2020	SG-12-Z-D	L8	LC08_026079_20200710,LC08_026079_20200421	false	isla de pascua: useTileMask: false,
2021	SG-12-Z-D	L8	LC08_026079_20211220,LC08_026079_20210627	false	isla de pascua: useTileMask: false,
2022	SG-12-Z-D	L8	LC08_026079_20220902,LC08_026079_20220817,LC08_026079_20220716,LC08_026079_20220427,LC08_026079_20220326	false	isla de pascua: useTileMask: false,
2023	SG-12-Z-D	L9	LC09_026079_20231015,LC09_026079_20230929,LC09_026079_20230727,LC09_026079_20230625,LC09_026079_20230406	false	isla de pascua: useTileMask: false,
2024	SG-12-Z-D	L8	LC08_026079_20241025,LC08_026079_20240228,LC08_026079_20240315,LC08_026079_20240721,LC08_026079_20240907	false	isla de pascua: useTileMask: false,
2000	SI-17-X-C	L7	LE07_006084_20000528	false	juan fernandez: useTileMask: false,
2001	SI-17-X-C	L7	LE07_006084_20010107	false	juan fernandez: useTileMask: false, 1 escena
2002	SI-17-X-C	L7		false	juan fernandez: useTileMask: false, 1 escena
2003	SI-17-X-C	L7		false	juan fernandez: useTileMask: false, 1 escena
2004	SI-17-X-C	L7		false	juan fernandez: useTileMask: false, 1 escena
2005	SI-17-X-C	L7		false	juan fernandez: useTileMask: false, 1 escena
2006	SI-17-X-C	L7		false	juan fernandez: useTileMask: false, 1 escena
2008	SI-17-X-C	L7	LE07_006083_20080331	false	juan fernandez: useTileMask: false, 1 escena
2009	SI-17-X-C	L7		false	juan fernandez: useTileMask: false
2010	SI-17-X-C	L7		false	juan fernandez: useTileMask: false, 1 escena
2011	SI-17-X-C	L7	LE07_006083_20110730	false	juan fernandez: useTileMask: false, 1 escena
2012	SI-17-X-C	L7		false	juan fernandez: useTileMask: false, 1 escena
2013	SI-17-X-C	L8		false	juan fernandez: useTileMask: false, 2 escena
2014	SI-17-X-C	L8	LC08_006084_20140831,LC08_006084_20140425,LC08_006084_20140204	false	juan fernandez: useTileMask: false
2015	SI-17-X-C	L8	LC08_006084_20150717,LC08_006084_20150530	false	juan fernandez: useTileMask: false
2016	SI-17-X-C	L8	LC08_006084_20160804,LC08_006084_20160414	false	juan fernandez: useTileMask: false
2017	SI-17-X-C	L8	LC08_006084_20170807	false	juan fernandez: useTileMask: false
2018	SI-17-X-C	L8	LC08_006084_20180810	false	juan fernandez: useTileMask: false
2019	SI-17-X-C	L8	LC08_006084_20191203,LC08_006084_20190712	false	juan fernandez: useTileMask: false
2020	SI-17-X-C	L8		false	juan fernandez: useTileMask: false
2021	SI-17-X-C	L8	LC08_006084_20210818	false	juan fernandez: useTileMask: false
2022	SI-17-X-C	L8		false	juan fernandez: useTileMask: false
2023	SI-17-X-C	L8	LC08_006084_20230707,LC08_006084_20230925	false	juan fernandez: useTileMask: false
2024	SI-17-X-C	L8	LC08_006084_20240725,LC08_006084_20240303,LC08_006083_20240303	false	juan fernandez: useTileMask: false
2000	SI-17-X-D	L7	LE07_005083_20000521	false	juan fernandez: useTileMask: false, 1 escena
2003	SI-17-X-D	L7		false	juan fernandez: useTileMask: false, 1 escena
2004	SI-17-X-D	L7		false	juan fernandez: useTileMask: false, 1 escena
2005	SI-17-X-D	L7		false	juan fernandez: useTileMask: false, 1 escena
2006	SI-17-X-D	L7		false	juan fernandez: useTileMask: false, 1 escena
2008	SI-17-X-D	L7	LE07_006083_20080331	false	juan fernandez: useTileMask: false, 1 escena
2009	SI-17-X-D	L7		false	juan fernandez: useTileMask: false, 1 escena
2010	SI-17-X-D	L7		false	juan fernandez: useTileMask: false, 1 escena
2011	SI-17-X-D	L7	LE07_006083_20110730	false	juan fernandez: useTileMask: false, 1 escena
2012	SI-17-X-D	L7	LE07_005083_20120506	false	juan fernandez: useTileMask: false, 1 escena
2013	SI-17-X-D	L8		false	juan fernandez: useTileMask: false, 1 escena
2014	SI-17-X-D	L8	LC08_005083_20140520,LC08_005083_20140605,LC08_005083_20140621,LC08_005083_20140909	false	juan fernandez: useTileMask: false,
2015	SI-17-X-D	L8	LC08_005083_20150525	false	juan fernandez: useTileMask: false,
2016	SI-17-X-D	L8	LC08_005083_20160525	false	juan fernandez: useTileMask: false,
2017	SI-17-X-D	L8	LC08_005083_20170715	false	juan fernandez: useTileMask: false,
2018	SI-17-X-D	L8		false	juan fernandez: useTileMask: false,
2019	SI-17-X-D	L8	LC08_005083_20190721,LC08_005083_20190806,LC08_005083_20191025	false	juan fernandez: useTileMask: false,
2020	SI-17-X-D	L8	LC08_005083_20201011,LC08_005083_20200723,LC08_005083_20200402	false	juan fernandez: useTileMask: false,
2021	SI-17-X-D	L8	LC08_005083_20211201	false	juan fernandez: useTileMask: false,
2022	SI-17-X-D	L8	LC08_005083_20220424,LC08_005083_20220510,LC08_005083_20220814	false	juan fernandez: useTileMask: false,
2023	SI-17-X-D	L8	LC08_005083_20231223,LC08_005083_20230918	false	juan fernandez: useTileMask: false,
2024	SI-17-X-D	L9	LC09_005083_20240624,LC09_005083_20240608	false	juan fernandez: useTileMask: false,
2025	SG-12-Z-D	L8	LC08_026079_20250622,LC08_026079_20250606	false	isla de pascua: useTileMask: false,
2025	SI-17-X-C	L9	LC09_006084_20250330,LC09_006084_20250602	false	juan fernandez: useTileMask: false
2025	SI-17-X-D	L9	LC09_005083_20250323	false	juan fernandez: useTileMask: false,
2025	SI-19-V-B	L8		true	
2025	SL-18-X-C	L8	LC08_232092_20250217,LC08_232092_20250727,LC08_232092_20250812,LC08_232092_20250913,LC08_233092_20250515,LC08_233092_20250803	true	
2025	SN-18-X-A	L9	LC09_231096_20250930	true	
2025	SN-18-X-C	L9		true	
2025	SN-18-X-D	L9		false	
2025	SN-18-Z-B	L8		false	
2025	SN-19-V-A	L8	LC08_229096_20250924,LC08_229097_20250924,LC08_229097_20250316,LC08_230096_20250408,LC08_230096_20250814,LC08_229097_20251026	true	
2025	SN-19-V-C	L8	LC08_228097_20250309,LC08_228097_20250426,LC08_228097_20250901,LC08_228098_20250410,LC08_228098_20250426,LC08_228098_20250917,LC08_229097_20250127,LC08_229097_20251010,LC08_229097_20250316,LC08_229097_20251026,LC08_229097_20251127	true	
2025	SN-19-Y-A	L9		true	
2025	SN-19-Y-B	L8	LC08_228098_20250120,LC08_227098_20250419	true	
2025	SN-19-Y-C	L9	LC09_228098_20251011,LC09_228098_20250824	true	
2025	SN-19-Y-D	L9		false	
2025	SN-19-Z-A	L9		true	
2025	SN-19-Z-B	L9		true	
2025	SN-19-Z-C	L9		false	
2025	SN-19-Z-D	L9	LC09_225099_20251225,LC09_225099_20250220,LC09_225099_20250904,LC09_225099_20250920	true	****
2005	SF-19-V-D	L7		true	sin datos de satelite
1996	SG-12-Z-D	L5		false	sin datos de satelite
1997	SG-12-Z-D	L5		false	sin datos de satelite
1998	SG-12-Z-D	L5		false	sin datos de satelite
1999	SG-12-Z-D	L5		false	sin datos de satelite
2000	SG-12-Z-D	L7		false	sin datos de satelite
2004	SG-12-Z-D	L7		false	sin datos de satelite
1996	SI-17-X-C	L5		false	sin datos de satelite
1997	SI-17-X-C	L5		false	sin datos de satelite
1998	SI-17-X-C	L5		false	sin datos de satelite
1999	SI-17-X-C	L5		false	sin datos de satelite
2007	SI-17-X-C	L7		false	sin datos de satelite
1996	SI-17-X-D	L5		false	sin datos de satelite
1997	SI-17-X-D	L5		false	sin datos de satelite
1998	SI-17-X-D	L5		false	sin datos de satelite
1999	SI-17-X-D	L5		false	sin datos de satelite
2001	SI-17-X-D	L7		false	sin datos de satelite
2002	SI-17-X-D	L7		false	sin datos de satelite
2007	SI-17-X-D	L7		false	sin datos de satelite
2015	SL-18-X-D	L8		true	sin datos de satelite
2003	SN-18-X-C	L7		true	sin datos de satelite