sample_id,eco_id,eco_name,class,tile,source_gpkg
0,1,E1_Puna_seca_andina,11,CHILE-SE-19-Y-B,E1_Puna_seca_andina.gpkg
1,1,E1_Puna_seca_andina,11,CHILE-SE-19-V-D,E1_Puna_seca_andina.gpkg
2,1,E1_Puna_seca_andina,11,CHILE-SE-19-Y-B,E1_Puna_seca_andina.gpkg
3,1,E1_Puna_seca_andina,11,CHILE-SE-19-Y-B,E1_Puna_seca_andina.gpkg
4,1,E1_Puna_seca_andina,11,CHILE-SF-19-Z-C,E1_Puna_seca_andina.gpkg
5,1,E1_Puna_seca_andina,11,CHILE-SE-19-Y-B,E1_Puna_seca_andina.gpkg
6,1,E1_Puna_seca_andina,11,CHILE-SF-19-Z-B,E1_Puna_seca_andina.gpkg
7,1,E1_Puna_seca_andina,11,CHILE-SE-19-V-D,E1_Puna_seca_andina.gpkg
8,1,E1_Puna_seca_andina,11,CHILE-SE-19-Y-B,E1_Puna_seca_andina.gpkg
9,1,E1_Puna_seca_andina,11,CHILE-SE-19-Y-B,E1_Puna_seca_andina.gpkg
10,1,E1_Puna_seca_andina,11,CHILE-SE-19-Z-C,E1_Puna_seca_andina.gpkg
11,1,E1_Puna_seca_andina,11,CHILE-SE-19-Y-B,E1_Puna_seca_andina.gpkg
12,1,E1_Puna_seca_andina,11,CHILE-SF-19-Z-C,E1_Puna_seca_andina.gpkg
13,1,E1_Puna_seca_andina,11,CHILE-SE-19-Y-B,E1_Puna_seca_andina.gpkg
14,1,E1_Puna_seca_andina,11,CHILE-SF-19-X-C,E1_Puna_seca_andina.gpkg
15,1,E1_Puna_seca_andina,11,CHILE-SG-19-Z-A,E1_Puna_seca_andina.gpkg
16,1,E1_Puna_seca_andina,11,CHILE-SF-19-Z-C,E1_Puna_seca_andina.gpkg
17,1,E1_Puna_seca_andina,11,CHILE-SG-19-Z-A,E1_Puna_seca_andina.gpkg
18,1,E1_Puna_seca_andina,11,CHILE-SE-19-Y-B,E1_Puna_seca_andina.gpkg
19,1,E1_Puna_seca_andina,11,CHILE-SE-19-Y-B,E1_Puna_seca_andina.gpkg
20,1,E1_Puna_seca_andina,11,CHILE-SF-19-Z-C,E1_Puna_seca_andina.gpkg
21,1,E1_Puna_seca_andina,11,CHILE-SE-19-Y-B,E1_Puna_seca_andina.gpkg
22,1,E1_Puna_seca_andina,11,CHILE-SE-19-Y-B,E1_Puna_seca_andina.gpkg
23,1,E1_Puna_seca_andina,11,CHILE-SE-19-Z-C,E1_Puna_seca_andina.gpkg
24,1,E1_Puna_seca_andina,11,CHILE-SF-19-Z-A,E1_Puna_seca_andina.gpkg
25,1,E1_Puna_seca_andina,11,CHILE-SE-19-Y-B,E1_Puna_seca_andina.gpkg
26,1,E1_Puna_seca_andina,18,CHILE-SE-19-Y-B,E1_Puna_seca_andina.gpkg
27,1,E1_Puna_seca_andina,18,CHILE-SE-19-Y-B,E1_Puna_seca_andina.gpkg
28,1,E1_Puna_seca_andina,18,CHILE-SE-19-Y-B,E1_Puna_seca_andina.gpkg
29,1,E1_Puna_seca_andina,18,CHILE-SE-19-Y-B,E1_Puna_seca_andina.gpkg
30,1,E1_Puna_seca_andina,18,CHILE-SE-19-Y-B,E1_Puna_seca_andina.gpkg
31,1,E1_Puna_seca_andina,18,CHILE-SE-19-Y-B,E1_Puna_seca_andina.gpkg
32,1,E1_Puna_seca_andina,18,CHILE-SE-19-Y-B,E1_Puna_seca_andina.gpkg
33,1,E1_Puna_seca_andina,18,CHILE-SE-19-Y-B,E1_Puna_seca_andina.gpkg
34,1,E1_Puna_seca_andina,18,CHILE-SE-19-Y-B,E1_Puna_seca_andina.gpkg
35,1,E1_Puna_seca_andina,18,CHILE-SE-19-Y-B,E1_Puna_seca_andina.gpkg
36,1,E1_Puna_seca_andina,18,CHILE-SE-19-Y-B,E1_Puna_seca_andina.gpkg
37,1,E1_Puna_seca_andina,18,CHILE-SE-19-Y-B,E1_Puna_seca_andina.gpkg
38,1,E1_Puna_seca_andina,18,CHILE-SE-19-Z-C,E1_Puna_seca_andina.gpkg
39,1,E1_Puna_seca_andina,18,CHILE-SE-19-Y-B,E1_Puna_seca_andina.gpkg
40,1,E1_Puna_seca_andina,18,CHILE-SE-19-Y-B,E1_Puna_seca_andina.gpkg
41,1,E1_Puna_seca_andina,18,CHILE-SE-19-Y-B,E1_Puna_seca_andina.gpkg
42,1,E1_Puna_seca_andina,18,CHILE-SE-19-Y-B,E1_Puna_seca_andina.gpkg
43,1,E1_Puna_seca_andina,18,CHILE-SE-19-Y-B,E1_Puna_seca_andina.gpkg
44,1,E1_Puna_seca_andina,18,CHILE-SE-19-Y-B,E1_Puna_seca_andina.gpkg
45,1,E1_Puna_seca_andina,18,CHILE-SE-19-Y-B,E1_Puna_seca_andina.gpkg
46,1,E1_Puna_seca_andina,18,CHILE-SE-19-Y-B,E1_Puna_seca_andina.gpkg
47,1,E1_Puna_seca_andina,18,CHILE-SE-19-Y-B,E1_Puna_seca_andina.gpkg
48,1,E1_Puna_seca_andina,23,CHILE-SE-19-Z-C,E1_Puna_seca_andina.gpkg
49,1,E1_Puna_seca_andina,23,CHILE-SE-19-Z-C,E1_Puna_seca_andina.gpkg
50,1,E1_Puna_seca_andina,23,CHILE-SE-19-Z-C,E1_Puna_seca_andina.gpkg
51,1,E1_Puna_seca_andina,23,CHILE-SE-19-Z-C,E1_Puna_seca_andina.gpkg
52,1,E1_Puna_seca_andina,23,CHILE-SE-19-Z-C,E1_Puna_seca_andina.gpkg
53,1,E1_Puna_seca_andina,23,CHILE-SE-19-Z-C,E1_Puna_seca_andina.gpkg
54,1,E1_Puna_seca_andina,23,CHILE-SE-19-Z-C,E1_Puna_seca_andina.gpkg
55,1,E1_Puna_seca_andina,23,CHILE-SE-19-Z-C,E1_Puna_seca_andina.gpkg
56,1,E1_Puna_seca_andina,23,CHILE-SE-19-Z-C,E1_Puna_seca_andina.gpkg
57,1,E1_Puna_seca_andina,23,CHILE-SE-19-Z-C,E1_Puna_seca_andina.gpkg
58,1,E1_Puna_seca_andina,23,CHILE-SE-19-Z-C,E1_Puna_seca_andina.gpkg
59,1,E1_Puna_seca_andina,23,CHILE-SE-19-Z-C,E1_Puna_seca_andina.gpkg
60,1,E1_Puna_seca_andina,23,CHILE-SE-19-Z-C,E1_Puna_seca_andina.gpkg
61,1,E1_Puna_seca_andina,23,CHILE-SE-19-Z-C,E1_Puna_seca_andina.gpkg
62,1,E1_Puna_seca_andina,23,CHILE-SE-19-Z-C,E1_Puna_seca_andina.gpkg
63,1,E1_Puna_seca_andina,23,CHILE-SE-19-Z-C,E1_Puna_seca_andina.gpkg
64,1,E1_Puna_seca_andina,23,CHILE-SE-19-Z-C,E1_Puna_seca_andina.gpkg
65,1,E1_Puna_seca_andina,23,CHILE-SE-19-Z-C,E1_Puna_seca_andina.gpkg
66,1,E1_Puna_seca_andina,23,CHILE-SE-19-Z-C,E1_Puna_seca_andina.gpkg
67,1,E1_Puna_seca_andina,23,CHILE-SE-19-Z-C,E1_Puna_seca_andina.gpkg
68,1,E1_Puna_seca_andina,23,CHILE-SE-19-Z-C,E1_Puna_seca_andina.gpkg
69,1,E1_Puna_seca_andina,24,CHILE-SF-19-X-C,E1_Puna_seca_andina.gpkg
70,1,E1_Puna_seca_andina,24,CHILE-SE-19-Y-B,E1_Puna_seca_andina.gpkg
71,1,E1_Puna_seca_andina,24,CHILE-SE-19-Y-B,E1_Puna_seca_andina.gpkg
72,1,E1_Puna_seca_andina,24,CHILE-SE-19-Z-C,E1_Puna_seca_andina.gpkg
73,1,E1_Puna_seca_andina,24,CHILE-SF-19-Z-A,E1_Puna_seca_andina.gpkg
74,1,E1_Puna_seca_andina,24,CHILE-SE-19-Z-C,E1_Puna_seca_andina.gpkg
75,1,E1_Puna_seca_andina,24,CHILE-SF-19-Z-A,E1_Puna_seca_andina.gpkg
76,1,E1_Puna_seca_andina,24,CHILE-SE-19-Z-C,E1_Puna_seca_andina.gpkg
77,1,E1_Puna_seca_andina,24,CHILE-SF-19-Z-C,E1_Puna_seca_andina.gpkg
78,1,E1_Puna_seca_andina,24,CHILE-SF-19-Z-C,E1_Puna_seca_andina.gpkg
79,1,E1_Puna_seca_andina,24,CHILE-SF-19-Z-A,E1_Puna_seca_andina.gpkg
80,1,E1_Puna_seca_andina,24,CHILE-SE-19-V-D,E1_Puna_seca_andina.gpkg
81,1,E1_Puna_seca_andina,24,CHILE-SE-19-Z-C,E1_Puna_seca_andina.gpkg
82,1,E1_Puna_seca_andina,24,CHILE-SF-19-Z-C,E1_Puna_seca_andina.gpkg
83,1,E1_Puna_seca_andina,24,CHILE-SF-19-Z-C,E1_Puna_seca_andina.gpkg
84,1,E1_Puna_seca_andina,24,CHILE-SF-19-Z-A,E1_Puna_seca_andina.gpkg
85,1,E1_Puna_seca_andina,24,CHILE-SF-19-Z-A,E1_Puna_seca_andina.gpkg
86,1,E1_Puna_seca_andina,24,CHILE-SF-19-Z-A,E1_Puna_seca_andina.gpkg
87,1,E1_Puna_seca_andina,24,CHILE-SF-19-Z-A,E1_Puna_seca_andina.gpkg
88,1,E1_Puna_seca_andina,24,CHILE-SE-19-Y-B,E1_Puna_seca_andina.gpkg
89,1,E1_Puna_seca_andina,24,CHILE-SF-19-Z-A,E1_Puna_seca_andina.gpkg
90,1,E1_Puna_seca_andina,24,CHILE-SF-19-Z-A,E1_Puna_seca_andina.gpkg
91,1,E1_Puna_seca_andina,24,CHILE-SF-19-Z-C,E1_Puna_seca_andina.gpkg
92,1,E1_Puna_seca_andina,24,CHILE-SE-19-Y-D,E1_Puna_seca_andina.gpkg
93,1,E1_Puna_seca_andina,24,CHILE-SF-19-Z-C,E1_Puna_seca_andina.gpkg
94,1,E1_Puna_seca_andina,24,CHILE-SE-19-Y-B,E1_Puna_seca_andina.gpkg
95,1,E1_Puna_seca_andina,24,CHILE-SE-19-Z-C,E1_Puna_seca_andina.gpkg
96,1,E1_Puna_seca_andina,24,CHILE-SE-19-Z-C,E1_Puna_seca_andina.gpkg
97,1,E1_Puna_seca_andina,24,CHILE-SF-19-Z-C,E1_Puna_seca_andina.gpkg
98,1,E1_Puna_seca_andina,24,CHILE-SE-19-Y-B,E1_Puna_seca_andina.gpkg
99,1,E1_Puna_seca_andina,24,CHILE-SF-19-Z-A,E1_Puna_seca_andina.gpkg
100,1,E1_Puna_seca_andina,24,CHILE-SF-19-Z-A,E1_Puna_seca_andina.gpkg
101,1,E1_Puna_seca_andina,24,CHILE-SF-19-Z-C,E1_Puna_seca_andina.gpkg
102,1,E1_Puna_seca_andina,24,CHILE-SF-19-Z-A,E1_Puna_seca_andina.gpkg
103,1,E1_Puna_seca_andina,24,CHILE-SE-19-Z-C,E1_Puna_seca_andina.gpkg
104,1,E1_Puna_seca_andina,25,CHILE-SF-19-X-C,E1_Puna_seca_andina.gpkg
105,1,E1_Puna_seca_andina,25,CHILE-SF-19-Z-A,E1_Puna_seca_andina.gpkg
106,1,E1_Puna_seca_andina,25,CHILE-SG-19-X-A,E1_Puna_seca_andina.gpkg
107,1,E1_Puna_seca_andina,25,CHILE-SF-19-Z-C,E1_Puna_seca_andina.gpkg
108,1,E1_Puna_seca_andina,25,CHILE-SF-19-X-A,E1_Puna_seca_andina.gpkg
109,1,E1_Puna_seca_andina,25,CHILE-SF-19-X-A,E1_Puna_seca_andina.gpkg
110,1,E1_Puna_seca_andina,25,CHILE-SE-19-Y-B,E1_Puna_seca_andina.gpkg
111,1,E1_Puna_seca_andina,25,CHILE-SE-19-Y-B,E1_Puna_seca_andina.gpkg
112,1,E1_Puna_seca_andina,25,CHILE-SG-19-Z-A,E1_Puna_seca_andina.gpkg
113,1,E1_Puna_seca_andina,25,CHILE-SG-19-X-A,E1_Puna_seca_andina.gpkg
114,1,E1_Puna_seca_andina,25,CHILE-SG-19-X-C,E1_Puna_seca_andina.gpkg
115,1,E1_Puna_seca_andina,25,CHILE-SF-19-Z-A,E1_Puna_seca_andina.gpkg
116,1,E1_Puna_seca_andina,25,CHILE-SE-19-Y-B,E1_Puna_seca_andina.gpkg
117,1,E1_Puna_seca_andina,25,CHILE-SG-19-X-A,E1_Puna_seca_andina.gpkg
118,1,E1_Puna_seca_andina,25,CHILE-SE-19-Y-B,E1_Puna_seca_andina.gpkg
119,1,E1_Puna_seca_andina,25,CHILE-SG-19-Z-A,E1_Puna_seca_andina.gpkg
120,1,E1_Puna_seca_andina,25,CHILE-SE-19-Y-B,E1_Puna_seca_andina.gpkg
121,1,E1_Puna_seca_andina,25,CHILE-SE-19-Y-D,E1_Puna_seca_andina.gpkg
122,1,E1_Puna_seca_andina,25,CHILE-SE-19-Y-B,E1_Puna_seca_andina.gpkg
123,1,E1_Puna_seca_andina,25,CHILE-SF-19-X-A,E1_Puna_seca_andina.gpkg
124,1,E1_Puna_seca_andina,25,CHILE-SF-19-Z-D,E1_Puna_seca_andina.gpkg
125,1,E1_Puna_seca_andina,25,CHILE-SF-19-X-C,E1_Puna_seca_andina.gpkg
126,1,E1_Puna_seca_andina,25,CHILE-SF-19-Z-D,E1_Puna_seca_andina.gpkg
127,1,E1_Puna_seca_andina,25,CHILE-SE-19-Y-B,E1_Puna_seca_andina.gpkg
128,1,E1_Puna_seca_andina,25,CHILE-SF-19-Z-A,E1_Puna_seca_andina.gpkg
129,1,E1_Puna_seca_andina,25,CHILE-SE-19-Y-B,E1_Puna_seca_andina.gpkg
130,1,E1_Puna_seca_andina,25,CHILE-SG-19-X-A,E1_Puna_seca_andina.gpkg
131,1,E1_Puna_seca_andina,25,CHILE-SF-19-Z-A,E1_Puna_seca_andina.gpkg
132,1,E1_Puna_seca_andina,25,CHILE-SF-19-Z-C,E1_Puna_seca_andina.gpkg
133,1,E1_Puna_seca_andina,25,CHILE-SE-19-Y-B,E1_Puna_seca_andina.gpkg
134,1,E1_Puna_seca_andina,25,CHILE-SE-19-V-D,E1_Puna_seca_andina.gpkg
135,1,E1_Puna_seca_andina,25,CHILE-SG-19-X-A,E1_Puna_seca_andina.gpkg
136,1,E1_Puna_seca_andina,25,CHILE-SE-19-Y-B,E1_Puna_seca_andina.gpkg
137,1,E1_Puna_seca_andina,25,CHILE-SF-19-X-C,E1_Puna_seca_andina.gpkg
138,1,E1_Puna_seca_andina,25,CHILE-SE-19-V-D,E1_Puna_seca_andina.gpkg
139,1,E1_Puna_seca_andina,25,CHILE-SF-19-X-A,E1_Puna_seca_andina.gpkg
140,1,E1_Puna_seca_andina,25,CHILE-SE-19-Y-B,E1_Puna_seca_andina.gpkg
141,1,E1_Puna_seca_andina,25,CHILE-SE-19-Y-B,E1_Puna_seca_andina.gpkg
142,1,E1_Puna_seca_andina,25,CHILE-SF-19-Z-D,E1_Puna_seca_andina.gpkg
143,1,E1_Puna_seca_andina,29,CHILE-SE-19-Z-C,E1_Puna_seca_andina.gpkg
144,1,E1_Puna_seca_andina,29,CHILE-SE-19-Y-D,E1_Puna_seca_andina.gpkg
145,1,E1_Puna_seca_andina,29,CHILE-SG-19-X-C,E1_Puna_seca_andina.gpkg
146,1,E1_Puna_seca_andina,29,CHILE-SE-19-Y-B,E1_Puna_seca_andina.gpkg
147,1,E1_Puna_seca_andina,29,CHILE-SG-19-Y-B,E1_Puna_seca_andina.gpkg
148,1,E1_Puna_seca_andina,29,CHILE-SE-19-V-D,E1_Puna_seca_andina.gpkg
149,1,E1_Puna_seca_andina,29,CHILE-SF-19-Z-C,E1_Puna_seca_andina.gpkg
150,1,E1_Puna_seca_andina,29,CHILE-SF-19-Z-C,E1_Puna_seca_andina.gpkg
151,1,E1_Puna_seca_andina,29,CHILE-SG-19-Y-B,E1_Puna_seca_andina.gpkg
152,1,E1_Puna_seca_andina,29,CHILE-SG-19-X-C,E1_Puna_seca_andina.gpkg
153,1,E1_Puna_seca_andina,29,CHILE-SE-19-Z-C,E1_Puna_seca_andina.gpkg
154,1,E1_Puna_seca_andina,29,CHILE-SG-19-X-C,E1_Puna_seca_andina.gpkg
155,1,E1_Puna_seca_andina,29,CHILE-SE-19-V-D,E1_Puna_seca_andina.gpkg
156,1,E1_Puna_seca_andina,29,CHILE-SF-19-Z-A,E1_Puna_seca_andina.gpkg
157,1,E1_Puna_seca_andina,29,CHILE-SG-19-X-C,E1_Puna_seca_andina.gpkg
158,1,E1_Puna_seca_andina,29,CHILE-SE-19-Y-B,E1_Puna_seca_andina.gpkg
159,1,E1_Puna_seca_andina,29,CHILE-SG-19-Y-B,E1_Puna_seca_andina.gpkg
160,1,E1_Puna_seca_andina,29,CHILE-SG-19-V-D,E1_Puna_seca_andina.gpkg
161,1,E1_Puna_seca_andina,29,CHILE-SG-19-X-C,E1_Puna_seca_andina.gpkg
162,1,E1_Puna_seca_andina,29,CHILE-SE-19-V-D,E1_Puna_seca_andina.gpkg
163,1,E1_Puna_seca_andina,29,CHILE-SG-19-V-D,E1_Puna_seca_andina.gpkg
164,1,E1_Puna_seca_andina,29,CHILE-SG-19-V-D,E1_Puna_seca_andina.gpkg
165,1,E1_Puna_seca_andina,59,CHILE-SF-19-Z-A,E1_Puna_seca_andina.gpkg
166,1,E1_Puna_seca_andina,59,CHILE-SF-19-Z-C,E1_Puna_seca_andina.gpkg
167,1,E1_Puna_seca_andina,59,CHILE-SF-19-Z-C,E1_Puna_seca_andina.gpkg
168,1,E1_Puna_seca_andina,59,CHILE-SF-19-Z-C,E1_Puna_seca_andina.gpkg
169,1,E1_Puna_seca_andina,59,CHILE-SF-19-Z-A,E1_Puna_seca_andina.gpkg
170,1,E1_Puna_seca_andina,59,CHILE-SF-19-Z-C,E1_Puna_seca_andina.gpkg
171,1,E1_Puna_seca_andina,59,CHILE-SF-19-Z-C,E1_Puna_seca_andina.gpkg
172,1,E1_Puna_seca_andina,59,CHILE-SF-19-Z-C,E1_Puna_seca_andina.gpkg
173,1,E1_Puna_seca_andina,59,CHILE-SF-19-Z-C,E1_Puna_seca_andina.gpkg
174,1,E1_Puna_seca_andina,59,CHILE-SF-19-Z-C,E1_Puna_seca_andina.gpkg
175,1,E1_Puna_seca_andina,59,CHILE-SF-19-Z-C,E1_Puna_seca_andina.gpkg
176,1,E1_Puna_seca_andina,59,CHILE-SF-19-Z-C,E1_Puna_seca_andina.gpkg
177,1,E1_Puna_seca_andina,59,CHILE-SF-19-Z-C,E1_Puna_seca_andina.gpkg
178,1,E1_Puna_seca_andina,59,CHILE-SF-19-Z-A,E1_Puna_seca_andina.gpkg
179,1,E1_Puna_seca_andina,59,CHILE-SF-19-Z-A,E1_Puna_seca_andina.gpkg
180,1,E1_Puna_seca_andina,59,CHILE-SF-19-Z-C,E1_Puna_seca_andina.gpkg
181,1,E1_Puna_seca_andina,59,CHILE-SF-19-Z-C,E1_Puna_seca_andina.gpkg
182,1,E1_Puna_seca_andina,59,CHILE-SF-19-Z-C,E1_Puna_seca_andina.gpkg
183,1,E1_Puna_seca_andina,59,CHILE-SF-19-Z-C,E1_Puna_seca_andina.gpkg
184,1,E1_Puna_seca_andina,59,CHILE-SF-19-Z-C,E1_Puna_seca_andina.gpkg
185,1,E1_Puna_seca_andina,59,CHILE-SF-19-Z-C,E1_Puna_seca_andina.gpkg
186,1,E1_Puna_seca_andina,59,CHILE-SF-19-Z-C,E1_Puna_seca_andina.gpkg
187,1,E1_Puna_seca_andina,59,CHILE-SF-19-Z-C,E1_Puna_seca_andina.gpkg
188,1,E1_Puna_seca_andina,59,CHILE-SF-19-Z-C,E1_Puna_seca_andina.gpkg
189,1,E1_Puna_seca_andina,59,CHILE-SF-19-Z-C,E1_Puna_seca_andina.gpkg
190,1,E1_Puna_seca_andina,59,CHILE-SF-19-Z-C,E1_Puna_seca_andina.gpkg
191,1,E1_Puna_seca_andina,59,CHILE-SF-19-Z-A,E1_Puna_seca_andina.gpkg
192,1,E1_Puna_seca_andina,59,CHILE-SF-19-Z-A,E1_Puna_seca_andina.gpkg
193,1,E1_Puna_seca_andina,59,CHILE-SF-19-Z-A,E1_Puna_seca_andina.gpkg
194,1,E1_Puna_seca_andina,61,CHILE-SE-19-Y-B,E1_Puna_seca_andina.gpkg
195,1,E1_Puna_seca_andina,61,CHILE-SF-19-Z-C,E1_Puna_seca_andina.gpkg
196,1,E1_Puna_seca_andina,61,CHILE-SF-19-X-A,E1_Puna_seca_andina.gpkg
197,1,E1_Puna_seca_andina,61,CHILE-SF-19-X-A,E1_Puna_seca_andina.gpkg
198,1,E1_Puna_seca_andina,61,CHILE-SF-19-X-C,E1_Puna_seca_andina.gpkg
199,1,E1_Puna_seca_andina,61,CHILE-SF-19-X-C,E1_Puna_seca_andina.gpkg
200,1,E1_Puna_seca_andina,61,CHILE-SF-19-X-A,E1_Puna_seca_andina.gpkg
201,1,E1_Puna_seca_andina,61,CHILE-SE-19-Y-B,E1_Puna_seca_andina.gpkg
202,1,E1_Puna_seca_andina,61,CHILE-SF-19-X-A,E1_Puna_seca_andina.gpkg
203,1,E1_Puna_seca_andina,61,CHILE-SF-19-X-C,E1_Puna_seca_andina.gpkg
204,1,E1_Puna_seca_andina,61,CHILE-SF-19-Z-C,E1_Puna_seca_andina.gpkg
205,1,E1_Puna_seca_andina,61,CHILE-SF-19-X-C,E1_Puna_seca_andina.gpkg
206,1,E1_Puna_seca_andina,61,CHILE-SF-19-X-C,E1_Puna_seca_andina.gpkg
207,1,E1_Puna_seca_andina,61,CHILE-SF-19-X-C,E1_Puna_seca_andina.gpkg
208,1,E1_Puna_seca_andina,61,CHILE-SF-19-X-A,E1_Puna_seca_andina.gpkg
209,1,E1_Puna_seca_andina,61,CHILE-SF-19-X-A,E1_Puna_seca_andina.gpkg
210,1,E1_Puna_seca_andina,61,CHILE-SE-19-Y-B,E1_Puna_seca_andina.gpkg
211,1,E1_Puna_seca_andina,61,CHILE-SF-19-X-A,E1_Puna_seca_andina.gpkg
212,1,E1_Puna_seca_andina,61,CHILE-SE-19-Y-B,E1_Puna_seca_andina.gpkg
213,1,E1_Puna_seca_andina,61,CHILE-SF-19-X-A,E1_Puna_seca_andina.gpkg
214,1,E1_Puna_seca_andina,61,CHILE-SF-19-X-C,E1_Puna_seca_andina.gpkg
215,1,E1_Puna_seca_andina,61,CHILE-SF-19-X-C,E1_Puna_seca_andina.gpkg
216,1,E1_Puna_seca_andina,61,CHILE-SF-19-X-C,E1_Puna_seca_andina.gpkg
217,1,E1_Puna_seca_andina,61,CHILE-SE-19-Y-B,E1_Puna_seca_andina.gpkg
218,1,E1_Puna_seca_andina,61,CHILE-SE-19-Y-B,E1_Puna_seca_andina.gpkg
219,1,E1_Puna_seca_andina,61,CHILE-SF-19-Z-C,E1_Puna_seca_andina.gpkg
220,1,E1_Puna_seca_andina,61,CHILE-SF-19-X-A,E1_Puna_seca_andina.gpkg
221,1,E1_Puna_seca_andina,61,CHILE-SE-19-Y-B,E1_Puna_seca_andina.gpkg
222,1,E1_Puna_seca_andina,61,CHILE-SE-19-Y-B,E1_Puna_seca_andina.gpkg
223,1,E1_Puna_seca_andina,61,CHILE-SF-19-X-C,E1_Puna_seca_andina.gpkg
224,1,E1_Puna_seca_andina,61,CHILE-SF-19-X-C,E1_Puna_seca_andina.gpkg
225,1,E1_Puna_seca_andina,61,CHILE-SF-19-Z-C,E1_Puna_seca_andina.gpkg
226,1,E1_Puna_seca_andina,63,CHILE-SF-19-X-C,E1_Puna_seca_andina.gpkg
227,1,E1_Puna_seca_andina,63,CHILE-SE-19-Y-D,E1_Puna_seca_andina.gpkg
228,1,E1_Puna_seca_andina,63,CHILE-SE-19-Y-D,E1_Puna_seca_andina.gpkg
229,1,E1_Puna_seca_andina,63,CHILE-SE-19-Y-B,E1_Puna_seca_andina.gpkg
230,1,E1_Puna_seca_andina,63,CHILE-SE-19-Y-B,E1_Puna_seca_andina.gpkg
231,1,E1_Puna_seca_andina,63,CHILE-SE-19-Z-C,E1_Puna_seca_andina.gpkg
232,1,E1_Puna_seca_andina,63,CHILE-SF-19-X-C,E1_Puna_seca_andina.gpkg
233,1,E1_Puna_seca_andina,63,CHILE-SF-19-X-A,E1_Puna_seca_andina.gpkg
234,1,E1_Puna_seca_andina,63,CHILE-SE-19-Z-C,E1_Puna_seca_andina.gpkg
235,1,E1_Puna_seca_andina,63,CHILE-SF-19-X-C,E1_Puna_seca_andina.gpkg
236,1,E1_Puna_seca_andina,63,CHILE-SE-19-Y-B,E1_Puna_seca_andina.gpkg
237,1,E1_Puna_seca_andina,63,CHILE-SF-19-X-A,E1_Puna_seca_andina.gpkg
238,1,E1_Puna_seca_andina,63,CHILE-SF-19-X-C,E1_Puna_seca_andina.gpkg
239,1,E1_Puna_seca_andina,63,CHILE-SE-19-Y-B,E1_Puna_seca_andina.gpkg
240,1,E1_Puna_seca_andina,63,CHILE-SE-19-Y-B,E1_Puna_seca_andina.gpkg
241,1,E1_Puna_seca_andina,63,CHILE-SF-19-X-A,E1_Puna_seca_andina.gpkg
242,1,E1_Puna_seca_andina,63,CHILE-SE-19-Y-B,E1_Puna_seca_andina.gpkg
243,1,E1_Puna_seca_andina,63,CHILE-SE-19-Y-B,E1_Puna_seca_andina.gpkg
244,1,E1_Puna_seca_andina,63,CHILE-SE-19-Y-B,E1_Puna_seca_andina.gpkg
245,1,E1_Puna_seca_andina,63,CHILE-SF-19-X-C,E1_Puna_seca_andina.gpkg
246,1,E1_Puna_seca_andina,63,CHILE-SF-19-Z-B,E1_Puna_seca_andina.gpkg
247,1,E1_Puna_seca_andina,63,CHILE-SE-19-Z-C,E1_Puna_seca_andina.gpkg
248,1,E1_Puna_seca_andina,63,CHILE-SE-19-Y-B,E1_Puna_seca_andina.gpkg
249,1,E1_Puna_seca_andina,63,CHILE-SE-19-Y-B,E1_Puna_seca_andina.gpkg
250,1,E1_Puna_seca_andina,63,CHILE-SE-19-Y-B,E1_Puna_seca_andina.gpkg
251,1,E1_Puna_seca_andina,63,CHILE-SE-19-Y-D,E1_Puna_seca_andina.gpkg
252,1,E1_Puna_seca_andina,63,CHILE-SF-19-X-C,E1_Puna_seca_andina.gpkg
253,1,E1_Puna_seca_andina,63,CHILE-SF-19-X-C,E1_Puna_seca_andina.gpkg
254,1,E1_Puna_seca_andina,63,CHILE-SE-19-Y-B,E1_Puna_seca_andina.gpkg
255,1,E1_Puna_seca_andina,63,CHILE-SE-19-Y-B,E1_Puna_seca_andina.gpkg
256,1,E1_Puna_seca_andina,63,CHILE-SF-19-X-C,E1_Puna_seca_andina.gpkg
257,1,E1_Puna_seca_andina,63,CHILE-SE-19-Y-B,E1_Puna_seca_andina.gpkg
258,1,E1_Puna_seca_andina,63,CHILE-SE-19-Y-B,E1_Puna_seca_andina.gpkg
259,1,E1_Puna_seca_andina,63,CHILE-SF-19-X-A,E1_Puna_seca_andina.gpkg
260,1,E1_Puna_seca_andina,63,CHILE-SE-19-Y-B,E1_Puna_seca_andina.gpkg
261,1,E1_Puna_seca_andina,63,CHILE-SF-19-X-C,E1_Puna_seca_andina.gpkg
262,1,E1_Puna_seca_andina,63,CHILE-SF-19-X-C,E1_Puna_seca_andina.gpkg
263,1,E1_Puna_seca_andina,63,CHILE-SE-19-Y-B,E1_Puna_seca_andina.gpkg
264,1,E1_Puna_seca_andina,63,CHILE-SF-19-X-C,E1_Puna_seca_andina.gpkg
265,1,E1_Puna_seca_andina,63,CHILE-SE-19-Y-B,E1_Puna_seca_andina.gpkg
266,1,E1_Puna_seca_andina,63,CHILE-SE-19-Y-B,E1_Puna_seca_andina.gpkg
267,1,E1_Puna_seca_andina,63,CHILE-SE-19-Y-B,E1_Puna_seca_andina.gpkg
268,1,E1_Puna_seca_andina,63,CHILE-SF-19-X-C,E1_Puna_seca_andina.gpkg
269,1,E1_Puna_seca_andina,63,CHILE-SE-19-Y-D,E1_Puna_seca_andina.gpkg
270,1,E1_Puna_seca_andina,63,CHILE-SF-19-X-C,E1_Puna_seca_andina.gpkg
271,1,E1_Puna_seca_andina,63,CHILE-SE-19-Y-B,E1_Puna_seca_andina.gpkg
272,1,E1_Puna_seca_andina,63,CHILE-SE-19-Y-B,E1_Puna_seca_andina.gpkg
273,1,E1_Puna_seca_andina,63,CHILE-SF-19-X-C,E1_Puna_seca_andina.gpkg
274,1,E1_Puna_seca_andina,66,CHILE-SE-19-Y-B,E1_Puna_seca_andina.gpkg
275,1,E1_Puna_seca_andina,66,CHILE-SE-19-Y-D,E1_Puna_seca_andina.gpkg
276,1,E1_Puna_seca_andina,66,CHILE-SE-19-Y-B,E1_Puna_seca_andina.gpkg
277,1,E1_Puna_seca_andina,66,CHILE-SE-19-Y-B,E1_Puna_seca_andina.gpkg
278,1,E1_Puna_seca_andina,66,CHILE-SE-19-Y-B,E1_Puna_seca_andina.gpkg
279,1,E1_Puna_seca_andina,66,CHILE-SE-19-Y-D,E1_Puna_seca_andina.gpkg
280,1,E1_Puna_seca_andina,66,CHILE-SE-19-Y-B,E1_Puna_seca_andina.gpkg
281,1,E1_Puna_seca_andina,66,CHILE-SE-19-Y-D,E1_Puna_seca_andina.gpkg
282,1,E1_Puna_seca_andina,66,CHILE-SE-19-Y-B,E1_Puna_seca_andina.gpkg
283,1,E1_Puna_seca_andina,66,CHILE-SE-19-Y-B,E1_Puna_seca_andina.gpkg
284,1,E1_Puna_seca_andina,66,CHILE-SE-19-Y-B,E1_Puna_seca_andina.gpkg
285,1,E1_Puna_seca_andina,66,CHILE-SE-19-Y-B,E1_Puna_seca_andina.gpkg
286,1,E1_Puna_seca_andina,66,CHILE-SE-19-Y-B,E1_Puna_seca_andina.gpkg
287,1,E1_Puna_seca_andina,66,CHILE-SE-19-Y-D,E1_Puna_seca_andina.gpkg
288,1,E1_Puna_seca_andina,66,CHILE-SE-19-Y-B,E1_Puna_seca_andina.gpkg
289,1,E1_Puna_seca_andina,66,CHILE-SE-19-Y-B,E1_Puna_seca_andina.gpkg
290,1,E1_Puna_seca_andina,66,CHILE-SE-19-Y-D,E1_Puna_seca_andina.gpkg
291,1,E1_Puna_seca_andina,66,CHILE-SE-19-Y-B,E1_Puna_seca_andina.gpkg
292,1,E1_Puna_seca_andina,66,CHILE-SE-19-Y-B,E1_Puna_seca_andina.gpkg
293,1,E1_Puna_seca_andina,66,CHILE-SE-19-Y-D,E1_Puna_seca_andina.gpkg
294,1,E1_Puna_seca_andina,66,CHILE-SE-19-Y-D,E1_Puna_seca_andina.gpkg
295,1,E1_Puna_seca_andina,66,CHILE-SE-19-Y-B,E1_Puna_seca_andina.gpkg
296,2,E2_Desierto_Atacama,11,CHILE-SF-19-Y-B,E2_Desierto_Atacama.gpkg
297,2,E2_Desierto_Atacama,11,CHILE-SE-19-Y-D,E2_Desierto_Atacama.gpkg
298,2,E2_Desierto_Atacama,11,CHILE-SE-19-Y-D,E2_Desierto_Atacama.gpkg
299,2,E2_Desierto_Atacama,11,CHILE-SF-19-Y-B,E2_Desierto_Atacama.gpkg
300,2,E2_Desierto_Atacama,11,CHILE-SE-19-Y-D,E2_Desierto_Atacama.gpkg
301,2,E2_Desierto_Atacama,11,CHILE-SF-19-Y-B,E2_Desierto_Atacama.gpkg
302,2,E2_Desierto_Atacama,11,CHILE-SE-19-Y-D,E2_Desierto_Atacama.gpkg
303,2,E2_Desierto_Atacama,11,CHILE-SF-19-V-D,E2_Desierto_Atacama.gpkg
304,2,E2_Desierto_Atacama,11,CHILE-SF-19-Y-B,E2_Desierto_Atacama.gpkg
305,2,E2_Desierto_Atacama,11,CHILE-SE-19-Y-D,E2_Desierto_Atacama.gpkg
306,2,E2_Desierto_Atacama,11,CHILE-SE-19-Y-D,E2_Desierto_Atacama.gpkg
307,2,E2_Desierto_Atacama,11,CHILE-SE-19-Y-D,E2_Desierto_Atacama.gpkg
308,2,E2_Desierto_Atacama,11,CHILE-SE-19-Y-D,E2_Desierto_Atacama.gpkg
309,2,E2_Desierto_Atacama,11,CHILE-SE-19-Y-D,E2_Desierto_Atacama.gpkg
310,2,E2_Desierto_Atacama,11,CHILE-SE-19-Y-D,E2_Desierto_Atacama.gpkg
311,2,E2_Desierto_Atacama,11,CHILE-SF-19-Y-B,E2_Desierto_Atacama.gpkg
312,2,E2_Desierto_Atacama,11,CHILE-SE-19-Y-D,E2_Desierto_Atacama.gpkg
313,2,E2_Desierto_Atacama,11,CHILE-SF-19-Y-B,E2_Desierto_Atacama.gpkg
314,2,E2_Desierto_Atacama,11,CHILE-SE-19-Y-D,E2_Desierto_Atacama.gpkg
315,2,E2_Desierto_Atacama,11,CHILE-SF-19-Y-B,E2_Desierto_Atacama.gpkg
316,2,E2_Desierto_Atacama,11,CHILE-SE-19-Y-D,E2_Desierto_Atacama.gpkg
317,2,E2_Desierto_Atacama,18,CHILE-SE-19-Y-D,E2_Desierto_Atacama.gpkg
318,2,E2_Desierto_Atacama,18,CHILE-SE-19-Y-B,E2_Desierto_Atacama.gpkg
319,2,E2_Desierto_Atacama,18,CHILE-SE-19-Y-B,E2_Desierto_Atacama.gpkg
320,2,E2_Desierto_Atacama,18,CHILE-SE-19-Y-D,E2_Desierto_Atacama.gpkg
321,2,E2_Desierto_Atacama,18,CHILE-SE-19-Y-B,E2_Desierto_Atacama.gpkg
322,2,E2_Desierto_Atacama,18,CHILE-SF-19-Z-A,E2_Desierto_Atacama.gpkg
323,2,E2_Desierto_Atacama,18,CHILE-SE-19-Y-B,E2_Desierto_Atacama.gpkg
324,2,E2_Desierto_Atacama,18,CHILE-SE-19-Y-B,E2_Desierto_Atacama.gpkg
325,2,E2_Desierto_Atacama,18,CHILE-SE-19-Y-D,E2_Desierto_Atacama.gpkg
326,2,E2_Desierto_Atacama,18,CHILE-SE-19-Y-B,E2_Desierto_Atacama.gpkg
327,2,E2_Desierto_Atacama,18,CHILE-SF-19-Z-A,E2_Desierto_Atacama.gpkg
328,2,E2_Desierto_Atacama,18,CHILE-SF-19-Z-A,E2_Desierto_Atacama.gpkg
329,2,E2_Desierto_Atacama,18,CHILE-SF-19-Z-A,E2_Desierto_Atacama.gpkg
330,2,E2_Desierto_Atacama,18,CHILE-SF-19-Z-A,E2_Desierto_Atacama.gpkg
331,2,E2_Desierto_Atacama,18,CHILE-SE-19-Y-B,E2_Desierto_Atacama.gpkg
332,2,E2_Desierto_Atacama,18,CHILE-SE-19-Y-B,E2_Desierto_Atacama.gpkg
333,2,E2_Desierto_Atacama,18,CHILE-SE-19-Y-B,E2_Desierto_Atacama.gpkg
334,2,E2_Desierto_Atacama,18,CHILE-SF-19-Z-A,E2_Desierto_Atacama.gpkg
335,2,E2_Desierto_Atacama,18,CHILE-SE-19-Y-B,E2_Desierto_Atacama.gpkg
336,2,E2_Desierto_Atacama,18,CHILE-SE-19-Y-B,E2_Desierto_Atacama.gpkg
337,2,E2_Desierto_Atacama,18,CHILE-SE-19-Y-D,E2_Desierto_Atacama.gpkg
338,2,E2_Desierto_Atacama,18,CHILE-SE-19-Y-B,E2_Desierto_Atacama.gpkg
339,2,E2_Desierto_Atacama,18,CHILE-SE-19-Y-B,E2_Desierto_Atacama.gpkg
340,2,E2_Desierto_Atacama,23,CHILE-SF-19-Y-B,E2_Desierto_Atacama.gpkg
341,2,E2_Desierto_Atacama,23,CHILE-SF-19-V-B,E2_Desierto_Atacama.gpkg
342,2,E2_Desierto_Atacama,23,CHILE-SG-19-Y-B,E2_Desierto_Atacama.gpkg
343,2,E2_Desierto_Atacama,23,CHILE-SE-19-Y-B,E2_Desierto_Atacama.gpkg
344,2,E2_Desierto_Atacama,23,CHILE-SF-19-Y-B,E2_Desierto_Atacama.gpkg
345,2,E2_Desierto_Atacama,23,CHILE-SF-19-V-B,E2_Desierto_Atacama.gpkg
346,2,E2_Desierto_Atacama,23,CHILE-SF-19-V-B,E2_Desierto_Atacama.gpkg
347,2,E2_Desierto_Atacama,23,CHILE-SG-19-V-D,E2_Desierto_Atacama.gpkg
348,2,E2_Desierto_Atacama,23,CHILE-SF-19-Y-B,E2_Desierto_Atacama.gpkg
349,2,E2_Desierto_Atacama,23,CHILE-SF-19-V-B,E2_Desierto_Atacama.gpkg
350,2,E2_Desierto_Atacama,23,CHILE-SF-19-V-B,E2_Desierto_Atacama.gpkg
351,2,E2_Desierto_Atacama,23,CHILE-SF-19-V-B,E2_Desierto_Atacama.gpkg
352,2,E2_Desierto_Atacama,23,CHILE-SF-19-Y-B,E2_Desierto_Atacama.gpkg
353,2,E2_Desierto_Atacama,23,CHILE-SF-19-V-B,E2_Desierto_Atacama.gpkg
354,2,E2_Desierto_Atacama,23,CHILE-SF-19-V-B,E2_Desierto_Atacama.gpkg
355,2,E2_Desierto_Atacama,23,CHILE-SF-19-Y-B,E2_Desierto_Atacama.gpkg
356,2,E2_Desierto_Atacama,23,CHILE-SG-19-V-B,E2_Desierto_Atacama.gpkg
357,2,E2_Desierto_Atacama,23,CHILE-SF-19-V-B,E2_Desierto_Atacama.gpkg
358,2,E2_Desierto_Atacama,23,CHILE-SF-19-Y-B,E2_Desierto_Atacama.gpkg
359,2,E2_Desierto_Atacama,23,CHILE-SG-19-V-D,E2_Desierto_Atacama.gpkg
360,2,E2_Desierto_Atacama,23,CHILE-SF-19-V-B,E2_Desierto_Atacama.gpkg
361,2,E2_Desierto_Atacama,23,CHILE-SF-19-Y-B,E2_Desierto_Atacama.gpkg
362,2,E2_Desierto_Atacama,23,CHILE-SF-19-Y-B,E2_Desierto_Atacama.gpkg
363,2,E2_Desierto_Atacama,23,CHILE-SF-19-V-B,E2_Desierto_Atacama.gpkg
364,2,E2_Desierto_Atacama,23,CHILE-SF-19-V-B,E2_Desierto_Atacama.gpkg
365,2,E2_Desierto_Atacama,23,CHILE-SF-19-V-B,E2_Desierto_Atacama.gpkg
366,2,E2_Desierto_Atacama,23,CHILE-SF-19-V-B,E2_Desierto_Atacama.gpkg
367,2,E2_Desierto_Atacama,23,CHILE-SF-19-Y-B,E2_Desierto_Atacama.gpkg
368,2,E2_Desierto_Atacama,23,CHILE-SF-19-V-B,E2_Desierto_Atacama.gpkg
369,2,E2_Desierto_Atacama,24,CHILE-SF-19-V-B,E2_Desierto_Atacama.gpkg
370,2,E2_Desierto_Atacama,24,CHILE-SF-19-Y-B,E2_Desierto_Atacama.gpkg
371,2,E2_Desierto_Atacama,24,CHILE-SF-19-V-B,E2_Desierto_Atacama.gpkg
372,2,E2_Desierto_Atacama,24,CHILE-SF-19-Y-B,E2_Desierto_Atacama.gpkg
373,2,E2_Desierto_Atacama,24,CHILE-SE-19-Y-D,E2_Desierto_Atacama.gpkg
374,2,E2_Desierto_Atacama,24,CHILE-SF-19-V-B,E2_Desierto_Atacama.gpkg
375,2,E2_Desierto_Atacama,24,CHILE-SF-19-V-B,E2_Desierto_Atacama.gpkg
376,2,E2_Desierto_Atacama,24,CHILE-SF-19-V-B,E2_Desierto_Atacama.gpkg
377,2,E2_Desierto_Atacama,24,CHILE-SF-19-V-B,E2_Desierto_Atacama.gpkg
378,2,E2_Desierto_Atacama,24,CHILE-SF-19-Y-B,E2_Desierto_Atacama.gpkg
379,2,E2_Desierto_Atacama,24,CHILE-SF-19-V-B,E2_Desierto_Atacama.gpkg
380,2,E2_Desierto_Atacama,24,CHILE-SF-19-V-B,E2_Desierto_Atacama.gpkg
381,2,E2_Desierto_Atacama,24,CHILE-SF-19-Y-D,E2_Desierto_Atacama.gpkg
382,2,E2_Desierto_Atacama,24,CHILE-SF-19-Y-B,E2_Desierto_Atacama.gpkg
383,2,E2_Desierto_Atacama,24,CHILE-SF-19-Y-B,E2_Desierto_Atacama.gpkg
384,2,E2_Desierto_Atacama,24,CHILE-SF-19-V-B,E2_Desierto_Atacama.gpkg
385,2,E2_Desierto_Atacama,24,CHILE-SF-19-V-B,E2_Desierto_Atacama.gpkg
386,2,E2_Desierto_Atacama,24,CHILE-SF-19-V-B,E2_Desierto_Atacama.gpkg
387,2,E2_Desierto_Atacama,24,CHILE-SF-19-V-B,E2_Desierto_Atacama.gpkg
388,2,E2_Desierto_Atacama,24,CHILE-SF-19-V-B,E2_Desierto_Atacama.gpkg
389,2,E2_Desierto_Atacama,24,CHILE-SE-19-Y-B,E2_Desierto_Atacama.gpkg
390,2,E2_Desierto_Atacama,24,CHILE-SE-19-Y-D,E2_Desierto_Atacama.gpkg
391,2,E2_Desierto_Atacama,24,CHILE-SF-19-V-B,E2_Desierto_Atacama.gpkg
392,2,E2_Desierto_Atacama,24,CHILE-SF-19-V-B,E2_Desierto_Atacama.gpkg
393,2,E2_Desierto_Atacama,24,CHILE-SF-19-V-B,E2_Desierto_Atacama.gpkg
394,2,E2_Desierto_Atacama,24,CHILE-SF-19-Y-B,E2_Desierto_Atacama.gpkg
395,2,E2_Desierto_Atacama,24,CHILE-SF-19-V-B,E2_Desierto_Atacama.gpkg
396,2,E2_Desierto_Atacama,24,CHILE-SF-19-V-B,E2_Desierto_Atacama.gpkg
397,2,E2_Desierto_Atacama,24,CHILE-SE-19-Y-B,E2_Desierto_Atacama.gpkg
398,2,E2_Desierto_Atacama,24,CHILE-SF-19-Z-A,E2_Desierto_Atacama.gpkg
399,2,E2_Desierto_Atacama,24,CHILE-SF-19-V-B,E2_Desierto_Atacama.gpkg
400,2,E2_Desierto_Atacama,24,CHILE-SF-19-V-B,E2_Desierto_Atacama.gpkg
401,2,E2_Desierto_Atacama,24,CHILE-SF-19-V-B,E2_Desierto_Atacama.gpkg
402,2,E2_Desierto_Atacama,24,CHILE-SF-19-Y-B,E2_Desierto_Atacama.gpkg
403,2,E2_Desierto_Atacama,24,CHILE-SE-19-Y-D,E2_Desierto_Atacama.gpkg
404,2,E2_Desierto_Atacama,24,CHILE-SE-19-Y-B,E2_Desierto_Atacama.gpkg
405,2,E2_Desierto_Atacama,24,CHILE-SF-19-Y-D,E2_Desierto_Atacama.gpkg
406,2,E2_Desierto_Atacama,24,CHILE-SF-19-Y-B,E2_Desierto_Atacama.gpkg
407,2,E2_Desierto_Atacama,24,CHILE-SF-19-V-B,E2_Desierto_Atacama.gpkg
408,2,E2_Desierto_Atacama,24,CHILE-SF-19-V-B,E2_Desierto_Atacama.gpkg
409,2,E2_Desierto_Atacama,24,CHILE-SF-19-Y-D,E2_Desierto_Atacama.gpkg
410,2,E2_Desierto_Atacama,24,CHILE-SF-19-Y-B,E2_Desierto_Atacama.gpkg
411,2,E2_Desierto_Atacama,25,CHILE-SE-19-Y-D,E2_Desierto_Atacama.gpkg
412,2,E2_Desierto_Atacama,25,CHILE-SE-19-Y-D,E2_Desierto_Atacama.gpkg
413,2,E2_Desierto_Atacama,25,CHILE-SG-19-V-B,E2_Desierto_Atacama.gpkg
414,2,E2_Desierto_Atacama,25,CHILE-SF-19-Y-D,E2_Desierto_Atacama.gpkg
415,2,E2_Desierto_Atacama,25,CHILE-SF-19-V-B,E2_Desierto_Atacama.gpkg
416,2,E2_Desierto_Atacama,25,CHILE-SE-19-Y-B,E2_Desierto_Atacama.gpkg
417,2,E2_Desierto_Atacama,25,CHILE-SE-19-Y-B,E2_Desierto_Atacama.gpkg
418,2,E2_Desierto_Atacama,25,CHILE-SE-19-Y-D,E2_Desierto_Atacama.gpkg
419,2,E2_Desierto_Atacama,25,CHILE-SF-19-V-D,E2_Desierto_Atacama.gpkg
420,2,E2_Desierto_Atacama,25,CHILE-SF-19-V-D,E2_Desierto_Atacama.gpkg
421,2,E2_Desierto_Atacama,25,CHILE-SE-19-Y-D,E2_Desierto_Atacama.gpkg
422,2,E2_Desierto_Atacama,25,CHILE-SE-19-Y-D,E2_Desierto_Atacama.gpkg
423,2,E2_Desierto_Atacama,25,CHILE-SE-19-Y-D,E2_Desierto_Atacama.gpkg
424,2,E2_Desierto_Atacama,25,CHILE-SF-19-Y-B,E2_Desierto_Atacama.gpkg
425,2,E2_Desierto_Atacama,25,CHILE-SE-19-Y-B,E2_Desierto_Atacama.gpkg
426,2,E2_Desierto_Atacama,25,CHILE-SF-19-V-D,E2_Desierto_Atacama.gpkg
427,2,E2_Desierto_Atacama,25,CHILE-SE-19-Y-B,E2_Desierto_Atacama.gpkg
428,2,E2_Desierto_Atacama,25,CHILE-SE-19-Y-D,E2_Desierto_Atacama.gpkg
429,2,E2_Desierto_Atacama,25,CHILE-SF-19-Y-D,E2_Desierto_Atacama.gpkg
430,2,E2_Desierto_Atacama,25,CHILE-SF-19-V-B,E2_Desierto_Atacama.gpkg
431,2,E2_Desierto_Atacama,25,CHILE-SG-19-V-B,E2_Desierto_Atacama.gpkg
432,2,E2_Desierto_Atacama,25,CHILE-SF-19-V-D,E2_Desierto_Atacama.gpkg
433,2,E2_Desierto_Atacama,25,CHILE-SF-19-Y-B,E2_Desierto_Atacama.gpkg
434,2,E2_Desierto_Atacama,25,CHILE-SF-19-Y-B,E2_Desierto_Atacama.gpkg
435,2,E2_Desierto_Atacama,25,CHILE-SG-19-V-D,E2_Desierto_Atacama.gpkg
436,2,E2_Desierto_Atacama,25,CHILE-SF-19-Y-D,E2_Desierto_Atacama.gpkg
437,2,E2_Desierto_Atacama,25,CHILE-SF-19-V-B,E2_Desierto_Atacama.gpkg
438,2,E2_Desierto_Atacama,25,CHILE-SG-19-V-B,E2_Desierto_Atacama.gpkg
439,2,E2_Desierto_Atacama,25,CHILE-SG-19-V-D,E2_Desierto_Atacama.gpkg
440,2,E2_Desierto_Atacama,25,CHILE-SG-19-V-D,E2_Desierto_Atacama.gpkg
441,2,E2_Desierto_Atacama,25,CHILE-SF-19-Y-B,E2_Desierto_Atacama.gpkg
442,2,E2_Desierto_Atacama,25,CHILE-SE-19-Y-D,E2_Desierto_Atacama.gpkg
443,2,E2_Desierto_Atacama,25,CHILE-SG-19-V-D,E2_Desierto_Atacama.gpkg
444,2,E2_Desierto_Atacama,25,CHILE-SF-19-Y-B,E2_Desierto_Atacama.gpkg
445,2,E2_Desierto_Atacama,25,CHILE-SG-19-V-B,E2_Desierto_Atacama.gpkg
446,2,E2_Desierto_Atacama,25,CHILE-SF-19-Y-B,E2_Desierto_Atacama.gpkg
447,2,E2_Desierto_Atacama,25,CHILE-SF-19-V-D,E2_Desierto_Atacama.gpkg
448,2,E2_Desierto_Atacama,25,CHILE-SE-19-Y-D,E2_Desierto_Atacama.gpkg
449,2,E2_Desierto_Atacama,25,CHILE-SE-19-Y-B,E2_Desierto_Atacama.gpkg
450,2,E2_Desierto_Atacama,25,CHILE-SE-19-Y-B,E2_Desierto_Atacama.gpkg
451,2,E2_Desierto_Atacama,25,CHILE-SG-19-V-B,E2_Desierto_Atacama.gpkg
452,2,E2_Desierto_Atacama,29,CHILE-SE-19-Y-D,E2_Desierto_Atacama.gpkg
453,2,E2_Desierto_Atacama,29,CHILE-SE-19-Y-B,E2_Desierto_Atacama.gpkg
454,2,E2_Desierto_Atacama,29,CHILE-SF-19-Y-D,E2_Desierto_Atacama.gpkg
455,2,E2_Desierto_Atacama,29,CHILE-SE-19-Y-B,E2_Desierto_Atacama.gpkg
456,2,E2_Desierto_Atacama,29,CHILE-SF-19-V-D,E2_Desierto_Atacama.gpkg
457,2,E2_Desierto_Atacama,29,CHILE-SE-19-Y-D,E2_Desierto_Atacama.gpkg
458,2,E2_Desierto_Atacama,29,CHILE-SE-19-Y-D,E2_Desierto_Atacama.gpkg
459,2,E2_Desierto_Atacama,29,CHILE-SE-19-Y-D,E2_Desierto_Atacama.gpkg
460,2,E2_Desierto_Atacama,29,CHILE-SE-19-Y-B,E2_Desierto_Atacama.gpkg
461,2,E2_Desierto_Atacama,29,CHILE-SF-19-V-B,E2_Desierto_Atacama.gpkg
462,2,E2_Desierto_Atacama,29,CHILE-SE-19-Y-D,E2_Desierto_Atacama.gpkg
463,2,E2_Desierto_Atacama,29,CHILE-SF-19-V-D,E2_Desierto_Atacama.gpkg
464,2,E2_Desierto_Atacama,29,CHILE-SF-19-Y-D,E2_Desierto_Atacama.gpkg
465,2,E2_Desierto_Atacama,29,CHILE-SE-19-Y-D,E2_Desierto_Atacama.gpkg
466,2,E2_Desierto_Atacama,29,CHILE-SE-19-Y-D,E2_Desierto_Atacama.gpkg
467,2,E2_Desierto_Atacama,29,CHILE-SF-19-V-D,E2_Desierto_Atacama.gpkg
468,2,E2_Desierto_Atacama,29,CHILE-SE-19-Y-D,E2_Desierto_Atacama.gpkg
469,2,E2_Desierto_Atacama,29,CHILE-SF-19-Y-D,E2_Desierto_Atacama.gpkg
470,2,E2_Desierto_Atacama,29,CHILE-SF-19-V-B,E2_Desierto_Atacama.gpkg
471,2,E2_Desierto_Atacama,29,CHILE-SF-19-Y-D,E2_Desierto_Atacama.gpkg
472,2,E2_Desierto_Atacama,29,CHILE-SF-19-Y-D,E2_Desierto_Atacama.gpkg
473,2,E2_Desierto_Atacama,29,CHILE-SF-19-Y-D,E2_Desierto_Atacama.gpkg
474,2,E2_Desierto_Atacama,59,CHILE-SF-19-V-D,E2_Desierto_Atacama.gpkg
475,2,E2_Desierto_Atacama,59,CHILE-SF-19-V-B,E2_Desierto_Atacama.gpkg
476,2,E2_Desierto_Atacama,59,CHILE-SE-19-Y-D,E2_Desierto_Atacama.gpkg
477,2,E2_Desierto_Atacama,59,CHILE-SF-19-V-D,E2_Desierto_Atacama.gpkg
478,2,E2_Desierto_Atacama,59,CHILE-SF-19-V-B,E2_Desierto_Atacama.gpkg
479,2,E2_Desierto_Atacama,59,CHILE-SF-19-V-B,E2_Desierto_Atacama.gpkg
480,2,E2_Desierto_Atacama,59,CHILE-SF-19-V-B,E2_Desierto_Atacama.gpkg
481,2,E2_Desierto_Atacama,59,CHILE-SF-19-V-B,E2_Desierto_Atacama.gpkg
482,2,E2_Desierto_Atacama,59,CHILE-SF-19-V-B,E2_Desierto_Atacama.gpkg
483,2,E2_Desierto_Atacama,59,CHILE-SF-19-V-B,E2_Desierto_Atacama.gpkg
484,2,E2_Desierto_Atacama,59,CHILE-SF-19-V-B,E2_Desierto_Atacama.gpkg
485,2,E2_Desierto_Atacama,59,CHILE-SF-19-V-B,E2_Desierto_Atacama.gpkg
486,2,E2_Desierto_Atacama,59,CHILE-SE-19-Y-D,E2_Desierto_Atacama.gpkg
487,2,E2_Desierto_Atacama,59,CHILE-SF-19-V-B,E2_Desierto_Atacama.gpkg
488,2,E2_Desierto_Atacama,59,CHILE-SF-19-V-B,E2_Desierto_Atacama.gpkg
489,2,E2_Desierto_Atacama,59,CHILE-SE-19-Y-D,E2_Desierto_Atacama.gpkg
490,2,E2_Desierto_Atacama,59,CHILE-SF-19-V-B,E2_Desierto_Atacama.gpkg
491,2,E2_Desierto_Atacama,59,CHILE-SF-19-V-B,E2_Desierto_Atacama.gpkg
492,2,E2_Desierto_Atacama,59,CHILE-SF-19-V-B,E2_Desierto_Atacama.gpkg
493,2,E2_Desierto_Atacama,59,CHILE-SE-19-Y-D,E2_Desierto_Atacama.gpkg
494,2,E2_Desierto_Atacama,59,CHILE-SF-19-V-D,E2_Desierto_Atacama.gpkg
495,2,E2_Desierto_Atacama,59,CHILE-SF-19-V-B,E2_Desierto_Atacama.gpkg
496,2,E2_Desierto_Atacama,59,CHILE-SF-19-V-B,E2_Desierto_Atacama.gpkg
497,2,E2_Desierto_Atacama,59,CHILE-SF-19-V-B,E2_Desierto_Atacama.gpkg
498,2,E2_Desierto_Atacama,59,CHILE-SF-19-V-B,E2_Desierto_Atacama.gpkg
499,2,E2_Desierto_Atacama,59,CHILE-SF-19-V-B,E2_Desierto_Atacama.gpkg
500,2,E2_Desierto_Atacama,59,CHILE-SF-19-V-B,E2_Desierto_Atacama.gpkg
501,2,E2_Desierto_Atacama,59,CHILE-SF-19-V-D,E2_Desierto_Atacama.gpkg
502,2,E2_Desierto_Atacama,59,CHILE-SF-19-V-B,E2_Desierto_Atacama.gpkg
503,2,E2_Desierto_Atacama,59,CHILE-SF-19-V-D,E2_Desierto_Atacama.gpkg
504,2,E2_Desierto_Atacama,59,CHILE-SF-19-V-B,E2_Desierto_Atacama.gpkg
505,2,E2_Desierto_Atacama,59,CHILE-SE-19-Y-D,E2_Desierto_Atacama.gpkg
506,2,E2_Desierto_Atacama,59,CHILE-SF-19-V-B,E2_Desierto_Atacama.gpkg
507,2,E2_Desierto_Atacama,59,CHILE-SE-19-Y-D,E2_Desierto_Atacama.gpkg
508,2,E2_Desierto_Atacama,59,CHILE-SF-19-V-D,E2_Desierto_Atacama.gpkg
509,2,E2_Desierto_Atacama,59,CHILE-SF-19-V-B,E2_Desierto_Atacama.gpkg
510,2,E2_Desierto_Atacama,59,CHILE-SF-19-V-B,E2_Desierto_Atacama.gpkg
511,2,E2_Desierto_Atacama,59,CHILE-SF-19-V-B,E2_Desierto_Atacama.gpkg
512,2,E2_Desierto_Atacama,59,CHILE-SF-19-V-B,E2_Desierto_Atacama.gpkg
513,2,E2_Desierto_Atacama,59,CHILE-SE-19-Y-D,E2_Desierto_Atacama.gpkg
514,2,E2_Desierto_Atacama,59,CHILE-SF-19-V-B,E2_Desierto_Atacama.gpkg
515,2,E2_Desierto_Atacama,59,CHILE-SE-19-Y-D,E2_Desierto_Atacama.gpkg
516,2,E2_Desierto_Atacama,59,CHILE-SF-19-V-B,E2_Desierto_Atacama.gpkg
517,2,E2_Desierto_Atacama,59,CHILE-SF-19-V-B,E2_Desierto_Atacama.gpkg
518,2,E2_Desierto_Atacama,59,CHILE-SF-19-V-B,E2_Desierto_Atacama.gpkg
519,2,E2_Desierto_Atacama,59,CHILE-SE-19-Y-D,E2_Desierto_Atacama.gpkg
520,2,E2_Desierto_Atacama,59,CHILE-SF-19-V-B,E2_Desierto_Atacama.gpkg
521,2,E2_Desierto_Atacama,59,CHILE-SF-19-V-B,E2_Desierto_Atacama.gpkg
522,2,E2_Desierto_Atacama,59,CHILE-SF-19-V-B,E2_Desierto_Atacama.gpkg
523,2,E2_Desierto_Atacama,59,CHILE-SF-19-V-B,E2_Desierto_Atacama.gpkg
524,2,E2_Desierto_Atacama,59,CHILE-SF-19-V-B,E2_Desierto_Atacama.gpkg
525,2,E2_Desierto_Atacama,59,CHILE-SF-19-V-B,E2_Desierto_Atacama.gpkg
526,2,E2_Desierto_Atacama,59,CHILE-SF-19-V-B,E2_Desierto_Atacama.gpkg
527,2,E2_Desierto_Atacama,59,CHILE-SE-19-Y-D,E2_Desierto_Atacama.gpkg
528,2,E2_Desierto_Atacama,59,CHILE-SF-19-V-B,E2_Desierto_Atacama.gpkg
529,2,E2_Desierto_Atacama,59,CHILE-SE-19-Y-D,E2_Desierto_Atacama.gpkg
530,2,E2_Desierto_Atacama,59,CHILE-SF-19-V-D,E2_Desierto_Atacama.gpkg
531,2,E2_Desierto_Atacama,59,CHILE-SF-19-V-B,E2_Desierto_Atacama.gpkg
532,2,E2_Desierto_Atacama,59,CHILE-SF-19-V-D,E2_Desierto_Atacama.gpkg
533,2,E2_Desierto_Atacama,59,CHILE-SF-19-V-B,E2_Desierto_Atacama.gpkg
534,2,E2_Desierto_Atacama,59,CHILE-SF-19-V-B,E2_Desierto_Atacama.gpkg
535,2,E2_Desierto_Atacama,59,CHILE-SF-19-V-B,E2_Desierto_Atacama.gpkg
536,2,E2_Desierto_Atacama,61,CHILE-SF-19-V-B,E2_Desierto_Atacama.gpkg
537,2,E2_Desierto_Atacama,61,CHILE-SF-19-Y-D,E2_Desierto_Atacama.gpkg
538,2,E2_Desierto_Atacama,61,CHILE-SF-19-V-B,E2_Desierto_Atacama.gpkg
539,2,E2_Desierto_Atacama,61,CHILE-SF-19-V-B,E2_Desierto_Atacama.gpkg
540,2,E2_Desierto_Atacama,61,CHILE-SF-19-V-B,E2_Desierto_Atacama.gpkg
541,2,E2_Desierto_Atacama,61,CHILE-SF-19-V-B,E2_Desierto_Atacama.gpkg
542,2,E2_Desierto_Atacama,61,CHILE-SF-19-V-B,E2_Desierto_Atacama.gpkg
543,2,E2_Desierto_Atacama,61,CHILE-SF-19-V-B,E2_Desierto_Atacama.gpkg
544,2,E2_Desierto_Atacama,61,CHILE-SF-19-Y-D,E2_Desierto_Atacama.gpkg
545,2,E2_Desierto_Atacama,61,CHILE-SF-19-V-B,E2_Desierto_Atacama.gpkg
546,2,E2_Desierto_Atacama,61,CHILE-SF-19-V-B,E2_Desierto_Atacama.gpkg
547,2,E2_Desierto_Atacama,61,CHILE-SF-19-V-B,E2_Desierto_Atacama.gpkg
548,2,E2_Desierto_Atacama,61,CHILE-SF-19-V-B,E2_Desierto_Atacama.gpkg
549,2,E2_Desierto_Atacama,61,CHILE-SF-19-V-B,E2_Desierto_Atacama.gpkg
550,2,E2_Desierto_Atacama,61,CHILE-SF-19-V-B,E2_Desierto_Atacama.gpkg
551,2,E2_Desierto_Atacama,61,CHILE-SF-19-Y-D,E2_Desierto_Atacama.gpkg
552,2,E2_Desierto_Atacama,61,CHILE-SF-19-V-B,E2_Desierto_Atacama.gpkg
553,2,E2_Desierto_Atacama,61,CHILE-SF-19-V-B,E2_Desierto_Atacama.gpkg
554,2,E2_Desierto_Atacama,61,CHILE-SF-19-V-B,E2_Desierto_Atacama.gpkg
555,2,E2_Desierto_Atacama,61,CHILE-SF-19-V-B,E2_Desierto_Atacama.gpkg
556,2,E2_Desierto_Atacama,61,CHILE-SF-19-V-B,E2_Desierto_Atacama.gpkg
557,2,E2_Desierto_Atacama,61,CHILE-SF-19-V-B,E2_Desierto_Atacama.gpkg
558,2,E2_Desierto_Atacama,61,CHILE-SF-19-Y-D,E2_Desierto_Atacama.gpkg
559,2,E2_Desierto_Atacama,61,CHILE-SF-19-V-B,E2_Desierto_Atacama.gpkg
560,2,E2_Desierto_Atacama,61,CHILE-SF-19-V-B,E2_Desierto_Atacama.gpkg
561,2,E2_Desierto_Atacama,61,CHILE-SF-19-V-B,E2_Desierto_Atacama.gpkg
562,2,E2_Desierto_Atacama,61,CHILE-SF-19-Y-D,E2_Desierto_Atacama.gpkg
563,2,E2_Desierto_Atacama,61,CHILE-SF-19-Y-D,E2_Desierto_Atacama.gpkg
564,2,E2_Desierto_Atacama,61,CHILE-SF-19-V-B,E2_Desierto_Atacama.gpkg
565,2,E2_Desierto_Atacama,61,CHILE-SF-19-V-B,E2_Desierto_Atacama.gpkg
566,2,E2_Desierto_Atacama,61,CHILE-SF-19-Y-D,E2_Desierto_Atacama.gpkg
567,2,E2_Desierto_Atacama,61,CHILE-SF-19-V-B,E2_Desierto_Atacama.gpkg
568,2,E2_Desierto_Atacama,61,CHILE-SF-19-Y-D,E2_Desierto_Atacama.gpkg
569,2,E2_Desierto_Atacama,62,CHILE-SF-19-V-B,E2_Desierto_Atacama.gpkg
570,2,E2_Desierto_Atacama,62,CHILE-SF-19-V-B,E2_Desierto_Atacama.gpkg
571,2,E2_Desierto_Atacama,62,CHILE-SF-19-V-D,E2_Desierto_Atacama.gpkg
572,2,E2_Desierto_Atacama,62,CHILE-SF-19-Z-C,E2_Desierto_Atacama.gpkg
573,2,E2_Desierto_Atacama,62,CHILE-SF-19-V-D,E2_Desierto_Atacama.gpkg
574,2,E2_Desierto_Atacama,62,CHILE-SF-19-V-D,E2_Desierto_Atacama.gpkg
575,2,E2_Desierto_Atacama,62,CHILE-SF-19-V-B,E2_Desierto_Atacama.gpkg
576,2,E2_Desierto_Atacama,62,CHILE-SF-19-V-D,E2_Desierto_Atacama.gpkg
577,2,E2_Desierto_Atacama,62,CHILE-SF-19-Z-C,E2_Desierto_Atacama.gpkg
578,2,E2_Desierto_Atacama,62,CHILE-SF-19-V-B,E2_Desierto_Atacama.gpkg
579,2,E2_Desierto_Atacama,62,CHILE-SF-19-V-B,E2_Desierto_Atacama.gpkg
580,2,E2_Desierto_Atacama,62,CHILE-SF-19-V-B,E2_Desierto_Atacama.gpkg
581,2,E2_Desierto_Atacama,62,CHILE-SF-19-V-D,E2_Desierto_Atacama.gpkg
582,2,E2_Desierto_Atacama,62,CHILE-SF-19-Z-C,E2_Desierto_Atacama.gpkg
583,2,E2_Desierto_Atacama,62,CHILE-SF-19-V-D,E2_Desierto_Atacama.gpkg
584,2,E2_Desierto_Atacama,62,CHILE-SF-19-V-D,E2_Desierto_Atacama.gpkg
585,2,E2_Desierto_Atacama,62,CHILE-SF-19-V-B,E2_Desierto_Atacama.gpkg
586,2,E2_Desierto_Atacama,62,CHILE-SF-19-V-D,E2_Desierto_Atacama.gpkg
587,2,E2_Desierto_Atacama,62,CHILE-SF-19-V-D,E2_Desierto_Atacama.gpkg
588,2,E2_Desierto_Atacama,62,CHILE-SF-19-V-D,E2_Desierto_Atacama.gpkg
589,2,E2_Desierto_Atacama,62,CHILE-SF-19-V-D,E2_Desierto_Atacama.gpkg
590,2,E2_Desierto_Atacama,62,CHILE-SF-19-V-B,E2_Desierto_Atacama.gpkg
591,2,E2_Desierto_Atacama,62,CHILE-SF-19-V-D,E2_Desierto_Atacama.gpkg
592,2,E2_Desierto_Atacama,62,CHILE-SF-19-V-B,E2_Desierto_Atacama.gpkg
593,2,E2_Desierto_Atacama,62,CHILE-SF-19-V-D,E2_Desierto_Atacama.gpkg
594,2,E2_Desierto_Atacama,62,CHILE-SF-19-V-B,E2_Desierto_Atacama.gpkg
595,2,E2_Desierto_Atacama,62,CHILE-SF-19-V-D,E2_Desierto_Atacama.gpkg
596,2,E2_Desierto_Atacama,62,CHILE-SF-19-V-B,E2_Desierto_Atacama.gpkg
597,2,E2_Desierto_Atacama,62,CHILE-SF-19-V-D,E2_Desierto_Atacama.gpkg
598,2,E2_Desierto_Atacama,62,CHILE-SF-19-V-B,E2_Desierto_Atacama.gpkg
599,2,E2_Desierto_Atacama,62,CHILE-SF-19-V-B,E2_Desierto_Atacama.gpkg
600,2,E2_Desierto_Atacama,62,CHILE-SF-19-V-B,E2_Desierto_Atacama.gpkg
601,2,E2_Desierto_Atacama,62,CHILE-SF-19-V-B,E2_Desierto_Atacama.gpkg
602,2,E2_Desierto_Atacama,62,CHILE-SF-19-Z-C,E2_Desierto_Atacama.gpkg
603,2,E2_Desierto_Atacama,63,CHILE-SF-19-X-A,E2_Desierto_Atacama.gpkg
604,2,E2_Desierto_Atacama,63,CHILE-SF-19-X-A,E2_Desierto_Atacama.gpkg
605,2,E2_Desierto_Atacama,63,CHILE-SF-19-V-B,E2_Desierto_Atacama.gpkg
606,2,E2_Desierto_Atacama,63,CHILE-SF-19-X-A,E2_Desierto_Atacama.gpkg
607,2,E2_Desierto_Atacama,63,CHILE-SF-19-X-A,E2_Desierto_Atacama.gpkg
608,2,E2_Desierto_Atacama,63,CHILE-SF-19-X-A,E2_Desierto_Atacama.gpkg
609,2,E2_Desierto_Atacama,63,CHILE-SF-19-V-B,E2_Desierto_Atacama.gpkg
610,2,E2_Desierto_Atacama,63,CHILE-SF-19-X-A,E2_Desierto_Atacama.gpkg
611,2,E2_Desierto_Atacama,63,CHILE-SF-19-V-B,E2_Desierto_Atacama.gpkg
612,2,E2_Desierto_Atacama,63,CHILE-SF-19-X-A,E2_Desierto_Atacama.gpkg
613,2,E2_Desierto_Atacama,63,CHILE-SF-19-V-B,E2_Desierto_Atacama.gpkg
614,2,E2_Desierto_Atacama,63,CHILE-SF-19-V-B,E2_Desierto_Atacama.gpkg
615,2,E2_Desierto_Atacama,63,CHILE-SF-19-V-B,E2_Desierto_Atacama.gpkg
616,2,E2_Desierto_Atacama,63,CHILE-SF-19-V-B,E2_Desierto_Atacama.gpkg
617,2,E2_Desierto_Atacama,63,CHILE-SF-19-X-A,E2_Desierto_Atacama.gpkg
618,2,E2_Desierto_Atacama,63,CHILE-SF-19-V-B,E2_Desierto_Atacama.gpkg
619,2,E2_Desierto_Atacama,63,CHILE-SF-19-V-B,E2_Desierto_Atacama.gpkg
620,2,E2_Desierto_Atacama,63,CHILE-SF-19-V-B,E2_Desierto_Atacama.gpkg
621,2,E2_Desierto_Atacama,63,CHILE-SF-19-X-A,E2_Desierto_Atacama.gpkg
622,2,E2_Desierto_Atacama,63,CHILE-SF-19-V-B,E2_Desierto_Atacama.gpkg
623,2,E2_Desierto_Atacama,63,CHILE-SF-19-V-B,E2_Desierto_Atacama.gpkg
624,2,E2_Desierto_Atacama,63,CHILE-SF-19-X-A,E2_Desierto_Atacama.gpkg
625,2,E2_Desierto_Atacama,63,CHILE-SF-19-V-B,E2_Desierto_Atacama.gpkg
626,2,E2_Desierto_Atacama,63,CHILE-SF-19-X-A,E2_Desierto_Atacama.gpkg
627,2,E2_Desierto_Atacama,63,CHILE-SF-19-V-B,E2_Desierto_Atacama.gpkg
628,2,E2_Desierto_Atacama,66,CHILE-SE-19-Y-D,E2_Desierto_Atacama.gpkg
629,2,E2_Desierto_Atacama,66,CHILE-SE-19-Y-B,E2_Desierto_Atacama.gpkg
630,2,E2_Desierto_Atacama,66,CHILE-SE-19-Y-D,E2_Desierto_Atacama.gpkg
631,2,E2_Desierto_Atacama,66,CHILE-SE-19-Y-B,E2_Desierto_Atacama.gpkg
632,2,E2_Desierto_Atacama,66,CHILE-SE-19-Y-D,E2_Desierto_Atacama.gpkg
633,2,E2_Desierto_Atacama,66,CHILE-SE-19-Y-D,E2_Desierto_Atacama.gpkg
634,2,E2_Desierto_Atacama,66,CHILE-SE-19-Y-D,E2_Desierto_Atacama.gpkg
635,2,E2_Desierto_Atacama,66,CHILE-SE-19-Y-D,E2_Desierto_Atacama.gpkg
636,2,E2_Desierto_Atacama,66,CHILE-SE-19-Y-B,E2_Desierto_Atacama.gpkg
637,2,E2_Desierto_Atacama,66,CHILE-SE-19-Y-D,E2_Desierto_Atacama.gpkg
638,2,E2_Desierto_Atacama,66,CHILE-SE-19-Y-D,E2_Desierto_Atacama.gpkg
639,2,E2_Desierto_Atacama,66,CHILE-SE-19-Y-D,E2_Desierto_Atacama.gpkg
640,2,E2_Desierto_Atacama,66,CHILE-SE-19-Y-B,E2_Desierto_Atacama.gpkg
641,2,E2_Desierto_Atacama,66,CHILE-SE-19-Y-B,E2_Desierto_Atacama.gpkg
642,2,E2_Desierto_Atacama,66,CHILE-SE-19-Y-B,E2_Desierto_Atacama.gpkg
643,2,E2_Desierto_Atacama,66,CHILE-SE-19-Y-D,E2_Desierto_Atacama.gpkg
644,2,E2_Desierto_Atacama,66,CHILE-SE-19-Y-D,E2_Desierto_Atacama.gpkg
645,2,E2_Desierto_Atacama,66,CHILE-SE-19-Y-B,E2_Desierto_Atacama.gpkg
646,2,E2_Desierto_Atacama,66,CHILE-SE-19-Y-B,E2_Desierto_Atacama.gpkg
647,2,E2_Desierto_Atacama,66,CHILE-SE-19-Y-B,E2_Desierto_Atacama.gpkg
648,2,E2_Desierto_Atacama,66,CHILE-SE-19-Y-D,E2_Desierto_Atacama.gpkg
649,2,E2_Desierto_Atacama,66,CHILE-SE-19-Y-D,E2_Desierto_Atacama.gpkg
650,2,E2_Desierto_Atacama,66,CHILE-SE-19-Y-D,E2_Desierto_Atacama.gpkg
651,2,E2_Desierto_Atacama,66,CHILE-SE-19-Y-D,E2_Desierto_Atacama.gpkg
652,2,E2_Desierto_Atacama,66,CHILE-SE-19-Y-B,E2_Desierto_Atacama.gpkg
653,2,E2_Desierto_Atacama,66,CHILE-SE-19-Y-D,E2_Desierto_Atacama.gpkg
654,2,E2_Desierto_Atacama,66,CHILE-SE-19-Y-D,E2_Desierto_Atacama.gpkg
655,3,E3_Matorral_norte_1,11,CHILE-SH-19-V-B,E3_Matorral_norte_1.gpkg
656,3,E3_Matorral_norte_1,11,CHILE-SH-19-V-A,E3_Matorral_norte_1.gpkg
657,3,E3_Matorral_norte_1,11,CHILE-SG-19-V-D,E3_Matorral_norte_1.gpkg
658,3,E3_Matorral_norte_1,11,CHILE-SH-19-V-B,E3_Matorral_norte_1.gpkg
659,3,E3_Matorral_norte_1,11,CHILE-SH-19-V-B,E3_Matorral_norte_1.gpkg
660,3,E3_Matorral_norte_1,11,CHILE-SG-19-V-D,E3_Matorral_norte_1.gpkg
661,3,E3_Matorral_norte_1,11,CHILE-SH-19-V-A,E3_Matorral_norte_1.gpkg
662,3,E3_Matorral_norte_1,11,CHILE-SH-19-V-A,E3_Matorral_norte_1.gpkg
663,3,E3_Matorral_norte_1,11,CHILE-SH-19-V-A,E3_Matorral_norte_1.gpkg
664,3,E3_Matorral_norte_1,11,CHILE-SH-19-V-B,E3_Matorral_norte_1.gpkg
665,3,E3_Matorral_norte_1,12,CHILE-SG-19-Y-D,E3_Matorral_norte_1.gpkg
666,3,E3_Matorral_norte_1,12,CHILE-SG-19-Y-D,E3_Matorral_norte_1.gpkg
667,3,E3_Matorral_norte_1,12,CHILE-SG-19-Y-D,E3_Matorral_norte_1.gpkg
668,3,E3_Matorral_norte_1,12,CHILE-SG-19-Y-D,E3_Matorral_norte_1.gpkg
669,3,E3_Matorral_norte_1,12,CHILE-SG-19-Y-D,E3_Matorral_norte_1.gpkg
670,3,E3_Matorral_norte_1,12,CHILE-SG-19-Y-D,E3_Matorral_norte_1.gpkg
671,3,E3_Matorral_norte_1,18,CHILE-SG-19-Y-D,E3_Matorral_norte_1.gpkg
672,3,E3_Matorral_norte_1,18,CHILE-SG-19-Y-D,E3_Matorral_norte_1.gpkg
673,3,E3_Matorral_norte_1,23,CHILE-SG-19-Y-A,E3_Matorral_norte_1.gpkg
674,3,E3_Matorral_norte_1,23,CHILE-SG-19-Y-A,E3_Matorral_norte_1.gpkg
675,3,E3_Matorral_norte_1,23,CHILE-SH-19-V-A,E3_Matorral_norte_1.gpkg
676,3,E3_Matorral_norte_1,23,CHILE-SF-19-Y-C,E3_Matorral_norte_1.gpkg
677,3,E3_Matorral_norte_1,23,CHILE-SG-19-V-C,E3_Matorral_norte_1.gpkg
678,3,E3_Matorral_norte_1,23,CHILE-SG-19-V-C,E3_Matorral_norte_1.gpkg
679,3,E3_Matorral_norte_1,23,CHILE-SH-19-V-A,E3_Matorral_norte_1.gpkg
680,3,E3_Matorral_norte_1,23,CHILE-SH-19-V-A,E3_Matorral_norte_1.gpkg
681,3,E3_Matorral_norte_1,23,CHILE-SG-19-Y-A,E3_Matorral_norte_1.gpkg
682,3,E3_Matorral_norte_1,23,CHILE-SH-19-V-A,E3_Matorral_norte_1.gpkg
683,3,E3_Matorral_norte_1,23,CHILE-SG-19-Y-A,E3_Matorral_norte_1.gpkg
684,3,E3_Matorral_norte_1,23,CHILE-SH-19-V-A,E3_Matorral_norte_1.gpkg
685,3,E3_Matorral_norte_1,23,CHILE-SG-19-Y-C,E3_Matorral_norte_1.gpkg
686,3,E3_Matorral_norte_1,23,CHILE-SG-19-Y-C,E3_Matorral_norte_1.gpkg
687,3,E3_Matorral_norte_1,23,CHILE-SG-19-V-C,E3_Matorral_norte_1.gpkg
688,3,E3_Matorral_norte_1,23,CHILE-SG-19-Y-A,E3_Matorral_norte_1.gpkg
689,3,E3_Matorral_norte_1,23,CHILE-SF-19-Y-D,E3_Matorral_norte_1.gpkg
690,3,E3_Matorral_norte_1,23,CHILE-SH-19-V-A,E3_Matorral_norte_1.gpkg
691,3,E3_Matorral_norte_1,23,CHILE-SG-19-V-C,E3_Matorral_norte_1.gpkg
692,3,E3_Matorral_norte_1,23,CHILE-SG-19-Y-A,E3_Matorral_norte_1.gpkg
693,3,E3_Matorral_norte_1,23,CHILE-SH-19-V-A,E3_Matorral_norte_1.gpkg
694,3,E3_Matorral_norte_1,23,CHILE-SH-19-V-A,E3_Matorral_norte_1.gpkg
695,3,E3_Matorral_norte_1,24,CHILE-SF-19-Y-D,E3_Matorral_norte_1.gpkg
696,3,E3_Matorral_norte_1,24,CHILE-SG-19-Y-C,E3_Matorral_norte_1.gpkg
697,3,E3_Matorral_norte_1,24,CHILE-SG-19-Y-D,E3_Matorral_norte_1.gpkg
698,3,E3_Matorral_norte_1,24,CHILE-SG-19-Y-C,E3_Matorral_norte_1.gpkg
699,3,E3_Matorral_norte_1,24,CHILE-SG-19-Y-D,E3_Matorral_norte_1.gpkg
700,3,E3_Matorral_norte_1,24,CHILE-SF-19-Y-D,E3_Matorral_norte_1.gpkg
701,3,E3_Matorral_norte_1,25,CHILE-SH-19-V-B,E3_Matorral_norte_1.gpkg
702,3,E3_Matorral_norte_1,25,CHILE-SG-19-V-D,E3_Matorral_norte_1.gpkg
703,3,E3_Matorral_norte_1,25,CHILE-SH-19-V-B,E3_Matorral_norte_1.gpkg
704,3,E3_Matorral_norte_1,25,CHILE-SG-19-Y-B,E3_Matorral_norte_1.gpkg
705,3,E3_Matorral_norte_1,25,CHILE-SH-19-V-B,E3_Matorral_norte_1.gpkg
706,3,E3_Matorral_norte_1,25,CHILE-SG-19-V-D,E3_Matorral_norte_1.gpkg
707,3,E3_Matorral_norte_1,25,CHILE-SG-19-V-A,E3_Matorral_norte_1.gpkg
708,3,E3_Matorral_norte_1,25,CHILE-SG-19-V-D,E3_Matorral_norte_1.gpkg
709,3,E3_Matorral_norte_1,25,CHILE-SG-19-V-B,E3_Matorral_norte_1.gpkg
710,3,E3_Matorral_norte_1,25,CHILE-SG-19-Y-C,E3_Matorral_norte_1.gpkg
711,3,E3_Matorral_norte_1,25,CHILE-SG-19-V-B,E3_Matorral_norte_1.gpkg
712,3,E3_Matorral_norte_1,25,CHILE-SH-19-V-B,E3_Matorral_norte_1.gpkg
713,3,E3_Matorral_norte_1,25,CHILE-SG-19-Y-B,E3_Matorral_norte_1.gpkg
714,3,E3_Matorral_norte_1,25,CHILE-SG-19-Y-D,E3_Matorral_norte_1.gpkg
715,3,E3_Matorral_norte_1,25,CHILE-SH-19-V-A,E3_Matorral_norte_1.gpkg
716,3,E3_Matorral_norte_1,25,CHILE-SH-19-V-B,E3_Matorral_norte_1.gpkg
717,3,E3_Matorral_norte_1,25,CHILE-SH-19-V-B,E3_Matorral_norte_1.gpkg
718,3,E3_Matorral_norte_1,25,CHILE-SH-19-V-A,E3_Matorral_norte_1.gpkg
719,3,E3_Matorral_norte_1,25,CHILE-SH-19-V-A,E3_Matorral_norte_1.gpkg
720,3,E3_Matorral_norte_1,25,CHILE-SG-19-Y-B,E3_Matorral_norte_1.gpkg
721,3,E3_Matorral_norte_1,29,CHILE-SG-19-V-A,E3_Matorral_norte_1.gpkg
722,3,E3_Matorral_norte_1,29,CHILE-SF-19-Y-C,E3_Matorral_norte_1.gpkg
723,3,E3_Matorral_norte_1,29,CHILE-SG-19-V-C,E3_Matorral_norte_1.gpkg
724,3,E3_Matorral_norte_1,29,CHILE-SG-19-V-C,E3_Matorral_norte_1.gpkg
725,3,E3_Matorral_norte_1,29,CHILE-SG-19-V-A,E3_Matorral_norte_1.gpkg
726,3,E3_Matorral_norte_1,29,CHILE-SG-19-Y-B,E3_Matorral_norte_1.gpkg
727,3,E3_Matorral_norte_1,29,CHILE-SH-19-V-A,E3_Matorral_norte_1.gpkg
728,3,E3_Matorral_norte_1,29,CHILE-SG-19-V-C,E3_Matorral_norte_1.gpkg
729,3,E3_Matorral_norte_1,61,CHILE-SG-19-Y-B,E3_Matorral_norte_1.gpkg
730,3,E3_Matorral_norte_1,61,CHILE-SG-19-Y-B,E3_Matorral_norte_1.gpkg
731,3,E3_Matorral_norte_1,61,CHILE-SG-19-Y-B,E3_Matorral_norte_1.gpkg
732,3,E3_Matorral_norte_1,61,CHILE-SG-19-Y-B,E3_Matorral_norte_1.gpkg
733,3,E3_Matorral_norte_1,61,CHILE-SG-19-Y-B,E3_Matorral_norte_1.gpkg
734,3,E3_Matorral_norte_1,61,CHILE-SG-19-Y-B,E3_Matorral_norte_1.gpkg
735,3,E3_Matorral_norte_1,61,CHILE-SG-19-Y-B,E3_Matorral_norte_1.gpkg
736,3,E3_Matorral_norte_1,61,CHILE-SG-19-Y-B,E3_Matorral_norte_1.gpkg
737,3,E3_Matorral_norte_1,61,CHILE-SG-19-Y-B,E3_Matorral_norte_1.gpkg
738,3,E3_Matorral_norte_1,61,CHILE-SG-19-Y-B,E3_Matorral_norte_1.gpkg
739,3,E3_Matorral_norte_1,61,CHILE-SG-19-Y-B,E3_Matorral_norte_1.gpkg
740,3,E3_Matorral_norte_1,61,CHILE-SG-19-Y-B,E3_Matorral_norte_1.gpkg
741,3,E3_Matorral_norte_1,61,CHILE-SG-19-Y-B,E3_Matorral_norte_1.gpkg
742,3,E3_Matorral_norte_1,61,CHILE-SG-19-Y-B,E3_Matorral_norte_1.gpkg
743,3,E3_Matorral_norte_1,61,CHILE-SG-19-Y-B,E3_Matorral_norte_1.gpkg
744,3,E3_Matorral_norte_1,61,CHILE-SG-19-Y-B,E3_Matorral_norte_1.gpkg
745,3,E3_Matorral_norte_1,61,CHILE-SG-19-Y-B,E3_Matorral_norte_1.gpkg
746,3,E3_Matorral_norte_1,61,CHILE-SG-19-Y-B,E3_Matorral_norte_1.gpkg
747,3,E3_Matorral_norte_1,61,CHILE-SG-19-Y-B,E3_Matorral_norte_1.gpkg
748,3,E3_Matorral_norte_1,61,CHILE-SG-19-Y-B,E3_Matorral_norte_1.gpkg
749,3,E3_Matorral_norte_1,61,CHILE-SG-19-Y-B,E3_Matorral_norte_1.gpkg
750,3,E3_Matorral_norte_1,61,CHILE-SG-19-Y-B,E3_Matorral_norte_1.gpkg
751,3,E3_Matorral_norte_1,61,CHILE-SG-19-Y-B,E3_Matorral_norte_1.gpkg
752,3,E3_Matorral_norte_1,61,CHILE-SG-19-Y-B,E3_Matorral_norte_1.gpkg
753,3,E3_Matorral_norte_1,61,CHILE-SG-19-Y-B,E3_Matorral_norte_1.gpkg
754,3,E3_Matorral_norte_1,61,CHILE-SG-19-Y-B,E3_Matorral_norte_1.gpkg
755,3,E3_Matorral_norte_1,61,CHILE-SG-19-Y-B,E3_Matorral_norte_1.gpkg
756,3,E3_Matorral_norte_1,61,CHILE-SG-19-Y-B,E3_Matorral_norte_1.gpkg
757,3,E3_Matorral_norte_1,61,CHILE-SG-19-Y-B,E3_Matorral_norte_1.gpkg
758,3,E3_Matorral_norte_1,61,CHILE-SG-19-Y-B,E3_Matorral_norte_1.gpkg
759,3,E3_Matorral_norte_1,61,CHILE-SG-19-Y-B,E3_Matorral_norte_1.gpkg
760,3,E3_Matorral_norte_1,63,CHILE-SG-19-Y-B,E3_Matorral_norte_1.gpkg
761,3,E3_Matorral_norte_1,66,CHILE-SG-19-V-D,E3_Matorral_norte_1.gpkg
762,3,E3_Matorral_norte_1,66,CHILE-SG-19-V-D,E3_Matorral_norte_1.gpkg
763,3,E3_Matorral_norte_1,66,CHILE-SG-19-Y-A,E3_Matorral_norte_1.gpkg
764,3,E3_Matorral_norte_1,66,CHILE-SG-19-V-D,E3_Matorral_norte_1.gpkg
765,3,E3_Matorral_norte_1,66,CHILE-SG-19-V-D,E3_Matorral_norte_1.gpkg
766,3,E3_Matorral_norte_1,66,CHILE-SG-19-V-D,E3_Matorral_norte_1.gpkg
767,3,E3_Matorral_norte_1,66,CHILE-SG-19-Y-A,E3_Matorral_norte_1.gpkg
768,3,E3_Matorral_norte_1,66,CHILE-SG-19-V-D,E3_Matorral_norte_1.gpkg
769,3,E3_Matorral_norte_1,66,CHILE-SG-19-Y-B,E3_Matorral_norte_1.gpkg
770,3,E3_Matorral_norte_1,66,CHILE-SG-19-V-D,E3_Matorral_norte_1.gpkg
771,3,E3_Matorral_norte_1,66,CHILE-SG-19-V-D,E3_Matorral_norte_1.gpkg
772,4,E4_Estepa_andina,11,CHILE-SH-19-Y-B,E4_Estepa_andina.gpkg
773,4,E4_Estepa_andina,11,CHILE-SI-19-V-D,E4_Estepa_andina.gpkg
774,4,E4_Estepa_andina,11,CHILE-SI-19-V-D,E4_Estepa_andina.gpkg
775,4,E4_Estepa_andina,11,CHILE-SI-19-V-D,E4_Estepa_andina.gpkg
776,4,E4_Estepa_andina,11,CHILE-SH-19-V-D,E4_Estepa_andina.gpkg
777,4,E4_Estepa_andina,11,CHILE-SI-19-V-D,E4_Estepa_andina.gpkg
778,4,E4_Estepa_andina,11,CHILE-SI-19-V-D,E4_Estepa_andina.gpkg
779,4,E4_Estepa_andina,11,CHILE-SG-19-Y-D,E4_Estepa_andina.gpkg
780,4,E4_Estepa_andina,11,CHILE-SI-19-V-D,E4_Estepa_andina.gpkg
781,4,E4_Estepa_andina,11,CHILE-SI-19-V-D,E4_Estepa_andina.gpkg
782,4,E4_Estepa_andina,11,CHILE-SH-19-Y-B,E4_Estepa_andina.gpkg
783,4,E4_Estepa_andina,11,CHILE-SH-19-Y-B,E4_Estepa_andina.gpkg
784,4,E4_Estepa_andina,11,CHILE-SI-19-V-D,E4_Estepa_andina.gpkg
785,4,E4_Estepa_andina,11,CHILE-SH-19-V-B,E4_Estepa_andina.gpkg
786,4,E4_Estepa_andina,11,CHILE-SH-19-Y-B,E4_Estepa_andina.gpkg
787,4,E4_Estepa_andina,11,CHILE-SI-19-V-D,E4_Estepa_andina.gpkg
788,4,E4_Estepa_andina,11,CHILE-SI-19-V-D,E4_Estepa_andina.gpkg
789,4,E4_Estepa_andina,11,CHILE-SH-19-V-D,E4_Estepa_andina.gpkg
790,4,E4_Estepa_andina,11,CHILE-SI-19-V-D,E4_Estepa_andina.gpkg
791,4,E4_Estepa_andina,11,CHILE-SG-19-Y-D,E4_Estepa_andina.gpkg
792,4,E4_Estepa_andina,11,CHILE-SI-19-Y-B,E4_Estepa_andina.gpkg
793,4,E4_Estepa_andina,11,CHILE-SH-19-V-B,E4_Estepa_andina.gpkg
794,4,E4_Estepa_andina,11,CHILE-SI-19-Y-B,E4_Estepa_andina.gpkg
795,4,E4_Estepa_andina,11,CHILE-SH-19-V-D,E4_Estepa_andina.gpkg
796,4,E4_Estepa_andina,11,CHILE-SI-19-Y-B,E4_Estepa_andina.gpkg
797,4,E4_Estepa_andina,11,CHILE-SH-19-V-D,E4_Estepa_andina.gpkg
798,4,E4_Estepa_andina,11,CHILE-SI-19-V-D,E4_Estepa_andina.gpkg
799,4,E4_Estepa_andina,11,CHILE-SI-19-Y-B,E4_Estepa_andina.gpkg
800,4,E4_Estepa_andina,11,CHILE-SI-19-V-D,E4_Estepa_andina.gpkg
801,4,E4_Estepa_andina,11,CHILE-SH-19-V-D,E4_Estepa_andina.gpkg
802,4,E4_Estepa_andina,11,CHILE-SI-19-V-D,E4_Estepa_andina.gpkg
803,4,E4_Estepa_andina,11,CHILE-SH-19-V-D,E4_Estepa_andina.gpkg
804,4,E4_Estepa_andina,11,CHILE-SI-19-Y-A,E4_Estepa_andina.gpkg
805,4,E4_Estepa_andina,11,CHILE-SI-19-V-D,E4_Estepa_andina.gpkg
806,4,E4_Estepa_andina,11,CHILE-SI-19-V-D,E4_Estepa_andina.gpkg
807,4,E4_Estepa_andina,11,CHILE-SG-19-Y-D,E4_Estepa_andina.gpkg
808,4,E4_Estepa_andina,11,CHILE-SH-19-V-D,E4_Estepa_andina.gpkg
809,4,E4_Estepa_andina,11,CHILE-SI-19-V-D,E4_Estepa_andina.gpkg
810,4,E4_Estepa_andina,11,CHILE-SG-19-Y-D,E4_Estepa_andina.gpkg
811,4,E4_Estepa_andina,11,CHILE-SI-19-V-D,E4_Estepa_andina.gpkg
812,4,E4_Estepa_andina,11,CHILE-SH-19-V-D,E4_Estepa_andina.gpkg
813,4,E4_Estepa_andina,11,CHILE-SI-19-Y-B,E4_Estepa_andina.gpkg
814,4,E4_Estepa_andina,11,CHILE-SI-19-Y-B,E4_Estepa_andina.gpkg
815,4,E4_Estepa_andina,12,CHILE-SH-19-V-B,E4_Estepa_andina.gpkg
816,4,E4_Estepa_andina,12,CHILE-SH-19-V-D,E4_Estepa_andina.gpkg
817,4,E4_Estepa_andina,12,CHILE-SH-19-V-B,E4_Estepa_andina.gpkg
818,4,E4_Estepa_andina,12,CHILE-SG-19-Y-D,E4_Estepa_andina.gpkg
819,4,E4_Estepa_andina,12,CHILE-SH-19-V-B,E4_Estepa_andina.gpkg
820,4,E4_Estepa_andina,12,CHILE-SH-19-V-D,E4_Estepa_andina.gpkg
821,4,E4_Estepa_andina,12,CHILE-SG-19-Y-D,E4_Estepa_andina.gpkg
822,4,E4_Estepa_andina,12,CHILE-SH-19-V-B,E4_Estepa_andina.gpkg
823,4,E4_Estepa_andina,12,CHILE-SG-19-Y-D,E4_Estepa_andina.gpkg
824,4,E4_Estepa_andina,12,CHILE-SH-19-V-B,E4_Estepa_andina.gpkg
825,4,E4_Estepa_andina,12,CHILE-SH-19-V-B,E4_Estepa_andina.gpkg
826,4,E4_Estepa_andina,12,CHILE-SH-19-V-D,E4_Estepa_andina.gpkg
827,4,E4_Estepa_andina,12,CHILE-SH-19-V-C,E4_Estepa_andina.gpkg
828,4,E4_Estepa_andina,12,CHILE-SH-19-V-B,E4_Estepa_andina.gpkg
829,4,E4_Estepa_andina,12,CHILE-SH-19-V-B,E4_Estepa_andina.gpkg
830,4,E4_Estepa_andina,12,CHILE-SH-19-V-B,E4_Estepa_andina.gpkg
831,4,E4_Estepa_andina,12,CHILE-SH-19-V-B,E4_Estepa_andina.gpkg
832,4,E4_Estepa_andina,12,CHILE-SG-19-Y-D,E4_Estepa_andina.gpkg
833,4,E4_Estepa_andina,12,CHILE-SH-19-V-B,E4_Estepa_andina.gpkg
834,4,E4_Estepa_andina,12,CHILE-SH-19-Y-C,E4_Estepa_andina.gpkg
835,4,E4_Estepa_andina,12,CHILE-SH-19-V-D,E4_Estepa_andina.gpkg
836,4,E4_Estepa_andina,12,CHILE-SG-19-Y-D,E4_Estepa_andina.gpkg
837,4,E4_Estepa_andina,12,CHILE-SG-19-Y-D,E4_Estepa_andina.gpkg
838,4,E4_Estepa_andina,12,CHILE-SG-19-Y-D,E4_Estepa_andina.gpkg
839,4,E4_Estepa_andina,12,CHILE-SG-19-Y-D,E4_Estepa_andina.gpkg
840,4,E4_Estepa_andina,12,CHILE-SG-19-Y-D,E4_Estepa_andina.gpkg
841,4,E4_Estepa_andina,12,CHILE-SH-19-V-B,E4_Estepa_andina.gpkg
842,4,E4_Estepa_andina,12,CHILE-SG-19-Y-D,E4_Estepa_andina.gpkg
843,4,E4_Estepa_andina,12,CHILE-SH-19-Y-C,E4_Estepa_andina.gpkg
844,4,E4_Estepa_andina,12,CHILE-SH-19-V-B,E4_Estepa_andina.gpkg
845,4,E4_Estepa_andina,12,CHILE-SH-19-V-B,E4_Estepa_andina.gpkg
846,4,E4_Estepa_andina,12,CHILE-SH-19-V-D,E4_Estepa_andina.gpkg
847,4,E4_Estepa_andina,12,CHILE-SH-19-V-C,E4_Estepa_andina.gpkg
848,4,E4_Estepa_andina,18,CHILE-SH-19-Y-B,E4_Estepa_andina.gpkg
849,4,E4_Estepa_andina,18,CHILE-SH-19-Y-B,E4_Estepa_andina.gpkg
850,4,E4_Estepa_andina,18,CHILE-SH-19-V-B,E4_Estepa_andina.gpkg
851,4,E4_Estepa_andina,18,CHILE-SH-19-V-B,E4_Estepa_andina.gpkg
852,4,E4_Estepa_andina,18,CHILE-SH-19-Y-B,E4_Estepa_andina.gpkg
853,4,E4_Estepa_andina,18,CHILE-SH-19-V-B,E4_Estepa_andina.gpkg
854,4,E4_Estepa_andina,18,CHILE-SH-19-V-B,E4_Estepa_andina.gpkg
855,4,E4_Estepa_andina,18,CHILE-SH-19-V-B,E4_Estepa_andina.gpkg
856,4,E4_Estepa_andina,18,CHILE-SH-19-Y-B,E4_Estepa_andina.gpkg
857,4,E4_Estepa_andina,18,CHILE-SH-19-V-B,E4_Estepa_andina.gpkg
858,4,E4_Estepa_andina,18,CHILE-SH-19-V-B,E4_Estepa_andina.gpkg
859,4,E4_Estepa_andina,18,CHILE-SH-19-V-B,E4_Estepa_andina.gpkg
860,4,E4_Estepa_andina,18,CHILE-SH-19-V-D,E4_Estepa_andina.gpkg
861,4,E4_Estepa_andina,18,CHILE-SH-19-V-B,E4_Estepa_andina.gpkg
862,4,E4_Estepa_andina,18,CHILE-SH-19-V-B,E4_Estepa_andina.gpkg
863,4,E4_Estepa_andina,18,CHILE-SH-19-V-B,E4_Estepa_andina.gpkg
864,4,E4_Estepa_andina,18,CHILE-SH-19-V-D,E4_Estepa_andina.gpkg
865,4,E4_Estepa_andina,18,CHILE-SH-19-V-B,E4_Estepa_andina.gpkg
866,4,E4_Estepa_andina,18,CHILE-SH-19-V-B,E4_Estepa_andina.gpkg
867,4,E4_Estepa_andina,18,CHILE-SH-19-V-B,E4_Estepa_andina.gpkg
868,4,E4_Estepa_andina,18,CHILE-SH-19-Y-B,E4_Estepa_andina.gpkg
869,4,E4_Estepa_andina,18,CHILE-SH-19-V-B,E4_Estepa_andina.gpkg
870,4,E4_Estepa_andina,18,CHILE-SH-19-V-B,E4_Estepa_andina.gpkg
871,4,E4_Estepa_andina,18,CHILE-SH-19-V-B,E4_Estepa_andina.gpkg
872,4,E4_Estepa_andina,18,CHILE-SH-19-V-B,E4_Estepa_andina.gpkg
873,4,E4_Estepa_andina,18,CHILE-SH-19-V-B,E4_Estepa_andina.gpkg
874,4,E4_Estepa_andina,24,CHILE-SI-19-V-D,E4_Estepa_andina.gpkg
875,4,E4_Estepa_andina,24,CHILE-SG-19-Y-D,E4_Estepa_andina.gpkg
876,4,E4_Estepa_andina,24,CHILE-SI-19-V-D,E4_Estepa_andina.gpkg
877,4,E4_Estepa_andina,24,CHILE-SH-19-Y-B,E4_Estepa_andina.gpkg
878,4,E4_Estepa_andina,24,CHILE-SI-19-V-D,E4_Estepa_andina.gpkg
879,4,E4_Estepa_andina,24,CHILE-SI-19-V-D,E4_Estepa_andina.gpkg
880,4,E4_Estepa_andina,24,CHILE-SH-19-Y-B,E4_Estepa_andina.gpkg
881,4,E4_Estepa_andina,24,CHILE-SI-19-V-D,E4_Estepa_andina.gpkg
882,4,E4_Estepa_andina,24,CHILE-SH-19-V-B,E4_Estepa_andina.gpkg
883,4,E4_Estepa_andina,24,CHILE-SH-19-V-D,E4_Estepa_andina.gpkg
884,4,E4_Estepa_andina,24,CHILE-SI-19-V-D,E4_Estepa_andina.gpkg
885,4,E4_Estepa_andina,24,CHILE-SI-19-Y-B,E4_Estepa_andina.gpkg
886,4,E4_Estepa_andina,24,CHILE-SI-19-V-D,E4_Estepa_andina.gpkg
887,4,E4_Estepa_andina,24,CHILE-SI-19-Y-B,E4_Estepa_andina.gpkg
888,4,E4_Estepa_andina,24,CHILE-SI-19-Y-B,E4_Estepa_andina.gpkg
889,4,E4_Estepa_andina,24,CHILE-SI-19-V-D,E4_Estepa_andina.gpkg
890,4,E4_Estepa_andina,24,CHILE-SI-19-V-D,E4_Estepa_andina.gpkg
891,4,E4_Estepa_andina,24,CHILE-SH-19-V-B,E4_Estepa_andina.gpkg
892,4,E4_Estepa_andina,24,CHILE-SI-19-V-B,E4_Estepa_andina.gpkg
893,4,E4_Estepa_andina,24,CHILE-SI-19-V-D,E4_Estepa_andina.gpkg
894,4,E4_Estepa_andina,24,CHILE-SH-19-V-B,E4_Estepa_andina.gpkg
895,4,E4_Estepa_andina,24,CHILE-SH-19-V-D,E4_Estepa_andina.gpkg
896,4,E4_Estepa_andina,24,CHILE-SH-19-V-B,E4_Estepa_andina.gpkg
897,4,E4_Estepa_andina,24,CHILE-SI-19-V-D,E4_Estepa_andina.gpkg
898,4,E4_Estepa_andina,24,CHILE-SI-19-V-D,E4_Estepa_andina.gpkg
899,4,E4_Estepa_andina,24,CHILE-SH-19-V-B,E4_Estepa_andina.gpkg
900,4,E4_Estepa_andina,24,CHILE-SH-19-V-B,E4_Estepa_andina.gpkg
901,4,E4_Estepa_andina,24,CHILE-SH-19-Y-B,E4_Estepa_andina.gpkg
902,4,E4_Estepa_andina,24,CHILE-SH-19-V-B,E4_Estepa_andina.gpkg
903,4,E4_Estepa_andina,24,CHILE-SI-19-V-D,E4_Estepa_andina.gpkg
904,4,E4_Estepa_andina,24,CHILE-SH-19-Y-B,E4_Estepa_andina.gpkg
905,4,E4_Estepa_andina,24,CHILE-SH-19-V-B,E4_Estepa_andina.gpkg
906,4,E4_Estepa_andina,24,CHILE-SI-19-Y-B,E4_Estepa_andina.gpkg
907,4,E4_Estepa_andina,24,CHILE-SH-19-V-D,E4_Estepa_andina.gpkg
908,4,E4_Estepa_andina,24,CHILE-SI-19-V-D,E4_Estepa_andina.gpkg
909,4,E4_Estepa_andina,25,CHILE-SG-19-Y-D,E4_Estepa_andina.gpkg
910,4,E4_Estepa_andina,25,CHILE-SI-19-Y-B,E4_Estepa_andina.gpkg
911,4,E4_Estepa_andina,25,CHILE-SG-19-Y-D,E4_Estepa_andina.gpkg
912,4,E4_Estepa_andina,25,CHILE-SH-19-V-B,E4_Estepa_andina.gpkg
913,4,E4_Estepa_andina,25,CHILE-SI-19-Y-B,E4_Estepa_andina.gpkg
914,4,E4_Estepa_andina,25,CHILE-SH-19-V-D,E4_Estepa_andina.gpkg
915,4,E4_Estepa_andina,25,CHILE-SG-19-Y-D,E4_Estepa_andina.gpkg
916,4,E4_Estepa_andina,25,CHILE-SH-19-V-B,E4_Estepa_andina.gpkg
917,4,E4_Estepa_andina,25,CHILE-SG-19-Y-D,E4_Estepa_andina.gpkg
918,4,E4_Estepa_andina,25,CHILE-SG-19-Y-D,E4_Estepa_andina.gpkg
919,4,E4_Estepa_andina,25,CHILE-SH-19-V-B,E4_Estepa_andina.gpkg
920,4,E4_Estepa_andina,25,CHILE-SH-19-V-D,E4_Estepa_andina.gpkg
921,4,E4_Estepa_andina,25,CHILE-SG-19-Y-D,E4_Estepa_andina.gpkg
922,4,E4_Estepa_andina,25,CHILE-SG-19-Y-D,E4_Estepa_andina.gpkg
923,4,E4_Estepa_andina,25,CHILE-SG-19-Y-D,E4_Estepa_andina.gpkg
924,4,E4_Estepa_andina,25,CHILE-SG-19-Y-D,E4_Estepa_andina.gpkg
925,4,E4_Estepa_andina,25,CHILE-SG-19-Y-D,E4_Estepa_andina.gpkg
926,4,E4_Estepa_andina,25,CHILE-SH-19-V-B,E4_Estepa_andina.gpkg
927,4,E4_Estepa_andina,25,CHILE-SH-19-V-D,E4_Estepa_andina.gpkg
928,4,E4_Estepa_andina,25,CHILE-SH-19-V-B,E4_Estepa_andina.gpkg
929,4,E4_Estepa_andina,25,CHILE-SH-19-V-B,E4_Estepa_andina.gpkg
930,4,E4_Estepa_andina,25,CHILE-SH-19-V-B,E4_Estepa_andina.gpkg
931,4,E4_Estepa_andina,25,CHILE-SH-19-V-D,E4_Estepa_andina.gpkg
932,4,E4_Estepa_andina,25,CHILE-SH-19-V-D,E4_Estepa_andina.gpkg
933,4,E4_Estepa_andina,25,CHILE-SG-19-Y-B,E4_Estepa_andina.gpkg
934,4,E4_Estepa_andina,25,CHILE-SH-19-V-D,E4_Estepa_andina.gpkg
935,4,E4_Estepa_andina,25,CHILE-SH-19-V-B,E4_Estepa_andina.gpkg
936,4,E4_Estepa_andina,25,CHILE-SH-19-V-D,E4_Estepa_andina.gpkg
937,4,E4_Estepa_andina,25,CHILE-SG-19-Y-D,E4_Estepa_andina.gpkg
938,4,E4_Estepa_andina,25,CHILE-SG-19-Y-D,E4_Estepa_andina.gpkg
939,4,E4_Estepa_andina,25,CHILE-SG-19-Y-D,E4_Estepa_andina.gpkg
940,4,E4_Estepa_andina,29,CHILE-SH-19-Y-D,E4_Estepa_andina.gpkg
941,4,E4_Estepa_andina,29,CHILE-SI-19-V-B,E4_Estepa_andina.gpkg
942,4,E4_Estepa_andina,29,CHILE-SI-19-V-B,E4_Estepa_andina.gpkg
943,4,E4_Estepa_andina,29,CHILE-SI-19-V-D,E4_Estepa_andina.gpkg
944,4,E4_Estepa_andina,29,CHILE-SH-19-Y-B,E4_Estepa_andina.gpkg
945,4,E4_Estepa_andina,29,CHILE-SI-19-V-D,E4_Estepa_andina.gpkg
946,4,E4_Estepa_andina,29,CHILE-SH-19-V-C,E4_Estepa_andina.gpkg
947,4,E4_Estepa_andina,29,CHILE-SI-19-V-D,E4_Estepa_andina.gpkg
948,4,E4_Estepa_andina,29,CHILE-SH-19-Y-B,E4_Estepa_andina.gpkg
949,4,E4_Estepa_andina,29,CHILE-SI-19-V-D,E4_Estepa_andina.gpkg
950,4,E4_Estepa_andina,29,CHILE-SI-19-V-B,E4_Estepa_andina.gpkg
951,4,E4_Estepa_andina,29,CHILE-SI-19-V-B,E4_Estepa_andina.gpkg
952,4,E4_Estepa_andina,29,CHILE-SH-19-Y-D,E4_Estepa_andina.gpkg
953,4,E4_Estepa_andina,29,CHILE-SH-19-Y-D,E4_Estepa_andina.gpkg
954,4,E4_Estepa_andina,29,CHILE-SI-19-V-D,E4_Estepa_andina.gpkg
955,4,E4_Estepa_andina,29,CHILE-SI-19-V-B,E4_Estepa_andina.gpkg
956,4,E4_Estepa_andina,29,CHILE-SI-19-V-D,E4_Estepa_andina.gpkg
957,4,E4_Estepa_andina,29,CHILE-SH-19-Y-B,E4_Estepa_andina.gpkg
958,4,E4_Estepa_andina,29,CHILE-SI-19-V-D,E4_Estepa_andina.gpkg
959,4,E4_Estepa_andina,29,CHILE-SH-19-Y-B,E4_Estepa_andina.gpkg
960,4,E4_Estepa_andina,29,CHILE-SH-19-Y-D,E4_Estepa_andina.gpkg
961,4,E4_Estepa_andina,29,CHILE-SH-19-Y-B,E4_Estepa_andina.gpkg
962,4,E4_Estepa_andina,29,CHILE-SI-19-V-D,E4_Estepa_andina.gpkg
963,4,E4_Estepa_andina,29,CHILE-SH-19-Y-B,E4_Estepa_andina.gpkg
964,4,E4_Estepa_andina,29,CHILE-SH-19-Y-B,E4_Estepa_andina.gpkg
965,4,E4_Estepa_andina,29,CHILE-SH-19-Y-B,E4_Estepa_andina.gpkg
966,4,E4_Estepa_andina,29,CHILE-SI-19-V-D,E4_Estepa_andina.gpkg
967,4,E4_Estepa_andina,59,CHILE-SH-19-V-D,E4_Estepa_andina.gpkg
968,4,E4_Estepa_andina,59,CHILE-SH-19-V-B,E4_Estepa_andina.gpkg
969,4,E4_Estepa_andina,59,CHILE-SH-19-V-B,E4_Estepa_andina.gpkg
970,4,E4_Estepa_andina,59,CHILE-SH-19-V-B,E4_Estepa_andina.gpkg
971,4,E4_Estepa_andina,59,CHILE-SH-19-V-B,E4_Estepa_andina.gpkg
972,4,E4_Estepa_andina,59,CHILE-SI-19-Y-B,E4_Estepa_andina.gpkg
973,4,E4_Estepa_andina,59,CHILE-SH-19-V-B,E4_Estepa_andina.gpkg
974,4,E4_Estepa_andina,59,CHILE-SH-19-Y-A,E4_Estepa_andina.gpkg
975,4,E4_Estepa_andina,59,CHILE-SH-19-V-B,E4_Estepa_andina.gpkg
976,4,E4_Estepa_andina,59,CHILE-SI-19-Y-B,E4_Estepa_andina.gpkg
977,4,E4_Estepa_andina,59,CHILE-SH-19-V-D,E4_Estepa_andina.gpkg
978,4,E4_Estepa_andina,59,CHILE-SH-19-V-B,E4_Estepa_andina.gpkg
979,4,E4_Estepa_andina,59,CHILE-SH-19-V-B,E4_Estepa_andina.gpkg
980,4,E4_Estepa_andina,59,CHILE-SH-19-V-B,E4_Estepa_andina.gpkg
981,4,E4_Estepa_andina,59,CHILE-SH-19-V-B,E4_Estepa_andina.gpkg
982,4,E4_Estepa_andina,59,CHILE-SH-19-Y-A,E4_Estepa_andina.gpkg
983,4,E4_Estepa_andina,59,CHILE-SH-19-V-B,E4_Estepa_andina.gpkg
984,4,E4_Estepa_andina,59,CHILE-SH-19-V-B,E4_Estepa_andina.gpkg
985,4,E4_Estepa_andina,59,CHILE-SI-19-V-D,E4_Estepa_andina.gpkg
986,4,E4_Estepa_andina,59,CHILE-SH-19-V-B,E4_Estepa_andina.gpkg
987,4,E4_Estepa_andina,59,CHILE-SH-19-V-B,E4_Estepa_andina.gpkg
988,4,E4_Estepa_andina,59,CHILE-SH-19-V-D,E4_Estepa_andina.gpkg
989,4,E4_Estepa_andina,60,CHILE-SH-19-V-D,E4_Estepa_andina.gpkg
990,4,E4_Estepa_andina,60,CHILE-SI-19-Y-B,E4_Estepa_andina.gpkg
991,4,E4_Estepa_andina,60,CHILE-SH-19-V-B,E4_Estepa_andina.gpkg
992,4,E4_Estepa_andina,60,CHILE-SH-19-V-D,E4_Estepa_andina.gpkg
993,4,E4_Estepa_andina,60,CHILE-SI-19-Y-B,E4_Estepa_andina.gpkg
994,4,E4_Estepa_andina,60,CHILE-SH-19-V-B,E4_Estepa_andina.gpkg
995,4,E4_Estepa_andina,60,CHILE-SI-19-Y-B,E4_Estepa_andina.gpkg
996,4,E4_Estepa_andina,60,CHILE-SH-19-V-B,E4_Estepa_andina.gpkg
997,4,E4_Estepa_andina,60,CHILE-SH-19-V-D,E4_Estepa_andina.gpkg
998,4,E4_Estepa_andina,60,CHILE-SH-19-Y-B,E4_Estepa_andina.gpkg
999,4,E4_Estepa_andina,60,CHILE-SH-19-V-D,E4_Estepa_andina.gpkg
1000,4,E4_Estepa_andina,60,CHILE-SH-19-Y-B,E4_Estepa_andina.gpkg
1001,4,E4_Estepa_andina,60,CHILE-SH-19-V-D,E4_Estepa_andina.gpkg
1002,4,E4_Estepa_andina,60,CHILE-SH-19-V-B,E4_Estepa_andina.gpkg
1003,4,E4_Estepa_andina,60,CHILE-SI-19-Y-B,E4_Estepa_andina.gpkg
1004,4,E4_Estepa_andina,60,CHILE-SH-19-V-D,E4_Estepa_andina.gpkg
1005,4,E4_Estepa_andina,60,CHILE-SH-19-V-B,E4_Estepa_andina.gpkg
1006,4,E4_Estepa_andina,60,CHILE-SH-19-V-D,E4_Estepa_andina.gpkg
1007,4,E4_Estepa_andina,60,CHILE-SH-19-V-B,E4_Estepa_andina.gpkg
1008,4,E4_Estepa_andina,60,CHILE-SH-19-V-D,E4_Estepa_andina.gpkg
1009,4,E4_Estepa_andina,60,CHILE-SI-19-Y-B,E4_Estepa_andina.gpkg
1010,4,E4_Estepa_andina,60,CHILE-SH-19-V-D,E4_Estepa_andina.gpkg
1011,4,E4_Estepa_andina,60,CHILE-SI-19-Y-B,E4_Estepa_andina.gpkg
1012,4,E4_Estepa_andina,60,CHILE-SH-19-V-B,E4_Estepa_andina.gpkg
1013,4,E4_Estepa_andina,60,CHILE-SI-19-Y-B,E4_Estepa_andina.gpkg
1014,4,E4_Estepa_andina,61,CHILE-SG-19-Y-B,E4_Estepa_andina.gpkg
1015,4,E4_Estepa_andina,61,CHILE-SG-19-Y-B,E4_Estepa_andina.gpkg
1016,4,E4_Estepa_andina,61,CHILE-SG-19-Y-B,E4_Estepa_andina.gpkg
1017,4,E4_Estepa_andina,61,CHILE-SG-19-Y-B,E4_Estepa_andina.gpkg
1018,4,E4_Estepa_andina,61,CHILE-SG-19-Y-B,E4_Estepa_andina.gpkg
1019,4,E4_Estepa_andina,61,CHILE-SG-19-Y-B,E4_Estepa_andina.gpkg
1020,4,E4_Estepa_andina,61,CHILE-SG-19-Y-D,E4_Estepa_andina.gpkg
1021,4,E4_Estepa_andina,61,CHILE-SG-19-Y-B,E4_Estepa_andina.gpkg
1022,4,E4_Estepa_andina,61,CHILE-SG-19-Y-B,E4_Estepa_andina.gpkg
1023,4,E4_Estepa_andina,61,CHILE-SG-19-Y-B,E4_Estepa_andina.gpkg
1024,4,E4_Estepa_andina,61,CHILE-SG-19-Y-B,E4_Estepa_andina.gpkg
1025,4,E4_Estepa_andina,61,CHILE-SG-19-Y-B,E4_Estepa_andina.gpkg
1026,4,E4_Estepa_andina,61,CHILE-SG-19-Y-B,E4_Estepa_andina.gpkg
1027,4,E4_Estepa_andina,61,CHILE-SG-19-Y-B,E4_Estepa_andina.gpkg
1028,4,E4_Estepa_andina,61,CHILE-SG-19-Y-B,E4_Estepa_andina.gpkg
1029,4,E4_Estepa_andina,61,CHILE-SG-19-Y-B,E4_Estepa_andina.gpkg
1030,4,E4_Estepa_andina,61,CHILE-SG-19-Y-B,E4_Estepa_andina.gpkg
1031,4,E4_Estepa_andina,61,CHILE-SG-19-Y-B,E4_Estepa_andina.gpkg
1032,4,E4_Estepa_andina,61,CHILE-SG-19-Y-B,E4_Estepa_andina.gpkg
1033,4,E4_Estepa_andina,61,CHILE-SG-19-Y-B,E4_Estepa_andina.gpkg
1034,4,E4_Estepa_andina,61,CHILE-SG-19-Y-B,E4_Estepa_andina.gpkg
1035,4,E4_Estepa_andina,61,CHILE-SG-19-Y-B,E4_Estepa_andina.gpkg
1036,4,E4_Estepa_andina,61,CHILE-SG-19-Y-B,E4_Estepa_andina.gpkg
1037,4,E4_Estepa_andina,61,CHILE-SG-19-Y-B,E4_Estepa_andina.gpkg
1038,4,E4_Estepa_andina,61,CHILE-SG-19-Y-B,E4_Estepa_andina.gpkg
1039,4,E4_Estepa_andina,61,CHILE-SG-19-Y-B,E4_Estepa_andina.gpkg
1040,4,E4_Estepa_andina,61,CHILE-SG-19-Y-B,E4_Estepa_andina.gpkg
1041,4,E4_Estepa_andina,61,CHILE-SG-19-Y-B,E4_Estepa_andina.gpkg
1042,4,E4_Estepa_andina,61,CHILE-SG-19-Y-B,E4_Estepa_andina.gpkg
1043,4,E4_Estepa_andina,61,CHILE-SG-19-Y-B,E4_Estepa_andina.gpkg
1044,4,E4_Estepa_andina,61,CHILE-SG-19-Y-B,E4_Estepa_andina.gpkg
1045,4,E4_Estepa_andina,61,CHILE-SG-19-Y-B,E4_Estepa_andina.gpkg
1046,4,E4_Estepa_andina,61,CHILE-SG-19-Y-B,E4_Estepa_andina.gpkg
1047,4,E4_Estepa_andina,61,CHILE-SG-19-Y-B,E4_Estepa_andina.gpkg
1048,4,E4_Estepa_andina,61,CHILE-SG-19-Y-B,E4_Estepa_andina.gpkg
1049,4,E4_Estepa_andina,61,CHILE-SG-19-Y-B,E4_Estepa_andina.gpkg
1050,4,E4_Estepa_andina,63,CHILE-SH-19-V-B,E4_Estepa_andina.gpkg
1051,4,E4_Estepa_andina,63,CHILE-SH-19-V-B,E4_Estepa_andina.gpkg
1052,4,E4_Estepa_andina,63,CHILE-SH-19-V-B,E4_Estepa_andina.gpkg
1053,4,E4_Estepa_andina,63,CHILE-SH-19-V-C,E4_Estepa_andina.gpkg
1054,4,E4_Estepa_andina,63,CHILE-SH-19-V-C,E4_Estepa_andina.gpkg
1055,4,E4_Estepa_andina,63,CHILE-SH-19-V-B,E4_Estepa_andina.gpkg
1056,4,E4_Estepa_andina,63,CHILE-SH-19-V-D,E4_Estepa_andina.gpkg
1057,4,E4_Estepa_andina,63,CHILE-SH-19-V-B,E4_Estepa_andina.gpkg
1058,4,E4_Estepa_andina,63,CHILE-SH-19-V-D,E4_Estepa_andina.gpkg
1059,4,E4_Estepa_andina,63,CHILE-SH-19-V-B,E4_Estepa_andina.gpkg
1060,4,E4_Estepa_andina,63,CHILE-SH-19-V-C,E4_Estepa_andina.gpkg
1061,4,E4_Estepa_andina,63,CHILE-SH-19-V-B,E4_Estepa_andina.gpkg
1062,4,E4_Estepa_andina,63,CHILE-SH-19-V-B,E4_Estepa_andina.gpkg
1063,4,E4_Estepa_andina,63,CHILE-SG-19-Y-D,E4_Estepa_andina.gpkg
1064,4,E4_Estepa_andina,63,CHILE-SH-19-V-B,E4_Estepa_andina.gpkg
1065,4,E4_Estepa_andina,63,CHILE-SH-19-V-B,E4_Estepa_andina.gpkg
1066,4,E4_Estepa_andina,63,CHILE-SH-19-V-D,E4_Estepa_andina.gpkg
1067,4,E4_Estepa_andina,63,CHILE-SH-19-V-B,E4_Estepa_andina.gpkg
1068,4,E4_Estepa_andina,63,CHILE-SH-19-V-B,E4_Estepa_andina.gpkg
1069,4,E4_Estepa_andina,63,CHILE-SH-19-V-B,E4_Estepa_andina.gpkg
1070,4,E4_Estepa_andina,63,CHILE-SH-19-V-D,E4_Estepa_andina.gpkg
1071,4,E4_Estepa_andina,66,CHILE-SH-19-V-B,E4_Estepa_andina.gpkg
1072,4,E4_Estepa_andina,66,CHILE-SH-19-V-D,E4_Estepa_andina.gpkg
1073,4,E4_Estepa_andina,66,CHILE-SH-19-V-D,E4_Estepa_andina.gpkg
1074,4,E4_Estepa_andina,66,CHILE-SH-19-Y-B,E4_Estepa_andina.gpkg
1075,4,E4_Estepa_andina,66,CHILE-SH-19-V-D,E4_Estepa_andina.gpkg
1076,4,E4_Estepa_andina,66,CHILE-SH-19-V-B,E4_Estepa_andina.gpkg
1077,4,E4_Estepa_andina,66,CHILE-SH-19-V-D,E4_Estepa_andina.gpkg
1078,4,E4_Estepa_andina,66,CHILE-SH-19-V-D,E4_Estepa_andina.gpkg
1079,4,E4_Estepa_andina,66,CHILE-SI-19-V-B,E4_Estepa_andina.gpkg
1080,4,E4_Estepa_andina,66,CHILE-SH-19-V-D,E4_Estepa_andina.gpkg
1081,4,E4_Estepa_andina,66,CHILE-SH-19-V-D,E4_Estepa_andina.gpkg
1082,4,E4_Estepa_andina,66,CHILE-SH-19-V-D,E4_Estepa_andina.gpkg
1083,4,E4_Estepa_andina,66,CHILE-SH-19-V-D,E4_Estepa_andina.gpkg
1084,4,E4_Estepa_andina,66,CHILE-SH-19-V-D,E4_Estepa_andina.gpkg
1085,4,E4_Estepa_andina,66,CHILE-SH-19-V-D,E4_Estepa_andina.gpkg
1086,4,E4_Estepa_andina,66,CHILE-SH-19-Y-B,E4_Estepa_andina.gpkg
1087,4,E4_Estepa_andina,66,CHILE-SH-19-V-B,E4_Estepa_andina.gpkg
1088,4,E4_Estepa_andina,66,CHILE-SH-19-V-D,E4_Estepa_andina.gpkg
1089,4,E4_Estepa_andina,66,CHILE-SH-19-V-B,E4_Estepa_andina.gpkg
1090,4,E4_Estepa_andina,66,CHILE-SH-19-V-D,E4_Estepa_andina.gpkg
1091,4,E4_Estepa_andina,66,CHILE-SH-19-V-D,E4_Estepa_andina.gpkg
1092,4,E4_Estepa_andina,66,CHILE-SH-19-Y-B,E4_Estepa_andina.gpkg
1093,4,E4_Estepa_andina,66,CHILE-SH-19-V-D,E4_Estepa_andina.gpkg
1094,4,E4_Estepa_andina,66,CHILE-SH-19-V-D,E4_Estepa_andina.gpkg
1095,4,E4_Estepa_andina,66,CHILE-SH-19-V-D,E4_Estepa_andina.gpkg
1096,4,E4_Estepa_andina,66,CHILE-SH-19-Y-B,E4_Estepa_andina.gpkg
1097,4,E4_Estepa_andina,66,CHILE-SH-19-V-D,E4_Estepa_andina.gpkg
1098,4,E4_Estepa_andina,66,CHILE-SI-19-V-B,E4_Estepa_andina.gpkg
1099,4,E4_Estepa_andina,66,CHILE-SH-19-V-D,E4_Estepa_andina.gpkg
1100,4,E4_Estepa_andina,66,CHILE-SH-19-V-D,E4_Estepa_andina.gpkg
1101,4,E4_Estepa_andina,66,CHILE-SH-19-V-D,E4_Estepa_andina.gpkg
1102,4,E4_Estepa_andina,66,CHILE-SI-19-V-B,E4_Estepa_andina.gpkg
1103,5,E5_Matorral_norte_2,11,CHILE-SI-19-V-A,E5_Matorral_norte_2.gpkg
1104,5,E5_Matorral_norte_2,11,CHILE-SH-19-Y-A,E5_Matorral_norte_2.gpkg
1105,5,E5_Matorral_norte_2,11,CHILE-SH-19-V-A,E5_Matorral_norte_2.gpkg
1106,5,E5_Matorral_norte_2,11,CHILE-SH-19-Y-C,E5_Matorral_norte_2.gpkg
1107,5,E5_Matorral_norte_2,11,CHILE-SI-19-V-A,E5_Matorral_norte_2.gpkg
1108,5,E5_Matorral_norte_2,11,CHILE-SI-19-V-A,E5_Matorral_norte_2.gpkg
1109,5,E5_Matorral_norte_2,11,CHILE-SH-19-Y-A,E5_Matorral_norte_2.gpkg
1110,5,E5_Matorral_norte_2,11,CHILE-SH-19-Y-A,E5_Matorral_norte_2.gpkg
1111,5,E5_Matorral_norte_2,11,CHILE-SI-19-V-A,E5_Matorral_norte_2.gpkg
1112,5,E5_Matorral_norte_2,11,CHILE-SH-19-Y-D,E5_Matorral_norte_2.gpkg
1113,5,E5_Matorral_norte_2,11,CHILE-SH-19-V-C,E5_Matorral_norte_2.gpkg
1114,5,E5_Matorral_norte_2,11,CHILE-SI-19-V-A,E5_Matorral_norte_2.gpkg
1115,5,E5_Matorral_norte_2,11,CHILE-SH-19-Y-A,E5_Matorral_norte_2.gpkg
1116,5,E5_Matorral_norte_2,11,CHILE-SI-19-V-A,E5_Matorral_norte_2.gpkg
1117,5,E5_Matorral_norte_2,11,CHILE-SH-19-V-C,E5_Matorral_norte_2.gpkg
1118,5,E5_Matorral_norte_2,11,CHILE-SH-19-V-D,E5_Matorral_norte_2.gpkg
1119,5,E5_Matorral_norte_2,11,CHILE-SH-19-Y-A,E5_Matorral_norte_2.gpkg
1120,5,E5_Matorral_norte_2,11,CHILE-SH-19-V-C,E5_Matorral_norte_2.gpkg
1121,5,E5_Matorral_norte_2,11,CHILE-SH-19-Y-B,E5_Matorral_norte_2.gpkg
1122,5,E5_Matorral_norte_2,11,CHILE-SH-19-Y-C,E5_Matorral_norte_2.gpkg
1123,5,E5_Matorral_norte_2,11,CHILE-SH-19-Y-C,E5_Matorral_norte_2.gpkg
1124,5,E5_Matorral_norte_2,11,CHILE-SI-19-V-A,E5_Matorral_norte_2.gpkg
1125,5,E5_Matorral_norte_2,11,CHILE-SH-19-Y-C,E5_Matorral_norte_2.gpkg
1126,5,E5_Matorral_norte_2,11,CHILE-SH-19-Y-A,E5_Matorral_norte_2.gpkg
1127,5,E5_Matorral_norte_2,11,CHILE-SH-19-V-C,E5_Matorral_norte_2.gpkg
1128,5,E5_Matorral_norte_2,11,CHILE-SH-19-Y-B,E5_Matorral_norte_2.gpkg
1129,5,E5_Matorral_norte_2,11,CHILE-SH-19-Y-A,E5_Matorral_norte_2.gpkg
1130,5,E5_Matorral_norte_2,12,CHILE-SH-19-Y-A,E5_Matorral_norte_2.gpkg
1131,5,E5_Matorral_norte_2,12,CHILE-SH-19-Y-C,E5_Matorral_norte_2.gpkg
1132,5,E5_Matorral_norte_2,12,CHILE-SI-19-V-A,E5_Matorral_norte_2.gpkg
1133,5,E5_Matorral_norte_2,12,CHILE-SH-19-Y-C,E5_Matorral_norte_2.gpkg
1134,5,E5_Matorral_norte_2,12,CHILE-SH-19-Y-A,E5_Matorral_norte_2.gpkg
1135,5,E5_Matorral_norte_2,12,CHILE-SI-19-V-A,E5_Matorral_norte_2.gpkg
1136,5,E5_Matorral_norte_2,12,CHILE-SH-19-Y-A,E5_Matorral_norte_2.gpkg
1137,5,E5_Matorral_norte_2,12,CHILE-SI-19-V-A,E5_Matorral_norte_2.gpkg
1138,5,E5_Matorral_norte_2,12,CHILE-SH-19-Y-C,E5_Matorral_norte_2.gpkg
1139,5,E5_Matorral_norte_2,12,CHILE-SI-19-V-A,E5_Matorral_norte_2.gpkg
1140,5,E5_Matorral_norte_2,12,CHILE-SH-19-Y-C,E5_Matorral_norte_2.gpkg
1141,5,E5_Matorral_norte_2,12,CHILE-SH-19-Y-A,E5_Matorral_norte_2.gpkg
1142,5,E5_Matorral_norte_2,12,CHILE-SI-19-V-A,E5_Matorral_norte_2.gpkg
1143,5,E5_Matorral_norte_2,12,CHILE-SI-19-V-A,E5_Matorral_norte_2.gpkg
1144,5,E5_Matorral_norte_2,12,CHILE-SI-19-V-A,E5_Matorral_norte_2.gpkg
1145,5,E5_Matorral_norte_2,18,CHILE-SH-19-Y-C,E5_Matorral_norte_2.gpkg
1146,5,E5_Matorral_norte_2,18,CHILE-SI-19-V-A,E5_Matorral_norte_2.gpkg
1147,5,E5_Matorral_norte_2,18,CHILE-SI-19-V-A,E5_Matorral_norte_2.gpkg
1148,5,E5_Matorral_norte_2,18,CHILE-SH-19-Y-C,E5_Matorral_norte_2.gpkg
1149,5,E5_Matorral_norte_2,18,CHILE-SH-19-Y-A,E5_Matorral_norte_2.gpkg
1150,5,E5_Matorral_norte_2,18,CHILE-SH-19-Y-A,E5_Matorral_norte_2.gpkg
1151,5,E5_Matorral_norte_2,18,CHILE-SH-19-Y-C,E5_Matorral_norte_2.gpkg
1152,5,E5_Matorral_norte_2,18,CHILE-SI-19-V-A,E5_Matorral_norte_2.gpkg
1153,5,E5_Matorral_norte_2,18,CHILE-SI-19-V-A,E5_Matorral_norte_2.gpkg
1154,5,E5_Matorral_norte_2,18,CHILE-SH-19-Y-A,E5_Matorral_norte_2.gpkg
1155,5,E5_Matorral_norte_2,18,CHILE-SH-19-V-A,E5_Matorral_norte_2.gpkg
1156,5,E5_Matorral_norte_2,18,CHILE-SH-19-Y-C,E5_Matorral_norte_2.gpkg
1157,5,E5_Matorral_norte_2,18,CHILE-SH-19-V-C,E5_Matorral_norte_2.gpkg
1158,5,E5_Matorral_norte_2,18,CHILE-SI-19-V-A,E5_Matorral_norte_2.gpkg
1159,5,E5_Matorral_norte_2,18,CHILE-SH-19-Y-C,E5_Matorral_norte_2.gpkg
1160,5,E5_Matorral_norte_2,18,CHILE-SI-19-V-A,E5_Matorral_norte_2.gpkg
1161,5,E5_Matorral_norte_2,18,CHILE-SI-19-V-A,E5_Matorral_norte_2.gpkg
1162,5,E5_Matorral_norte_2,18,CHILE-SI-19-V-A,E5_Matorral_norte_2.gpkg
1163,5,E5_Matorral_norte_2,18,CHILE-SH-19-V-C,E5_Matorral_norte_2.gpkg
1164,5,E5_Matorral_norte_2,18,CHILE-SH-19-Y-C,E5_Matorral_norte_2.gpkg
1165,5,E5_Matorral_norte_2,18,CHILE-SI-19-V-A,E5_Matorral_norte_2.gpkg
1166,5,E5_Matorral_norte_2,18,CHILE-SH-19-Y-C,E5_Matorral_norte_2.gpkg
1167,5,E5_Matorral_norte_2,18,CHILE-SH-19-Y-C,E5_Matorral_norte_2.gpkg
1168,5,E5_Matorral_norte_2,18,CHILE-SH-19-Y-C,E5_Matorral_norte_2.gpkg
1169,5,E5_Matorral_norte_2,18,CHILE-SH-19-Y-A,E5_Matorral_norte_2.gpkg
1170,5,E5_Matorral_norte_2,18,CHILE-SH-19-V-A,E5_Matorral_norte_2.gpkg
1171,5,E5_Matorral_norte_2,18,CHILE-SI-19-V-A,E5_Matorral_norte_2.gpkg
1172,5,E5_Matorral_norte_2,18,CHILE-SH-19-Y-C,E5_Matorral_norte_2.gpkg
1173,5,E5_Matorral_norte_2,18,CHILE-SH-19-Y-C,E5_Matorral_norte_2.gpkg
1174,5,E5_Matorral_norte_2,18,CHILE-SI-19-V-A,E5_Matorral_norte_2.gpkg
1175,5,E5_Matorral_norte_2,18,CHILE-SH-19-Y-A,E5_Matorral_norte_2.gpkg
1176,5,E5_Matorral_norte_2,18,CHILE-SH-19-Y-A,E5_Matorral_norte_2.gpkg
1177,5,E5_Matorral_norte_2,18,CHILE-SH-19-Y-C,E5_Matorral_norte_2.gpkg
1178,5,E5_Matorral_norte_2,18,CHILE-SH-19-Y-A,E5_Matorral_norte_2.gpkg
1179,5,E5_Matorral_norte_2,18,CHILE-SI-19-V-A,E5_Matorral_norte_2.gpkg
1180,5,E5_Matorral_norte_2,18,CHILE-SI-19-V-A,E5_Matorral_norte_2.gpkg
1181,5,E5_Matorral_norte_2,18,CHILE-SH-19-Y-C,E5_Matorral_norte_2.gpkg
1182,5,E5_Matorral_norte_2,18,CHILE-SH-19-Y-A,E5_Matorral_norte_2.gpkg
1183,5,E5_Matorral_norte_2,18,CHILE-SH-19-Y-A,E5_Matorral_norte_2.gpkg
1184,5,E5_Matorral_norte_2,18,CHILE-SI-19-V-A,E5_Matorral_norte_2.gpkg
1185,5,E5_Matorral_norte_2,18,CHILE-SH-19-Y-C,E5_Matorral_norte_2.gpkg
1186,5,E5_Matorral_norte_2,18,CHILE-SH-19-Y-A,E5_Matorral_norte_2.gpkg
1187,5,E5_Matorral_norte_2,18,CHILE-SI-19-V-A,E5_Matorral_norte_2.gpkg
1188,5,E5_Matorral_norte_2,18,CHILE-SI-19-V-A,E5_Matorral_norte_2.gpkg
1189,5,E5_Matorral_norte_2,18,CHILE-SH-19-Y-A,E5_Matorral_norte_2.gpkg
1190,5,E5_Matorral_norte_2,18,CHILE-SH-19-Y-A,E5_Matorral_norte_2.gpkg
1191,5,E5_Matorral_norte_2,23,CHILE-SH-19-Y-C,E5_Matorral_norte_2.gpkg
1192,5,E5_Matorral_norte_2,23,CHILE-SI-19-V-A,E5_Matorral_norte_2.gpkg
1193,5,E5_Matorral_norte_2,23,CHILE-SH-19-V-C,E5_Matorral_norte_2.gpkg
1194,5,E5_Matorral_norte_2,23,CHILE-SI-19-V-A,E5_Matorral_norte_2.gpkg
1195,5,E5_Matorral_norte_2,23,CHILE-SH-19-Y-A,E5_Matorral_norte_2.gpkg
1196,5,E5_Matorral_norte_2,23,CHILE-SI-19-V-A,E5_Matorral_norte_2.gpkg
1197,5,E5_Matorral_norte_2,23,CHILE-SH-19-Y-A,E5_Matorral_norte_2.gpkg
1198,5,E5_Matorral_norte_2,23,CHILE-SH-19-Y-C,E5_Matorral_norte_2.gpkg
1199,5,E5_Matorral_norte_2,23,CHILE-SH-19-Y-A,E5_Matorral_norte_2.gpkg
1200,5,E5_Matorral_norte_2,23,CHILE-SI-19-V-A,E5_Matorral_norte_2.gpkg
1201,5,E5_Matorral_norte_2,23,CHILE-SH-19-Y-A,E5_Matorral_norte_2.gpkg
1202,5,E5_Matorral_norte_2,23,CHILE-SH-19-V-A,E5_Matorral_norte_2.gpkg
1203,5,E5_Matorral_norte_2,23,CHILE-SI-19-V-A,E5_Matorral_norte_2.gpkg
1204,5,E5_Matorral_norte_2,23,CHILE-SI-19-V-A,E5_Matorral_norte_2.gpkg
1205,5,E5_Matorral_norte_2,23,CHILE-SI-19-V-A,E5_Matorral_norte_2.gpkg
1206,5,E5_Matorral_norte_2,23,CHILE-SI-19-V-A,E5_Matorral_norte_2.gpkg
1207,5,E5_Matorral_norte_2,23,CHILE-SH-19-V-A,E5_Matorral_norte_2.gpkg
1208,5,E5_Matorral_norte_2,23,CHILE-SH-19-Y-C,E5_Matorral_norte_2.gpkg
1209,5,E5_Matorral_norte_2,23,CHILE-SH-19-V-A,E5_Matorral_norte_2.gpkg
1210,5,E5_Matorral_norte_2,23,CHILE-SI-19-V-A,E5_Matorral_norte_2.gpkg
1211,5,E5_Matorral_norte_2,23,CHILE-SH-19-V-C,E5_Matorral_norte_2.gpkg
1212,5,E5_Matorral_norte_2,23,CHILE-SI-19-V-A,E5_Matorral_norte_2.gpkg
1213,5,E5_Matorral_norte_2,23,CHILE-SH-19-Y-C,E5_Matorral_norte_2.gpkg
1214,5,E5_Matorral_norte_2,23,CHILE-SH-19-V-C,E5_Matorral_norte_2.gpkg
1215,5,E5_Matorral_norte_2,23,CHILE-SH-19-V-A,E5_Matorral_norte_2.gpkg
1216,5,E5_Matorral_norte_2,23,CHILE-SH-19-Y-C,E5_Matorral_norte_2.gpkg
1217,5,E5_Matorral_norte_2,23,CHILE-SH-19-V-A,E5_Matorral_norte_2.gpkg
1218,5,E5_Matorral_norte_2,23,CHILE-SH-19-V-C,E5_Matorral_norte_2.gpkg
1219,5,E5_Matorral_norte_2,23,CHILE-SH-19-Y-C,E5_Matorral_norte_2.gpkg
1220,5,E5_Matorral_norte_2,23,CHILE-SI-19-V-A,E5_Matorral_norte_2.gpkg
1221,5,E5_Matorral_norte_2,23,CHILE-SI-19-V-A,E5_Matorral_norte_2.gpkg
1222,5,E5_Matorral_norte_2,23,CHILE-SH-19-Y-A,E5_Matorral_norte_2.gpkg
1223,5,E5_Matorral_norte_2,23,CHILE-SH-19-Y-C,E5_Matorral_norte_2.gpkg
1224,5,E5_Matorral_norte_2,23,CHILE-SI-19-V-A,E5_Matorral_norte_2.gpkg
1225,5,E5_Matorral_norte_2,23,CHILE-SH-19-V-C,E5_Matorral_norte_2.gpkg
1226,5,E5_Matorral_norte_2,23,CHILE-SH-19-Y-A,E5_Matorral_norte_2.gpkg
1227,5,E5_Matorral_norte_2,23,CHILE-SH-19-V-C,E5_Matorral_norte_2.gpkg
1228,5,E5_Matorral_norte_2,23,CHILE-SH-19-V-C,E5_Matorral_norte_2.gpkg
1229,5,E5_Matorral_norte_2,23,CHILE-SH-19-V-C,E5_Matorral_norte_2.gpkg
1230,5,E5_Matorral_norte_2,23,CHILE-SH-19-V-C,E5_Matorral_norte_2.gpkg
1231,5,E5_Matorral_norte_2,23,CHILE-SH-19-V-A,E5_Matorral_norte_2.gpkg
1232,5,E5_Matorral_norte_2,23,CHILE-SH-19-V-A,E5_Matorral_norte_2.gpkg
1233,5,E5_Matorral_norte_2,23,CHILE-SI-19-V-A,E5_Matorral_norte_2.gpkg
1234,5,E5_Matorral_norte_2,23,CHILE-SI-19-V-A,E5_Matorral_norte_2.gpkg
1235,5,E5_Matorral_norte_2,23,CHILE-SI-19-V-A,E5_Matorral_norte_2.gpkg
1236,5,E5_Matorral_norte_2,23,CHILE-SH-19-V-A,E5_Matorral_norte_2.gpkg
1237,5,E5_Matorral_norte_2,23,CHILE-SI-19-V-A,E5_Matorral_norte_2.gpkg
1238,5,E5_Matorral_norte_2,23,CHILE-SI-19-V-A,E5_Matorral_norte_2.gpkg
1239,5,E5_Matorral_norte_2,23,CHILE-SI-19-V-A,E5_Matorral_norte_2.gpkg
1240,5,E5_Matorral_norte_2,23,CHILE-SH-19-V-C,E5_Matorral_norte_2.gpkg
1241,5,E5_Matorral_norte_2,23,CHILE-SH-19-Y-C,E5_Matorral_norte_2.gpkg
1242,5,E5_Matorral_norte_2,23,CHILE-SI-19-V-A,E5_Matorral_norte_2.gpkg
1243,5,E5_Matorral_norte_2,23,CHILE-SI-19-V-A,E5_Matorral_norte_2.gpkg
1244,5,E5_Matorral_norte_2,24,CHILE-SH-19-V-C,E5_Matorral_norte_2.gpkg
1245,5,E5_Matorral_norte_2,24,CHILE-SI-19-V-A,E5_Matorral_norte_2.gpkg
1246,5,E5_Matorral_norte_2,24,CHILE-SH-19-Y-C,E5_Matorral_norte_2.gpkg
1247,5,E5_Matorral_norte_2,24,CHILE-SH-19-V-C,E5_Matorral_norte_2.gpkg
1248,5,E5_Matorral_norte_2,24,CHILE-SH-19-V-C,E5_Matorral_norte_2.gpkg
1249,5,E5_Matorral_norte_2,24,CHILE-SH-19-V-C,E5_Matorral_norte_2.gpkg
1250,5,E5_Matorral_norte_2,24,CHILE-SI-19-V-A,E5_Matorral_norte_2.gpkg
1251,5,E5_Matorral_norte_2,24,CHILE-SH-19-Y-C,E5_Matorral_norte_2.gpkg
1252,5,E5_Matorral_norte_2,24,CHILE-SI-19-V-A,E5_Matorral_norte_2.gpkg
1253,5,E5_Matorral_norte_2,24,CHILE-SI-19-V-A,E5_Matorral_norte_2.gpkg
1254,5,E5_Matorral_norte_2,24,CHILE-SH-19-V-C,E5_Matorral_norte_2.gpkg
1255,5,E5_Matorral_norte_2,24,CHILE-SH-19-V-C,E5_Matorral_norte_2.gpkg
1256,5,E5_Matorral_norte_2,24,CHILE-SH-19-V-C,E5_Matorral_norte_2.gpkg
1257,5,E5_Matorral_norte_2,24,CHILE-SH-19-Y-C,E5_Matorral_norte_2.gpkg
1258,5,E5_Matorral_norte_2,24,CHILE-SI-19-V-A,E5_Matorral_norte_2.gpkg
1259,5,E5_Matorral_norte_2,24,CHILE-SH-19-Y-A,E5_Matorral_norte_2.gpkg
1260,5,E5_Matorral_norte_2,24,CHILE-SI-19-V-A,E5_Matorral_norte_2.gpkg
1261,5,E5_Matorral_norte_2,24,CHILE-SI-19-V-A,E5_Matorral_norte_2.gpkg
1262,5,E5_Matorral_norte_2,24,CHILE-SI-19-V-A,E5_Matorral_norte_2.gpkg
1263,5,E5_Matorral_norte_2,24,CHILE-SI-19-V-A,E5_Matorral_norte_2.gpkg
1264,5,E5_Matorral_norte_2,24,CHILE-SH-19-V-C,E5_Matorral_norte_2.gpkg
1265,5,E5_Matorral_norte_2,24,CHILE-SI-19-V-A,E5_Matorral_norte_2.gpkg
1266,5,E5_Matorral_norte_2,24,CHILE-SH-19-V-C,E5_Matorral_norte_2.gpkg
1267,5,E5_Matorral_norte_2,24,CHILE-SI-19-V-A,E5_Matorral_norte_2.gpkg
1268,5,E5_Matorral_norte_2,24,CHILE-SH-19-Y-A,E5_Matorral_norte_2.gpkg
1269,5,E5_Matorral_norte_2,24,CHILE-SI-19-V-A,E5_Matorral_norte_2.gpkg
1270,5,E5_Matorral_norte_2,25,CHILE-SH-19-Y-C,E5_Matorral_norte_2.gpkg
1271,5,E5_Matorral_norte_2,25,CHILE-SH-19-V-D,E5_Matorral_norte_2.gpkg
1272,5,E5_Matorral_norte_2,25,CHILE-SH-19-V-C,E5_Matorral_norte_2.gpkg
1273,5,E5_Matorral_norte_2,25,CHILE-SI-19-V-B,E5_Matorral_norte_2.gpkg
1274,5,E5_Matorral_norte_2,25,CHILE-SI-19-V-A,E5_Matorral_norte_2.gpkg
1275,5,E5_Matorral_norte_2,25,CHILE-SI-19-V-A,E5_Matorral_norte_2.gpkg
1276,5,E5_Matorral_norte_2,25,CHILE-SH-19-Y-A,E5_Matorral_norte_2.gpkg
1277,5,E5_Matorral_norte_2,25,CHILE-SH-19-Y-A,E5_Matorral_norte_2.gpkg
1278,5,E5_Matorral_norte_2,25,CHILE-SH-19-V-D,E5_Matorral_norte_2.gpkg
1279,5,E5_Matorral_norte_2,25,CHILE-SH-19-V-C,E5_Matorral_norte_2.gpkg
1280,5,E5_Matorral_norte_2,25,CHILE-SH-19-Y-A,E5_Matorral_norte_2.gpkg
1281,5,E5_Matorral_norte_2,25,CHILE-SH-19-V-D,E5_Matorral_norte_2.gpkg
1282,5,E5_Matorral_norte_2,29,CHILE-SI-19-V-B,E5_Matorral_norte_2.gpkg
1283,5,E5_Matorral_norte_2,29,CHILE-SI-19-V-B,E5_Matorral_norte_2.gpkg
1284,5,E5_Matorral_norte_2,29,CHILE-SI-19-V-B,E5_Matorral_norte_2.gpkg
1285,5,E5_Matorral_norte_2,29,CHILE-SH-19-Y-B,E5_Matorral_norte_2.gpkg
1286,5,E5_Matorral_norte_2,29,CHILE-SH-19-Y-B,E5_Matorral_norte_2.gpkg
1287,5,E5_Matorral_norte_2,29,CHILE-SI-19-V-A,E5_Matorral_norte_2.gpkg
1288,5,E5_Matorral_norte_2,29,CHILE-SH-19-V-C,E5_Matorral_norte_2.gpkg
1289,5,E5_Matorral_norte_2,29,CHILE-SH-19-Y-B,E5_Matorral_norte_2.gpkg
1290,5,E5_Matorral_norte_2,29,CHILE-SI-19-V-B,E5_Matorral_norte_2.gpkg
1291,5,E5_Matorral_norte_2,29,CHILE-SI-19-V-B,E5_Matorral_norte_2.gpkg
1292,5,E5_Matorral_norte_2,29,CHILE-SH-19-Y-A,E5_Matorral_norte_2.gpkg
1293,5,E5_Matorral_norte_2,29,CHILE-SI-19-V-B,E5_Matorral_norte_2.gpkg
1294,5,E5_Matorral_norte_2,29,CHILE-SI-19-V-B,E5_Matorral_norte_2.gpkg
1295,5,E5_Matorral_norte_2,29,CHILE-SH-19-V-D,E5_Matorral_norte_2.gpkg
1296,5,E5_Matorral_norte_2,29,CHILE-SI-19-V-A,E5_Matorral_norte_2.gpkg
1297,5,E5_Matorral_norte_2,29,CHILE-SI-19-V-A,E5_Matorral_norte_2.gpkg
1298,5,E5_Matorral_norte_2,29,CHILE-SI-19-V-B,E5_Matorral_norte_2.gpkg
1299,5,E5_Matorral_norte_2,59,CHILE-SH-19-Y-C,E5_Matorral_norte_2.gpkg
1300,5,E5_Matorral_norte_2,59,CHILE-SI-19-V-A,E5_Matorral_norte_2.gpkg
1301,5,E5_Matorral_norte_2,59,CHILE-SH-19-Y-C,E5_Matorral_norte_2.gpkg
1302,5,E5_Matorral_norte_2,59,CHILE-SI-19-V-A,E5_Matorral_norte_2.gpkg
1303,5,E5_Matorral_norte_2,59,CHILE-SI-19-V-A,E5_Matorral_norte_2.gpkg
1304,5,E5_Matorral_norte_2,59,CHILE-SI-19-V-A,E5_Matorral_norte_2.gpkg
1305,5,E5_Matorral_norte_2,59,CHILE-SI-19-V-A,E5_Matorral_norte_2.gpkg
1306,5,E5_Matorral_norte_2,59,CHILE-SI-19-V-A,E5_Matorral_norte_2.gpkg
1307,5,E5_Matorral_norte_2,59,CHILE-SI-19-V-A,E5_Matorral_norte_2.gpkg
1308,5,E5_Matorral_norte_2,59,CHILE-SH-19-Y-A,E5_Matorral_norte_2.gpkg
1309,5,E5_Matorral_norte_2,59,CHILE-SI-19-V-A,E5_Matorral_norte_2.gpkg
1310,5,E5_Matorral_norte_2,59,CHILE-SI-19-V-A,E5_Matorral_norte_2.gpkg
1311,5,E5_Matorral_norte_2,59,CHILE-SH-19-Y-C,E5_Matorral_norte_2.gpkg
1312,5,E5_Matorral_norte_2,59,CHILE-SH-19-Y-A,E5_Matorral_norte_2.gpkg
1313,5,E5_Matorral_norte_2,59,CHILE-SH-19-Y-A,E5_Matorral_norte_2.gpkg
1314,5,E5_Matorral_norte_2,59,CHILE-SH-19-Y-A,E5_Matorral_norte_2.gpkg
1315,5,E5_Matorral_norte_2,59,CHILE-SI-19-V-A,E5_Matorral_norte_2.gpkg
1316,5,E5_Matorral_norte_2,59,CHILE-SH-19-Y-C,E5_Matorral_norte_2.gpkg
1317,5,E5_Matorral_norte_2,59,CHILE-SH-19-Y-A,E5_Matorral_norte_2.gpkg
1318,5,E5_Matorral_norte_2,59,CHILE-SH-19-Y-C,E5_Matorral_norte_2.gpkg
1319,5,E5_Matorral_norte_2,59,CHILE-SI-19-V-A,E5_Matorral_norte_2.gpkg
1320,5,E5_Matorral_norte_2,59,CHILE-SH-19-Y-A,E5_Matorral_norte_2.gpkg
1321,5,E5_Matorral_norte_2,59,CHILE-SI-19-V-A,E5_Matorral_norte_2.gpkg
1322,5,E5_Matorral_norte_2,59,CHILE-SH-19-Y-C,E5_Matorral_norte_2.gpkg
1323,5,E5_Matorral_norte_2,59,CHILE-SH-19-Y-A,E5_Matorral_norte_2.gpkg
1324,5,E5_Matorral_norte_2,59,CHILE-SH-19-Y-C,E5_Matorral_norte_2.gpkg
1325,5,E5_Matorral_norte_2,59,CHILE-SI-19-V-A,E5_Matorral_norte_2.gpkg
1326,5,E5_Matorral_norte_2,59,CHILE-SI-19-V-A,E5_Matorral_norte_2.gpkg
1327,5,E5_Matorral_norte_2,59,CHILE-SI-19-V-A,E5_Matorral_norte_2.gpkg
1328,5,E5_Matorral_norte_2,59,CHILE-SI-19-V-A,E5_Matorral_norte_2.gpkg
1329,5,E5_Matorral_norte_2,59,CHILE-SH-19-Y-C,E5_Matorral_norte_2.gpkg
1330,5,E5_Matorral_norte_2,59,CHILE-SI-19-V-A,E5_Matorral_norte_2.gpkg
1331,5,E5_Matorral_norte_2,59,CHILE-SH-19-Y-C,E5_Matorral_norte_2.gpkg
1332,5,E5_Matorral_norte_2,59,CHILE-SI-19-V-A,E5_Matorral_norte_2.gpkg
1333,5,E5_Matorral_norte_2,59,CHILE-SH-19-Y-C,E5_Matorral_norte_2.gpkg
1334,5,E5_Matorral_norte_2,59,CHILE-SH-19-Y-A,E5_Matorral_norte_2.gpkg
1335,5,E5_Matorral_norte_2,59,CHILE-SH-19-Y-C,E5_Matorral_norte_2.gpkg
1336,5,E5_Matorral_norte_2,59,CHILE-SH-19-Y-C,E5_Matorral_norte_2.gpkg
1337,5,E5_Matorral_norte_2,59,CHILE-SH-19-Y-A,E5_Matorral_norte_2.gpkg
1338,5,E5_Matorral_norte_2,60,CHILE-SH-19-Y-C,E5_Matorral_norte_2.gpkg
1339,5,E5_Matorral_norte_2,60,CHILE-SI-19-V-A,E5_Matorral_norte_2.gpkg
1340,5,E5_Matorral_norte_2,60,CHILE-SH-19-Y-A,E5_Matorral_norte_2.gpkg
1341,5,E5_Matorral_norte_2,60,CHILE-SI-19-V-A,E5_Matorral_norte_2.gpkg
1342,5,E5_Matorral_norte_2,60,CHILE-SH-19-Y-A,E5_Matorral_norte_2.gpkg
1343,5,E5_Matorral_norte_2,60,CHILE-SI-19-V-A,E5_Matorral_norte_2.gpkg
1344,5,E5_Matorral_norte_2,60,CHILE-SH-19-Y-A,E5_Matorral_norte_2.gpkg
1345,5,E5_Matorral_norte_2,60,CHILE-SH-19-Y-A,E5_Matorral_norte_2.gpkg
1346,5,E5_Matorral_norte_2,60,CHILE-SH-19-Y-A,E5_Matorral_norte_2.gpkg
1347,5,E5_Matorral_norte_2,60,CHILE-SI-19-V-A,E5_Matorral_norte_2.gpkg
1348,5,E5_Matorral_norte_2,60,CHILE-SH-19-Y-A,E5_Matorral_norte_2.gpkg
1349,5,E5_Matorral_norte_2,60,CHILE-SI-19-V-A,E5_Matorral_norte_2.gpkg
1350,5,E5_Matorral_norte_2,60,CHILE-SH-19-Y-A,E5_Matorral_norte_2.gpkg
1351,5,E5_Matorral_norte_2,60,CHILE-SI-19-V-A,E5_Matorral_norte_2.gpkg
1352,5,E5_Matorral_norte_2,60,CHILE-SI-19-V-A,E5_Matorral_norte_2.gpkg
1353,5,E5_Matorral_norte_2,60,CHILE-SI-19-V-A,E5_Matorral_norte_2.gpkg
1354,5,E5_Matorral_norte_2,60,CHILE-SI-19-V-A,E5_Matorral_norte_2.gpkg
1355,5,E5_Matorral_norte_2,60,CHILE-SH-19-Y-C,E5_Matorral_norte_2.gpkg
1356,5,E5_Matorral_norte_2,60,CHILE-SI-19-V-A,E5_Matorral_norte_2.gpkg
1357,5,E5_Matorral_norte_2,60,CHILE-SH-19-Y-A,E5_Matorral_norte_2.gpkg
1358,5,E5_Matorral_norte_2,60,CHILE-SI-19-V-A,E5_Matorral_norte_2.gpkg
1359,5,E5_Matorral_norte_2,60,CHILE-SH-19-Y-A,E5_Matorral_norte_2.gpkg
1360,5,E5_Matorral_norte_2,60,CHILE-SH-19-Y-A,E5_Matorral_norte_2.gpkg
1361,5,E5_Matorral_norte_2,66,CHILE-SH-19-V-A,E5_Matorral_norte_2.gpkg
1362,5,E5_Matorral_norte_2,66,CHILE-SH-19-Y-C,E5_Matorral_norte_2.gpkg
1363,5,E5_Matorral_norte_2,66,CHILE-SH-19-V-A,E5_Matorral_norte_2.gpkg
1364,5,E5_Matorral_norte_2,66,CHILE-SH-19-V-A,E5_Matorral_norte_2.gpkg
1365,5,E5_Matorral_norte_2,66,CHILE-SI-19-V-A,E5_Matorral_norte_2.gpkg
1366,5,E5_Matorral_norte_2,66,CHILE-SI-19-V-A,E5_Matorral_norte_2.gpkg
1367,5,E5_Matorral_norte_2,66,CHILE-SI-19-V-A,E5_Matorral_norte_2.gpkg
1368,5,E5_Matorral_norte_2,66,CHILE-SH-19-V-A,E5_Matorral_norte_2.gpkg
1369,5,E5_Matorral_norte_2,66,CHILE-SI-19-V-A,E5_Matorral_norte_2.gpkg
1370,5,E5_Matorral_norte_2,66,CHILE-SH-19-Y-A,E5_Matorral_norte_2.gpkg
1371,5,E5_Matorral_norte_2,66,CHILE-SH-19-V-A,E5_Matorral_norte_2.gpkg
1372,5,E5_Matorral_norte_2,66,CHILE-SH-19-Y-A,E5_Matorral_norte_2.gpkg
1373,5,E5_Matorral_norte_2,66,CHILE-SH-19-V-A,E5_Matorral_norte_2.gpkg
1374,5,E5_Matorral_norte_2,66,CHILE-SH-19-Y-A,E5_Matorral_norte_2.gpkg
1375,5,E5_Matorral_norte_2,66,CHILE-SI-19-V-A,E5_Matorral_norte_2.gpkg
1376,5,E5_Matorral_norte_2,66,CHILE-SI-19-V-A,E5_Matorral_norte_2.gpkg
1377,5,E5_Matorral_norte_2,66,CHILE-SH-19-Y-A,E5_Matorral_norte_2.gpkg
1378,5,E5_Matorral_norte_2,66,CHILE-SH-19-Y-A,E5_Matorral_norte_2.gpkg
1379,5,E5_Matorral_norte_2,66,CHILE-SH-19-Y-C,E5_Matorral_norte_2.gpkg
1380,5,E5_Matorral_norte_2,66,CHILE-SH-19-Y-A,E5_Matorral_norte_2.gpkg
1381,5,E5_Matorral_norte_2,66,CHILE-SH-19-V-A,E5_Matorral_norte_2.gpkg
1382,5,E5_Matorral_norte_2,66,CHILE-SH-19-Y-C,E5_Matorral_norte_2.gpkg
1383,5,E5_Matorral_norte_2,66,CHILE-SH-19-V-A,E5_Matorral_norte_2.gpkg
1384,5,E5_Matorral_norte_2,66,CHILE-SH-19-Y-C,E5_Matorral_norte_2.gpkg
1385,5,E5_Matorral_norte_2,66,CHILE-SH-19-Y-C,E5_Matorral_norte_2.gpkg
1386,5,E5_Matorral_norte_2,66,CHILE-SH-19-Y-C,E5_Matorral_norte_2.gpkg
1387,5,E5_Matorral_norte_2,66,CHILE-SH-19-Y-C,E5_Matorral_norte_2.gpkg
1388,5,E5_Matorral_norte_2,66,CHILE-SI-19-V-A,E5_Matorral_norte_2.gpkg
1389,5,E5_Matorral_norte_2,66,CHILE-SI-19-V-A,E5_Matorral_norte_2.gpkg
1390,5,E5_Matorral_norte_2,66,CHILE-SI-19-V-A,E5_Matorral_norte_2.gpkg
1391,5,E5_Matorral_norte_2,66,CHILE-SI-19-V-A,E5_Matorral_norte_2.gpkg
1392,5,E5_Matorral_norte_2,66,CHILE-SH-19-V-A,E5_Matorral_norte_2.gpkg
1393,5,E5_Matorral_norte_2,66,CHILE-SH-19-Y-A,E5_Matorral_norte_2.gpkg
1394,5,E5_Matorral_norte_2,66,CHILE-SH-19-Y-A,E5_Matorral_norte_2.gpkg
1395,5,E5_Matorral_norte_2,66,CHILE-SI-19-V-A,E5_Matorral_norte_2.gpkg
1396,5,E5_Matorral_norte_2,66,CHILE-SI-19-V-A,E5_Matorral_norte_2.gpkg
1397,5,E5_Matorral_norte_2,66,CHILE-SI-19-V-A,E5_Matorral_norte_2.gpkg
1398,5,E5_Matorral_norte_2,66,CHILE-SH-19-Y-C,E5_Matorral_norte_2.gpkg
1399,5,E5_Matorral_norte_2,66,CHILE-SH-19-V-A,E5_Matorral_norte_2.gpkg
1400,5,E5_Matorral_norte_2,66,CHILE-SH-19-Y-A,E5_Matorral_norte_2.gpkg
1401,5,E5_Matorral_norte_2,66,CHILE-SI-19-V-A,E5_Matorral_norte_2.gpkg
1402,5,E5_Matorral_norte_2,66,CHILE-SH-19-V-A,E5_Matorral_norte_2.gpkg
1403,5,E5_Matorral_norte_2,66,CHILE-SH-19-Y-C,E5_Matorral_norte_2.gpkg
1404,5,E5_Matorral_norte_2,66,CHILE-SI-19-V-A,E5_Matorral_norte_2.gpkg
1405,5,E5_Matorral_norte_2,66,CHILE-SH-19-V-A,E5_Matorral_norte_2.gpkg
1406,5,E5_Matorral_norte_2,66,CHILE-SI-19-V-A,E5_Matorral_norte_2.gpkg
1407,5,E5_Matorral_norte_2,66,CHILE-SH-19-V-A,E5_Matorral_norte_2.gpkg
1408,5,E5_Matorral_norte_2,66,CHILE-SH-19-Y-C,E5_Matorral_norte_2.gpkg
1409,5,E5_Matorral_norte_2,66,CHILE-SI-19-V-A,E5_Matorral_norte_2.gpkg
1410,5,E5_Matorral_norte_2,66,CHILE-SH-19-V-A,E5_Matorral_norte_2.gpkg
1411,5,E5_Matorral_norte_2,66,CHILE-SI-19-V-A,E5_Matorral_norte_2.gpkg
1412,5,E5_Matorral_norte_2,66,CHILE-SI-19-V-A,E5_Matorral_norte_2.gpkg
1413,5,E5_Matorral_norte_2,66,CHILE-SI-19-V-A,E5_Matorral_norte_2.gpkg
1414,5,E5_Matorral_norte_2,66,CHILE-SH-19-V-A,E5_Matorral_norte_2.gpkg
1415,5,E5_Matorral_norte_2,66,CHILE-SH-19-V-A,E5_Matorral_norte_2.gpkg
1416,5,E5_Matorral_norte_2,66,CHILE-SH-19-Y-C,E5_Matorral_norte_2.gpkg
1417,5,E5_Matorral_norte_2,79,CHILE-SI-19-V-A,E5_Matorral_norte_2.gpkg
1418,5,E5_Matorral_norte_2,79,CHILE-SI-19-V-A,E5_Matorral_norte_2.gpkg
1419,5,E5_Matorral_norte_2,79,CHILE-SI-19-V-A,E5_Matorral_norte_2.gpkg
1420,5,E5_Matorral_norte_2,79,CHILE-SI-19-V-A,E5_Matorral_norte_2.gpkg
1421,5,E5_Matorral_norte_2,79,CHILE-SI-19-V-A,E5_Matorral_norte_2.gpkg
1422,5,E5_Matorral_norte_2,79,CHILE-SI-19-V-A,E5_Matorral_norte_2.gpkg
1423,5,E5_Matorral_norte_2,79,CHILE-SI-19-V-A,E5_Matorral_norte_2.gpkg
1424,5,E5_Matorral_norte_2,79,CHILE-SI-19-V-A,E5_Matorral_norte_2.gpkg
1425,5,E5_Matorral_norte_2,79,CHILE-SI-19-V-A,E5_Matorral_norte_2.gpkg
1426,5,E5_Matorral_norte_2,79,CHILE-SI-19-V-A,E5_Matorral_norte_2.gpkg
1427,5,E5_Matorral_norte_2,79,CHILE-SI-19-V-A,E5_Matorral_norte_2.gpkg
1428,5,E5_Matorral_norte_2,79,CHILE-SI-19-V-A,E5_Matorral_norte_2.gpkg
1429,5,E5_Matorral_norte_2,79,CHILE-SI-19-V-A,E5_Matorral_norte_2.gpkg
1430,5,E5_Matorral_norte_2,79,CHILE-SI-19-V-A,E5_Matorral_norte_2.gpkg
1431,5,E5_Matorral_norte_2,79,CHILE-SI-19-V-A,E5_Matorral_norte_2.gpkg
1432,5,E5_Matorral_norte_2,79,CHILE-SI-19-V-A,E5_Matorral_norte_2.gpkg
1433,5,E5_Matorral_norte_2,79,CHILE-SI-19-V-A,E5_Matorral_norte_2.gpkg
1434,5,E5_Matorral_norte_2,79,CHILE-SI-19-V-A,E5_Matorral_norte_2.gpkg
1435,5,E5_Matorral_norte_2,79,CHILE-SI-19-V-A,E5_Matorral_norte_2.gpkg
1436,5,E5_Matorral_norte_2,79,CHILE-SI-19-V-A,E5_Matorral_norte_2.gpkg
1437,5,E5_Matorral_norte_2,79,CHILE-SI-19-V-A,E5_Matorral_norte_2.gpkg
1438,5,E5_Matorral_norte_2,79,CHILE-SI-19-V-A,E5_Matorral_norte_2.gpkg
1439,5,E5_Matorral_norte_2,79,CHILE-SI-19-V-A,E5_Matorral_norte_2.gpkg
1440,5,E5_Matorral_norte_2,79,CHILE-SI-19-V-A,E5_Matorral_norte_2.gpkg
1441,5,E5_Matorral_norte_2,79,CHILE-SI-19-V-A,E5_Matorral_norte_2.gpkg
1442,5,E5_Matorral_norte_2,80,CHILE-SI-19-V-A,E5_Matorral_norte_2.gpkg
1443,5,E5_Matorral_norte_2,80,CHILE-SI-19-V-A,E5_Matorral_norte_2.gpkg
1444,5,E5_Matorral_norte_2,80,CHILE-SI-19-V-A,E5_Matorral_norte_2.gpkg
1445,5,E5_Matorral_norte_2,80,CHILE-SI-19-V-A,E5_Matorral_norte_2.gpkg
1446,5,E5_Matorral_norte_2,80,CHILE-SI-19-V-A,E5_Matorral_norte_2.gpkg
1447,5,E5_Matorral_norte_2,80,CHILE-SH-19-Y-A,E5_Matorral_norte_2.gpkg
1448,5,E5_Matorral_norte_2,80,CHILE-SI-19-V-A,E5_Matorral_norte_2.gpkg
1449,5,E5_Matorral_norte_2,80,CHILE-SI-19-V-A,E5_Matorral_norte_2.gpkg
1450,5,E5_Matorral_norte_2,80,CHILE-SI-19-V-A,E5_Matorral_norte_2.gpkg
1451,5,E5_Matorral_norte_2,80,CHILE-SH-19-Y-A,E5_Matorral_norte_2.gpkg
1452,5,E5_Matorral_norte_2,80,CHILE-SI-19-V-A,E5_Matorral_norte_2.gpkg
1453,5,E5_Matorral_norte_2,80,CHILE-SI-19-V-A,E5_Matorral_norte_2.gpkg
1454,5,E5_Matorral_norte_2,80,CHILE-SI-19-V-A,E5_Matorral_norte_2.gpkg
1455,5,E5_Matorral_norte_2,80,CHILE-SI-19-V-A,E5_Matorral_norte_2.gpkg
1456,5,E5_Matorral_norte_2,80,CHILE-SI-19-V-A,E5_Matorral_norte_2.gpkg
1457,5,E5_Matorral_norte_2,80,CHILE-SI-19-V-A,E5_Matorral_norte_2.gpkg
1458,5,E5_Matorral_norte_2,80,CHILE-SI-19-V-A,E5_Matorral_norte_2.gpkg
1459,5,E5_Matorral_norte_2,80,CHILE-SI-19-V-A,E5_Matorral_norte_2.gpkg
1460,5,E5_Matorral_norte_2,80,CHILE-SI-19-V-A,E5_Matorral_norte_2.gpkg
1461,5,E5_Matorral_norte_2,80,CHILE-SI-19-V-A,E5_Matorral_norte_2.gpkg
1462,5,E5_Matorral_norte_2,80,CHILE-SI-19-V-A,E5_Matorral_norte_2.gpkg
1463,5,E5_Matorral_norte_2,80,CHILE-SI-19-V-A,E5_Matorral_norte_2.gpkg
1464,5,E5_Matorral_norte_2,80,CHILE-SI-19-V-A,E5_Matorral_norte_2.gpkg
1465,5,E5_Matorral_norte_2,80,CHILE-SI-19-V-A,E5_Matorral_norte_2.gpkg
1466,5,E5_Matorral_norte_2,80,CHILE-SH-19-Y-A,E5_Matorral_norte_2.gpkg
1467,5,E5_Matorral_norte_2,80,CHILE-SH-19-Y-A,E5_Matorral_norte_2.gpkg
1468,5,E5_Matorral_norte_2,80,CHILE-SI-19-V-A,E5_Matorral_norte_2.gpkg
1469,5,E5_Matorral_norte_2,80,CHILE-SI-19-V-A,E5_Matorral_norte_2.gpkg
1470,5,E5_Matorral_norte_2,80,CHILE-SI-19-V-A,E5_Matorral_norte_2.gpkg
1471,5,E5_Matorral_norte_2,80,CHILE-SI-19-V-A,E5_Matorral_norte_2.gpkg
1472,5,E5_Matorral_norte_2,80,CHILE-SI-19-V-A,E5_Matorral_norte_2.gpkg
1473,5,E5_Matorral_norte_2,80,CHILE-SI-19-V-A,E5_Matorral_norte_2.gpkg
1474,5,E5_Matorral_norte_2,80,CHILE-SI-19-V-A,E5_Matorral_norte_2.gpkg
1475,5,E5_Matorral_norte_2,80,CHILE-SI-19-V-A,E5_Matorral_norte_2.gpkg
1476,5,E5_Matorral_norte_2,80,CHILE-SI-19-V-A,E5_Matorral_norte_2.gpkg
1477,5,E5_Matorral_norte_2,80,CHILE-SI-19-V-A,E5_Matorral_norte_2.gpkg
1478,5,E5_Matorral_norte_2,80,CHILE-SI-19-V-A,E5_Matorral_norte_2.gpkg
1479,5,E5_Matorral_norte_2,80,CHILE-SH-19-Y-A,E5_Matorral_norte_2.gpkg
1480,5,E5_Matorral_norte_2,80,CHILE-SI-19-V-A,E5_Matorral_norte_2.gpkg
1481,5,E5_Matorral_norte_2,80,CHILE-SI-19-V-A,E5_Matorral_norte_2.gpkg
1482,5,E5_Matorral_norte_2,80,CHILE-SI-19-V-A,E5_Matorral_norte_2.gpkg
1483,5,E5_Matorral_norte_2,80,CHILE-SH-19-Y-A,E5_Matorral_norte_2.gpkg
1484,5,E5_Matorral_norte_2,80,CHILE-SI-19-V-A,E5_Matorral_norte_2.gpkg
1485,5,E5_Matorral_norte_2,80,CHILE-SI-19-V-A,E5_Matorral_norte_2.gpkg
1486,5,E5_Matorral_norte_2,80,CHILE-SH-19-Y-A,E5_Matorral_norte_2.gpkg
1487,5,E5_Matorral_norte_2,80,CHILE-SI-19-V-A,E5_Matorral_norte_2.gpkg
1488,5,E5_Matorral_norte_2,80,CHILE-SH-19-Y-A,E5_Matorral_norte_2.gpkg
1489,5,E5_Matorral_norte_2,80,CHILE-SI-19-V-A,E5_Matorral_norte_2.gpkg
1490,5,E5_Matorral_norte_2,80,CHILE-SH-19-Y-A,E5_Matorral_norte_2.gpkg
1491,5,E5_Matorral_norte_2,80,CHILE-SI-19-V-A,E5_Matorral_norte_2.gpkg
1492,5,E5_Matorral_norte_2,80,CHILE-SI-19-V-A,E5_Matorral_norte_2.gpkg
1493,5,E5_Matorral_norte_2,80,CHILE-SI-19-V-A,E5_Matorral_norte_2.gpkg
1494,5,E5_Matorral_norte_2,80,CHILE-SI-19-V-A,E5_Matorral_norte_2.gpkg
1495,5,E5_Matorral_norte_2,80,CHILE-SI-19-V-A,E5_Matorral_norte_2.gpkg
1496,5,E5_Matorral_norte_2,80,CHILE-SI-19-V-A,E5_Matorral_norte_2.gpkg
1497,5,E5_Matorral_norte_2,80,CHILE-SI-19-V-A,E5_Matorral_norte_2.gpkg
1498,5,E5_Matorral_norte_2,80,CHILE-SI-19-V-A,E5_Matorral_norte_2.gpkg
1499,6,E6_Andes_norte,11,CHILE-SI-19-V-D,E6_Andes_norte.gpkg
1500,6,E6_Andes_norte,11,CHILE-SI-19-V-D,E6_Andes_norte.gpkg
1501,6,E6_Andes_norte,11,CHILE-SI-19-V-D,E6_Andes_norte.gpkg
1502,6,E6_Andes_norte,11,CHILE-SI-19-V-D,E6_Andes_norte.gpkg
1503,6,E6_Andes_norte,11,CHILE-SI-19-Y-B,E6_Andes_norte.gpkg
1504,6,E6_Andes_norte,11,CHILE-SI-19-V-D,E6_Andes_norte.gpkg
1505,6,E6_Andes_norte,11,CHILE-SI-19-Y-B,E6_Andes_norte.gpkg
1506,6,E6_Andes_norte,11,CHILE-SI-19-V-D,E6_Andes_norte.gpkg
1507,6,E6_Andes_norte,11,CHILE-SI-19-V-D,E6_Andes_norte.gpkg
1508,6,E6_Andes_norte,11,CHILE-SI-19-V-D,E6_Andes_norte.gpkg
1509,6,E6_Andes_norte,11,CHILE-SI-19-V-D,E6_Andes_norte.gpkg
1510,6,E6_Andes_norte,12,CHILE-SI-19-V-C,E6_Andes_norte.gpkg
1511,6,E6_Andes_norte,12,CHILE-SI-19-V-D,E6_Andes_norte.gpkg
1512,6,E6_Andes_norte,12,CHILE-SI-19-V-C,E6_Andes_norte.gpkg
1513,6,E6_Andes_norte,12,CHILE-SI-19-V-C,E6_Andes_norte.gpkg
1514,6,E6_Andes_norte,12,CHILE-SI-19-V-D,E6_Andes_norte.gpkg
1515,6,E6_Andes_norte,12,CHILE-SI-19-V-D,E6_Andes_norte.gpkg
1516,6,E6_Andes_norte,12,CHILE-SI-19-V-C,E6_Andes_norte.gpkg
1517,6,E6_Andes_norte,12,CHILE-SI-19-V-C,E6_Andes_norte.gpkg
1518,6,E6_Andes_norte,12,CHILE-SI-19-V-C,E6_Andes_norte.gpkg
1519,6,E6_Andes_norte,12,CHILE-SI-19-V-D,E6_Andes_norte.gpkg
1520,6,E6_Andes_norte,12,CHILE-SI-19-V-D,E6_Andes_norte.gpkg
1521,6,E6_Andes_norte,12,CHILE-SI-19-V-D,E6_Andes_norte.gpkg
1522,6,E6_Andes_norte,12,CHILE-SI-19-V-D,E6_Andes_norte.gpkg
1523,6,E6_Andes_norte,12,CHILE-SI-19-V-C,E6_Andes_norte.gpkg
1524,6,E6_Andes_norte,12,CHILE-SI-19-V-D,E6_Andes_norte.gpkg
1525,6,E6_Andes_norte,12,CHILE-SI-19-V-D,E6_Andes_norte.gpkg
1526,6,E6_Andes_norte,12,CHILE-SI-19-V-C,E6_Andes_norte.gpkg
1527,6,E6_Andes_norte,12,CHILE-SI-19-V-D,E6_Andes_norte.gpkg
1528,6,E6_Andes_norte,12,CHILE-SI-19-Y-A,E6_Andes_norte.gpkg
1529,6,E6_Andes_norte,12,CHILE-SI-19-V-D,E6_Andes_norte.gpkg
1530,6,E6_Andes_norte,12,CHILE-SI-19-V-C,E6_Andes_norte.gpkg
1531,6,E6_Andes_norte,12,CHILE-SI-19-Y-A,E6_Andes_norte.gpkg
1532,6,E6_Andes_norte,12,CHILE-SI-19-V-D,E6_Andes_norte.gpkg
1533,6,E6_Andes_norte,12,CHILE-SI-19-V-C,E6_Andes_norte.gpkg
1534,6,E6_Andes_norte,12,CHILE-SI-19-V-C,E6_Andes_norte.gpkg
1535,6,E6_Andes_norte,15,CHILE-SI-19-Y-A,E6_Andes_norte.gpkg
1536,6,E6_Andes_norte,15,CHILE-SI-19-Y-B,E6_Andes_norte.gpkg
1537,6,E6_Andes_norte,15,CHILE-SI-19-Y-B,E6_Andes_norte.gpkg
1538,6,E6_Andes_norte,15,CHILE-SI-19-Y-A,E6_Andes_norte.gpkg
1539,6,E6_Andes_norte,15,CHILE-SI-19-Y-B,E6_Andes_norte.gpkg
1540,6,E6_Andes_norte,15,CHILE-SI-19-Y-B,E6_Andes_norte.gpkg
1541,6,E6_Andes_norte,15,CHILE-SI-19-Y-B,E6_Andes_norte.gpkg
1542,6,E6_Andes_norte,15,CHILE-SI-19-Y-B,E6_Andes_norte.gpkg
1543,6,E6_Andes_norte,15,CHILE-SI-19-Y-A,E6_Andes_norte.gpkg
1544,6,E6_Andes_norte,15,CHILE-SI-19-Y-A,E6_Andes_norte.gpkg
1545,6,E6_Andes_norte,15,CHILE-SI-19-Y-B,E6_Andes_norte.gpkg
1546,6,E6_Andes_norte,15,CHILE-SI-19-Y-B,E6_Andes_norte.gpkg
1547,6,E6_Andes_norte,15,CHILE-SI-19-Y-A,E6_Andes_norte.gpkg
1548,6,E6_Andes_norte,15,CHILE-SI-19-Y-A,E6_Andes_norte.gpkg
1549,6,E6_Andes_norte,15,CHILE-SI-19-Y-A,E6_Andes_norte.gpkg
1550,6,E6_Andes_norte,18,CHILE-SI-19-Y-A,E6_Andes_norte.gpkg
1551,6,E6_Andes_norte,18,CHILE-SI-19-Y-A,E6_Andes_norte.gpkg
1552,6,E6_Andes_norte,18,CHILE-SI-19-Y-A,E6_Andes_norte.gpkg
1553,6,E6_Andes_norte,18,CHILE-SI-19-Y-A,E6_Andes_norte.gpkg
1554,6,E6_Andes_norte,18,CHILE-SI-19-Y-A,E6_Andes_norte.gpkg
1555,6,E6_Andes_norte,18,CHILE-SI-19-Y-A,E6_Andes_norte.gpkg
1556,6,E6_Andes_norte,18,CHILE-SI-19-Y-A,E6_Andes_norte.gpkg
1557,6,E6_Andes_norte,18,CHILE-SI-19-Y-A,E6_Andes_norte.gpkg
1558,6,E6_Andes_norte,18,CHILE-SI-19-V-C,E6_Andes_norte.gpkg
1559,6,E6_Andes_norte,18,CHILE-SI-19-V-C,E6_Andes_norte.gpkg
1560,6,E6_Andes_norte,18,CHILE-SI-19-V-C,E6_Andes_norte.gpkg
1561,6,E6_Andes_norte,18,CHILE-SI-19-Y-A,E6_Andes_norte.gpkg
1562,6,E6_Andes_norte,18,CHILE-SI-19-V-C,E6_Andes_norte.gpkg
1563,6,E6_Andes_norte,18,CHILE-SI-19-Y-A,E6_Andes_norte.gpkg
1564,6,E6_Andes_norte,18,CHILE-SI-19-Y-A,E6_Andes_norte.gpkg
1565,6,E6_Andes_norte,18,CHILE-SI-19-V-C,E6_Andes_norte.gpkg
1566,6,E6_Andes_norte,18,CHILE-SI-19-Y-A,E6_Andes_norte.gpkg
1567,6,E6_Andes_norte,18,CHILE-SI-19-V-C,E6_Andes_norte.gpkg
1568,6,E6_Andes_norte,18,CHILE-SI-19-V-C,E6_Andes_norte.gpkg
1569,6,E6_Andes_norte,18,CHILE-SI-19-V-C,E6_Andes_norte.gpkg
1570,6,E6_Andes_norte,24,CHILE-SI-19-Y-A,E6_Andes_norte.gpkg
1571,6,E6_Andes_norte,24,CHILE-SI-19-Y-A,E6_Andes_norte.gpkg
1572,6,E6_Andes_norte,24,CHILE-SI-19-Y-A,E6_Andes_norte.gpkg
1573,6,E6_Andes_norte,24,CHILE-SI-19-Y-A,E6_Andes_norte.gpkg
1574,6,E6_Andes_norte,25,CHILE-SI-19-V-D,E6_Andes_norte.gpkg
1575,6,E6_Andes_norte,25,CHILE-SI-19-V-D,E6_Andes_norte.gpkg
1576,6,E6_Andes_norte,25,CHILE-SI-19-V-D,E6_Andes_norte.gpkg
1577,6,E6_Andes_norte,25,CHILE-SI-19-V-D,E6_Andes_norte.gpkg
1578,6,E6_Andes_norte,25,CHILE-SI-19-Y-B,E6_Andes_norte.gpkg
1579,6,E6_Andes_norte,25,CHILE-SI-19-V-D,E6_Andes_norte.gpkg
1580,6,E6_Andes_norte,25,CHILE-SI-19-V-D,E6_Andes_norte.gpkg
1581,6,E6_Andes_norte,25,CHILE-SI-19-V-D,E6_Andes_norte.gpkg
1582,6,E6_Andes_norte,25,CHILE-SI-19-V-D,E6_Andes_norte.gpkg
1583,6,E6_Andes_norte,25,CHILE-SI-19-Y-B,E6_Andes_norte.gpkg
1584,6,E6_Andes_norte,25,CHILE-SI-19-V-D,E6_Andes_norte.gpkg
1585,6,E6_Andes_norte,25,CHILE-SI-19-V-D,E6_Andes_norte.gpkg
1586,6,E6_Andes_norte,25,CHILE-SI-19-V-D,E6_Andes_norte.gpkg
1587,6,E6_Andes_norte,25,CHILE-SI-19-Y-B,E6_Andes_norte.gpkg
1588,6,E6_Andes_norte,25,CHILE-SI-19-V-D,E6_Andes_norte.gpkg
1589,6,E6_Andes_norte,25,CHILE-SI-19-Y-B,E6_Andes_norte.gpkg
1590,6,E6_Andes_norte,25,CHILE-SI-19-V-D,E6_Andes_norte.gpkg
1591,6,E6_Andes_norte,25,CHILE-SI-19-Y-A,E6_Andes_norte.gpkg
1592,6,E6_Andes_norte,25,CHILE-SI-19-Y-A,E6_Andes_norte.gpkg
1593,6,E6_Andes_norte,25,CHILE-SI-19-Y-B,E6_Andes_norte.gpkg
1594,6,E6_Andes_norte,25,CHILE-SI-19-V-D,E6_Andes_norte.gpkg
1595,6,E6_Andes_norte,25,CHILE-SI-19-Y-B,E6_Andes_norte.gpkg
1596,6,E6_Andes_norte,25,CHILE-SI-19-Y-A,E6_Andes_norte.gpkg
1597,6,E6_Andes_norte,25,CHILE-SI-19-Y-B,E6_Andes_norte.gpkg
1598,6,E6_Andes_norte,25,CHILE-SI-19-V-D,E6_Andes_norte.gpkg
1599,6,E6_Andes_norte,25,CHILE-SI-19-V-D,E6_Andes_norte.gpkg
1600,6,E6_Andes_norte,25,CHILE-SI-19-V-D,E6_Andes_norte.gpkg
1601,6,E6_Andes_norte,25,CHILE-SI-19-V-D,E6_Andes_norte.gpkg
1602,6,E6_Andes_norte,25,CHILE-SI-19-V-D,E6_Andes_norte.gpkg
1603,6,E6_Andes_norte,29,CHILE-SI-19-V-D,E6_Andes_norte.gpkg
1604,6,E6_Andes_norte,29,CHILE-SI-19-V-D,E6_Andes_norte.gpkg
1605,6,E6_Andes_norte,29,CHILE-SI-19-V-D,E6_Andes_norte.gpkg
1606,6,E6_Andes_norte,29,CHILE-SI-19-V-D,E6_Andes_norte.gpkg
1607,6,E6_Andes_norte,29,CHILE-SI-19-V-D,E6_Andes_norte.gpkg
1608,6,E6_Andes_norte,29,CHILE-SI-19-V-D,E6_Andes_norte.gpkg
1609,6,E6_Andes_norte,29,CHILE-SI-19-Y-B,E6_Andes_norte.gpkg
1610,6,E6_Andes_norte,29,CHILE-SI-19-Y-B,E6_Andes_norte.gpkg
1611,6,E6_Andes_norte,29,CHILE-SI-19-Y-B,E6_Andes_norte.gpkg
1612,6,E6_Andes_norte,29,CHILE-SI-19-V-D,E6_Andes_norte.gpkg
1613,6,E6_Andes_norte,29,CHILE-SI-19-V-D,E6_Andes_norte.gpkg
1614,6,E6_Andes_norte,29,CHILE-SI-19-V-D,E6_Andes_norte.gpkg
1615,6,E6_Andes_norte,29,CHILE-SI-19-V-D,E6_Andes_norte.gpkg
1616,6,E6_Andes_norte,29,CHILE-SI-19-V-D,E6_Andes_norte.gpkg
1617,6,E6_Andes_norte,29,CHILE-SI-19-V-D,E6_Andes_norte.gpkg
1618,6,E6_Andes_norte,29,CHILE-SI-19-V-D,E6_Andes_norte.gpkg
1619,6,E6_Andes_norte,29,CHILE-SI-19-V-D,E6_Andes_norte.gpkg
1620,6,E6_Andes_norte,29,CHILE-SI-19-V-D,E6_Andes_norte.gpkg
1621,6,E6_Andes_norte,29,CHILE-SI-19-V-D,E6_Andes_norte.gpkg
1622,6,E6_Andes_norte,29,CHILE-SI-19-V-D,E6_Andes_norte.gpkg
1623,6,E6_Andes_norte,29,CHILE-SI-19-V-D,E6_Andes_norte.gpkg
1624,6,E6_Andes_norte,29,CHILE-SI-19-V-D,E6_Andes_norte.gpkg
1625,6,E6_Andes_norte,29,CHILE-SI-19-V-D,E6_Andes_norte.gpkg
1626,6,E6_Andes_norte,29,CHILE-SI-19-V-D,E6_Andes_norte.gpkg
1627,6,E6_Andes_norte,29,CHILE-SI-19-V-C,E6_Andes_norte.gpkg
1628,6,E6_Andes_norte,29,CHILE-SI-19-V-D,E6_Andes_norte.gpkg
1629,6,E6_Andes_norte,29,CHILE-SI-19-V-D,E6_Andes_norte.gpkg
1630,6,E6_Andes_norte,29,CHILE-SI-19-Y-B,E6_Andes_norte.gpkg
1631,6,E6_Andes_norte,29,CHILE-SI-19-V-D,E6_Andes_norte.gpkg
1632,6,E6_Andes_norte,29,CHILE-SI-19-V-C,E6_Andes_norte.gpkg
1633,6,E6_Andes_norte,29,CHILE-SI-19-V-D,E6_Andes_norte.gpkg
1634,6,E6_Andes_norte,29,CHILE-SI-19-V-D,E6_Andes_norte.gpkg
1635,6,E6_Andes_norte,29,CHILE-SI-19-V-D,E6_Andes_norte.gpkg
1636,6,E6_Andes_norte,29,CHILE-SI-19-V-D,E6_Andes_norte.gpkg
1637,6,E6_Andes_norte,59,CHILE-SI-19-V-C,E6_Andes_norte.gpkg
1638,6,E6_Andes_norte,59,CHILE-SI-19-V-C,E6_Andes_norte.gpkg
1639,6,E6_Andes_norte,59,CHILE-SI-19-V-D,E6_Andes_norte.gpkg
1640,6,E6_Andes_norte,59,CHILE-SI-19-V-D,E6_Andes_norte.gpkg
1641,6,E6_Andes_norte,59,CHILE-SI-19-V-D,E6_Andes_norte.gpkg
1642,6,E6_Andes_norte,59,CHILE-SI-19-V-D,E6_Andes_norte.gpkg
1643,6,E6_Andes_norte,59,CHILE-SI-19-V-D,E6_Andes_norte.gpkg
1644,6,E6_Andes_norte,59,CHILE-SI-19-V-D,E6_Andes_norte.gpkg
1645,6,E6_Andes_norte,59,CHILE-SI-19-V-D,E6_Andes_norte.gpkg
1646,6,E6_Andes_norte,59,CHILE-SI-19-V-D,E6_Andes_norte.gpkg
1647,6,E6_Andes_norte,59,CHILE-SI-19-V-D,E6_Andes_norte.gpkg
1648,6,E6_Andes_norte,59,CHILE-SI-19-V-D,E6_Andes_norte.gpkg
1649,6,E6_Andes_norte,59,CHILE-SI-19-V-D,E6_Andes_norte.gpkg
1650,6,E6_Andes_norte,59,CHILE-SI-19-V-D,E6_Andes_norte.gpkg
1651,6,E6_Andes_norte,59,CHILE-SI-19-V-D,E6_Andes_norte.gpkg
1652,6,E6_Andes_norte,59,CHILE-SI-19-V-D,E6_Andes_norte.gpkg
1653,6,E6_Andes_norte,59,CHILE-SI-19-V-D,E6_Andes_norte.gpkg
1654,6,E6_Andes_norte,60,CHILE-SI-19-V-C,E6_Andes_norte.gpkg
1655,6,E6_Andes_norte,60,CHILE-SI-19-V-D,E6_Andes_norte.gpkg
1656,6,E6_Andes_norte,60,CHILE-SI-19-V-D,E6_Andes_norte.gpkg
1657,6,E6_Andes_norte,60,CHILE-SI-19-V-C,E6_Andes_norte.gpkg
1658,6,E6_Andes_norte,60,CHILE-SI-19-V-C,E6_Andes_norte.gpkg
1659,6,E6_Andes_norte,60,CHILE-SI-19-V-C,E6_Andes_norte.gpkg
1660,6,E6_Andes_norte,66,CHILE-SI-19-Y-A,E6_Andes_norte.gpkg
1661,6,E6_Andes_norte,66,CHILE-SI-19-Y-B,E6_Andes_norte.gpkg
1662,6,E6_Andes_norte,66,CHILE-SI-19-Y-A,E6_Andes_norte.gpkg
1663,6,E6_Andes_norte,66,CHILE-SI-19-V-D,E6_Andes_norte.gpkg
1664,6,E6_Andes_norte,66,CHILE-SI-19-V-D,E6_Andes_norte.gpkg
1665,6,E6_Andes_norte,66,CHILE-SI-19-V-D,E6_Andes_norte.gpkg
1666,6,E6_Andes_norte,66,CHILE-SI-19-V-C,E6_Andes_norte.gpkg
1667,6,E6_Andes_norte,66,CHILE-SI-19-Y-A,E6_Andes_norte.gpkg
1668,6,E6_Andes_norte,66,CHILE-SI-19-Y-A,E6_Andes_norte.gpkg
1669,6,E6_Andes_norte,66,CHILE-SI-19-V-D,E6_Andes_norte.gpkg
1670,6,E6_Andes_norte,66,CHILE-SI-19-V-D,E6_Andes_norte.gpkg
1671,6,E6_Andes_norte,66,CHILE-SI-19-V-C,E6_Andes_norte.gpkg
1672,6,E6_Andes_norte,66,CHILE-SI-19-V-D,E6_Andes_norte.gpkg
1673,6,E6_Andes_norte,66,CHILE-SI-19-Y-A,E6_Andes_norte.gpkg
1674,6,E6_Andes_norte,66,CHILE-SI-19-V-D,E6_Andes_norte.gpkg
1675,6,E6_Andes_norte,66,CHILE-SI-19-V-D,E6_Andes_norte.gpkg
1676,6,E6_Andes_norte,66,CHILE-SI-19-V-D,E6_Andes_norte.gpkg
1677,6,E6_Andes_norte,66,CHILE-SI-19-V-D,E6_Andes_norte.gpkg
1678,6,E6_Andes_norte,66,CHILE-SI-19-Y-A,E6_Andes_norte.gpkg
1679,6,E6_Andes_norte,66,CHILE-SI-19-V-D,E6_Andes_norte.gpkg
1680,6,E6_Andes_norte,66,CHILE-SI-19-V-D,E6_Andes_norte.gpkg
1681,6,E6_Andes_norte,66,CHILE-SI-19-Y-B,E6_Andes_norte.gpkg
1682,7,E7_Andes_central,11,CHILE-SI-19-Y-C,E7_Andes_central.gpkg
1683,7,E7_Andes_central,11,CHILE-SI-19-Y-A,E7_Andes_central.gpkg
1684,7,E7_Andes_central,11,CHILE-SI-19-Y-C,E7_Andes_central.gpkg
1685,7,E7_Andes_central,11,CHILE-SI-19-Y-D,E7_Andes_central.gpkg
1686,7,E7_Andes_central,11,CHILE-SI-19-Y-B,E7_Andes_central.gpkg
1687,7,E7_Andes_central,11,CHILE-SI-19-Y-D,E7_Andes_central.gpkg
1688,7,E7_Andes_central,11,CHILE-SI-19-Y-A,E7_Andes_central.gpkg
1689,7,E7_Andes_central,11,CHILE-SI-19-Y-D,E7_Andes_central.gpkg
1690,7,E7_Andes_central,11,CHILE-SI-19-Y-D,E7_Andes_central.gpkg
1691,7,E7_Andes_central,11,CHILE-SI-19-Y-C,E7_Andes_central.gpkg
1692,7,E7_Andes_central,11,CHILE-SI-19-Y-B,E7_Andes_central.gpkg
1693,7,E7_Andes_central,11,CHILE-SI-19-Y-D,E7_Andes_central.gpkg
1694,7,E7_Andes_central,11,CHILE-SI-19-Y-D,E7_Andes_central.gpkg
1695,7,E7_Andes_central,11,CHILE-SI-19-Y-D,E7_Andes_central.gpkg
1696,7,E7_Andes_central,11,CHILE-SI-19-Y-C,E7_Andes_central.gpkg
1697,7,E7_Andes_central,11,CHILE-SI-19-Y-C,E7_Andes_central.gpkg
1698,7,E7_Andes_central,11,CHILE-SJ-19-V-C,E7_Andes_central.gpkg
1699,7,E7_Andes_central,11,CHILE-SJ-19-V-C,E7_Andes_central.gpkg
1700,7,E7_Andes_central,11,CHILE-SI-19-Y-D,E7_Andes_central.gpkg
1701,7,E7_Andes_central,11,CHILE-SJ-19-V-C,E7_Andes_central.gpkg
1702,7,E7_Andes_central,11,CHILE-SJ-19-V-A,E7_Andes_central.gpkg
1703,7,E7_Andes_central,11,CHILE-SJ-19-V-C,E7_Andes_central.gpkg
1704,7,E7_Andes_central,11,CHILE-SI-19-Y-D,E7_Andes_central.gpkg
1705,7,E7_Andes_central,11,CHILE-SI-19-Y-D,E7_Andes_central.gpkg
1706,7,E7_Andes_central,11,CHILE-SI-19-Y-C,E7_Andes_central.gpkg
1707,7,E7_Andes_central,11,CHILE-SJ-19-V-C,E7_Andes_central.gpkg
1708,7,E7_Andes_central,11,CHILE-SI-19-Y-B,E7_Andes_central.gpkg
1709,7,E7_Andes_central,11,CHILE-SJ-19-V-C,E7_Andes_central.gpkg
1710,7,E7_Andes_central,11,CHILE-SJ-19-V-C,E7_Andes_central.gpkg
1711,7,E7_Andes_central,11,CHILE-SI-19-Y-D,E7_Andes_central.gpkg
1712,7,E7_Andes_central,12,CHILE-SJ-19-V-C,E7_Andes_central.gpkg
1713,7,E7_Andes_central,12,CHILE-SJ-19-V-A,E7_Andes_central.gpkg
1714,7,E7_Andes_central,12,CHILE-SJ-19-Y-A,E7_Andes_central.gpkg
1715,7,E7_Andes_central,12,CHILE-SJ-19-V-A,E7_Andes_central.gpkg
1716,7,E7_Andes_central,12,CHILE-SJ-19-V-C,E7_Andes_central.gpkg
1717,7,E7_Andes_central,12,CHILE-SJ-19-V-C,E7_Andes_central.gpkg
1718,7,E7_Andes_central,12,CHILE-SI-19-Y-A,E7_Andes_central.gpkg
1719,7,E7_Andes_central,12,CHILE-SJ-19-Y-A,E7_Andes_central.gpkg
1720,7,E7_Andes_central,12,CHILE-SJ-19-Y-A,E7_Andes_central.gpkg
1721,7,E7_Andes_central,12,CHILE-SJ-19-Y-A,E7_Andes_central.gpkg
1722,7,E7_Andes_central,12,CHILE-SI-19-Y-A,E7_Andes_central.gpkg
1723,7,E7_Andes_central,12,CHILE-SI-19-Y-A,E7_Andes_central.gpkg
1724,7,E7_Andes_central,12,CHILE-SI-19-Y-A,E7_Andes_central.gpkg
1725,7,E7_Andes_central,12,CHILE-SJ-19-Y-A,E7_Andes_central.gpkg
1726,7,E7_Andes_central,12,CHILE-SJ-19-Y-A,E7_Andes_central.gpkg
1727,7,E7_Andes_central,12,CHILE-SI-19-Y-A,E7_Andes_central.gpkg
1728,7,E7_Andes_central,12,CHILE-SI-19-Y-A,E7_Andes_central.gpkg
1729,7,E7_Andes_central,12,CHILE-SJ-19-V-C,E7_Andes_central.gpkg
1730,7,E7_Andes_central,12,CHILE-SJ-19-Y-A,E7_Andes_central.gpkg
1731,7,E7_Andes_central,12,CHILE-SJ-19-Y-A,E7_Andes_central.gpkg
1732,7,E7_Andes_central,12,CHILE-SI-19-Y-A,E7_Andes_central.gpkg
1733,7,E7_Andes_central,12,CHILE-SJ-19-Y-A,E7_Andes_central.gpkg
1734,7,E7_Andes_central,12,CHILE-SJ-19-Y-A,E7_Andes_central.gpkg
1735,7,E7_Andes_central,12,CHILE-SI-19-Y-A,E7_Andes_central.gpkg
1736,7,E7_Andes_central,12,CHILE-SJ-19-V-A,E7_Andes_central.gpkg
1737,7,E7_Andes_central,12,CHILE-SJ-19-Y-A,E7_Andes_central.gpkg
1738,7,E7_Andes_central,12,CHILE-SJ-19-Y-A,E7_Andes_central.gpkg
1739,7,E7_Andes_central,12,CHILE-SI-19-Y-A,E7_Andes_central.gpkg
1740,7,E7_Andes_central,12,CHILE-SJ-19-Y-A,E7_Andes_central.gpkg
1741,7,E7_Andes_central,12,CHILE-SJ-19-V-C,E7_Andes_central.gpkg
1742,7,E7_Andes_central,12,CHILE-SI-19-Y-A,E7_Andes_central.gpkg
1743,7,E7_Andes_central,12,CHILE-SJ-19-V-C,E7_Andes_central.gpkg
1744,7,E7_Andes_central,12,CHILE-SJ-19-V-A,E7_Andes_central.gpkg
1745,7,E7_Andes_central,12,CHILE-SI-19-Y-A,E7_Andes_central.gpkg
1746,7,E7_Andes_central,12,CHILE-SJ-19-Y-A,E7_Andes_central.gpkg
1747,7,E7_Andes_central,12,CHILE-SJ-19-Y-A,E7_Andes_central.gpkg
1748,7,E7_Andes_central,12,CHILE-SI-19-Y-A,E7_Andes_central.gpkg
1749,7,E7_Andes_central,12,CHILE-SI-19-Y-A,E7_Andes_central.gpkg
1750,7,E7_Andes_central,12,CHILE-SJ-19-V-C,E7_Andes_central.gpkg
1751,7,E7_Andes_central,12,CHILE-SJ-19-V-A,E7_Andes_central.gpkg
1752,7,E7_Andes_central,12,CHILE-SJ-19-V-C,E7_Andes_central.gpkg
1753,7,E7_Andes_central,15,CHILE-SJ-18-Z-B,E7_Andes_central.gpkg
1754,7,E7_Andes_central,15,CHILE-SJ-19-Y-A,E7_Andes_central.gpkg
1755,7,E7_Andes_central,15,CHILE-SJ-19-Y-A,E7_Andes_central.gpkg
1756,7,E7_Andes_central,15,CHILE-SJ-19-Y-A,E7_Andes_central.gpkg
1757,7,E7_Andes_central,15,CHILE-SJ-19-Y-A,E7_Andes_central.gpkg
1758,7,E7_Andes_central,15,CHILE-SJ-19-Y-A,E7_Andes_central.gpkg
1759,7,E7_Andes_central,15,CHILE-SJ-18-Z-B,E7_Andes_central.gpkg
1760,7,E7_Andes_central,15,CHILE-SJ-19-Y-A,E7_Andes_central.gpkg
1761,7,E7_Andes_central,15,CHILE-SJ-19-Y-A,E7_Andes_central.gpkg
1762,7,E7_Andes_central,15,CHILE-SJ-19-Y-A,E7_Andes_central.gpkg
1763,7,E7_Andes_central,15,CHILE-SJ-19-Y-A,E7_Andes_central.gpkg
1764,7,E7_Andes_central,15,CHILE-SJ-19-Y-A,E7_Andes_central.gpkg
1765,7,E7_Andes_central,15,CHILE-SJ-19-Y-A,E7_Andes_central.gpkg
1766,7,E7_Andes_central,15,CHILE-SJ-19-Y-A,E7_Andes_central.gpkg
1767,7,E7_Andes_central,15,CHILE-SJ-19-Y-A,E7_Andes_central.gpkg
1768,7,E7_Andes_central,15,CHILE-SJ-19-Y-A,E7_Andes_central.gpkg
1769,7,E7_Andes_central,15,CHILE-SJ-19-V-A,E7_Andes_central.gpkg
1770,7,E7_Andes_central,15,CHILE-SJ-19-Y-A,E7_Andes_central.gpkg
1771,7,E7_Andes_central,15,CHILE-SI-19-Y-C,E7_Andes_central.gpkg
1772,7,E7_Andes_central,15,CHILE-SJ-19-Y-A,E7_Andes_central.gpkg
1773,7,E7_Andes_central,15,CHILE-SJ-19-Y-A,E7_Andes_central.gpkg
1774,7,E7_Andes_central,15,CHILE-SJ-19-Y-A,E7_Andes_central.gpkg
1775,7,E7_Andes_central,15,CHILE-SJ-19-Y-A,E7_Andes_central.gpkg
1776,7,E7_Andes_central,15,CHILE-SJ-19-Y-A,E7_Andes_central.gpkg
1777,7,E7_Andes_central,18,CHILE-SI-19-Y-A,E7_Andes_central.gpkg
1778,7,E7_Andes_central,18,CHILE-SI-19-Y-A,E7_Andes_central.gpkg
1779,7,E7_Andes_central,18,CHILE-SI-19-Y-A,E7_Andes_central.gpkg
1780,7,E7_Andes_central,18,CHILE-SJ-19-V-A,E7_Andes_central.gpkg
1781,7,E7_Andes_central,18,CHILE-SI-19-Y-A,E7_Andes_central.gpkg
1782,7,E7_Andes_central,18,CHILE-SJ-19-V-A,E7_Andes_central.gpkg
1783,7,E7_Andes_central,18,CHILE-SI-19-Y-A,E7_Andes_central.gpkg
1784,7,E7_Andes_central,18,CHILE-SI-19-Y-A,E7_Andes_central.gpkg
1785,7,E7_Andes_central,18,CHILE-SI-19-Y-C,E7_Andes_central.gpkg
1786,7,E7_Andes_central,18,CHILE-SI-19-Y-A,E7_Andes_central.gpkg
1787,7,E7_Andes_central,18,CHILE-SI-19-Y-A,E7_Andes_central.gpkg
1788,7,E7_Andes_central,18,CHILE-SI-19-Y-A,E7_Andes_central.gpkg
1789,7,E7_Andes_central,18,CHILE-SI-19-Y-A,E7_Andes_central.gpkg
1790,7,E7_Andes_central,18,CHILE-SI-19-Y-A,E7_Andes_central.gpkg
1791,7,E7_Andes_central,18,CHILE-SI-19-Y-A,E7_Andes_central.gpkg
1792,7,E7_Andes_central,18,CHILE-SJ-19-V-A,E7_Andes_central.gpkg
1793,7,E7_Andes_central,18,CHILE-SI-19-Y-A,E7_Andes_central.gpkg
1794,7,E7_Andes_central,18,CHILE-SI-19-Y-C,E7_Andes_central.gpkg
1795,7,E7_Andes_central,18,CHILE-SI-19-Y-A,E7_Andes_central.gpkg
1796,7,E7_Andes_central,18,CHILE-SI-19-Y-A,E7_Andes_central.gpkg
1797,7,E7_Andes_central,18,CHILE-SI-19-Y-A,E7_Andes_central.gpkg
1798,7,E7_Andes_central,18,CHILE-SI-19-Y-A,E7_Andes_central.gpkg
1799,7,E7_Andes_central,18,CHILE-SI-19-Y-A,E7_Andes_central.gpkg
1800,7,E7_Andes_central,18,CHILE-SI-19-Y-A,E7_Andes_central.gpkg
1801,7,E7_Andes_central,18,CHILE-SI-19-Y-C,E7_Andes_central.gpkg
1802,7,E7_Andes_central,18,CHILE-SI-19-Y-A,E7_Andes_central.gpkg
1803,7,E7_Andes_central,18,CHILE-SI-19-Y-A,E7_Andes_central.gpkg
1804,7,E7_Andes_central,18,CHILE-SI-19-Y-A,E7_Andes_central.gpkg
1805,7,E7_Andes_central,18,CHILE-SI-19-Y-A,E7_Andes_central.gpkg
1806,7,E7_Andes_central,18,CHILE-SJ-19-V-A,E7_Andes_central.gpkg
1807,7,E7_Andes_central,18,CHILE-SI-19-Y-A,E7_Andes_central.gpkg
1808,7,E7_Andes_central,18,CHILE-SI-19-Y-A,E7_Andes_central.gpkg
1809,7,E7_Andes_central,18,CHILE-SI-19-Y-A,E7_Andes_central.gpkg
1810,7,E7_Andes_central,18,CHILE-SI-19-Y-A,E7_Andes_central.gpkg
1811,7,E7_Andes_central,18,CHILE-SJ-19-V-A,E7_Andes_central.gpkg
1812,7,E7_Andes_central,18,CHILE-SI-19-Y-A,E7_Andes_central.gpkg
1813,7,E7_Andes_central,18,CHILE-SI-19-Y-A,E7_Andes_central.gpkg
1814,7,E7_Andes_central,18,CHILE-SI-19-Y-A,E7_Andes_central.gpkg
1815,7,E7_Andes_central,18,CHILE-SI-19-Y-A,E7_Andes_central.gpkg
1816,7,E7_Andes_central,23,CHILE-SJ-19-Y-A,E7_Andes_central.gpkg
1817,7,E7_Andes_central,23,CHILE-SJ-19-Y-A,E7_Andes_central.gpkg
1818,7,E7_Andes_central,23,CHILE-SJ-19-Y-A,E7_Andes_central.gpkg
1819,7,E7_Andes_central,23,CHILE-SJ-19-V-C,E7_Andes_central.gpkg
1820,7,E7_Andes_central,23,CHILE-SJ-19-Y-A,E7_Andes_central.gpkg
1821,7,E7_Andes_central,23,CHILE-SJ-19-Y-A,E7_Andes_central.gpkg
1822,7,E7_Andes_central,23,CHILE-SJ-19-V-C,E7_Andes_central.gpkg
1823,7,E7_Andes_central,23,CHILE-SJ-19-V-C,E7_Andes_central.gpkg
1824,7,E7_Andes_central,23,CHILE-SJ-19-Y-A,E7_Andes_central.gpkg
1825,7,E7_Andes_central,23,CHILE-SJ-19-V-C,E7_Andes_central.gpkg
1826,7,E7_Andes_central,23,CHILE-SJ-19-Y-A,E7_Andes_central.gpkg
1827,7,E7_Andes_central,23,CHILE-SJ-19-V-C,E7_Andes_central.gpkg
1828,7,E7_Andes_central,23,CHILE-SJ-19-V-C,E7_Andes_central.gpkg
1829,7,E7_Andes_central,23,CHILE-SJ-19-V-C,E7_Andes_central.gpkg
1830,7,E7_Andes_central,23,CHILE-SJ-19-Y-A,E7_Andes_central.gpkg
1831,7,E7_Andes_central,23,CHILE-SJ-19-V-C,E7_Andes_central.gpkg
1832,7,E7_Andes_central,23,CHILE-SJ-19-V-C,E7_Andes_central.gpkg
1833,7,E7_Andes_central,23,CHILE-SJ-19-V-C,E7_Andes_central.gpkg
1834,7,E7_Andes_central,23,CHILE-SJ-19-Y-A,E7_Andes_central.gpkg
1835,7,E7_Andes_central,23,CHILE-SJ-19-Y-A,E7_Andes_central.gpkg
1836,7,E7_Andes_central,23,CHILE-SJ-19-V-C,E7_Andes_central.gpkg
1837,7,E7_Andes_central,23,CHILE-SJ-19-V-C,E7_Andes_central.gpkg
1838,7,E7_Andes_central,24,CHILE-SJ-19-Y-A,E7_Andes_central.gpkg
1839,7,E7_Andes_central,24,CHILE-SJ-19-V-A,E7_Andes_central.gpkg
1840,7,E7_Andes_central,24,CHILE-SJ-19-Y-A,E7_Andes_central.gpkg
1841,7,E7_Andes_central,24,CHILE-SJ-18-Z-B,E7_Andes_central.gpkg
1842,7,E7_Andes_central,24,CHILE-SJ-19-Y-A,E7_Andes_central.gpkg
1843,7,E7_Andes_central,24,CHILE-SJ-19-V-C,E7_Andes_central.gpkg
1844,7,E7_Andes_central,24,CHILE-SJ-19-V-C,E7_Andes_central.gpkg
1845,7,E7_Andes_central,24,CHILE-SJ-18-Z-B,E7_Andes_central.gpkg
1846,7,E7_Andes_central,24,CHILE-SJ-19-Y-A,E7_Andes_central.gpkg
1847,7,E7_Andes_central,24,CHILE-SJ-19-Y-A,E7_Andes_central.gpkg
1848,7,E7_Andes_central,24,CHILE-SJ-18-Z-B,E7_Andes_central.gpkg
1849,7,E7_Andes_central,24,CHILE-SJ-19-Y-A,E7_Andes_central.gpkg
1850,7,E7_Andes_central,24,CHILE-SJ-19-Y-A,E7_Andes_central.gpkg
1851,7,E7_Andes_central,24,CHILE-SJ-19-Y-A,E7_Andes_central.gpkg
1852,7,E7_Andes_central,24,CHILE-SJ-19-Y-A,E7_Andes_central.gpkg
1853,7,E7_Andes_central,24,CHILE-SJ-19-Y-A,E7_Andes_central.gpkg
1854,7,E7_Andes_central,24,CHILE-SJ-19-Y-A,E7_Andes_central.gpkg
1855,7,E7_Andes_central,24,CHILE-SJ-18-Z-B,E7_Andes_central.gpkg
1856,7,E7_Andes_central,24,CHILE-SJ-19-Y-A,E7_Andes_central.gpkg
1857,7,E7_Andes_central,24,CHILE-SJ-19-Y-A,E7_Andes_central.gpkg
1858,7,E7_Andes_central,24,CHILE-SJ-19-Y-A,E7_Andes_central.gpkg
1859,7,E7_Andes_central,24,CHILE-SJ-19-V-C,E7_Andes_central.gpkg
1860,7,E7_Andes_central,24,CHILE-SJ-18-Z-B,E7_Andes_central.gpkg
1861,7,E7_Andes_central,24,CHILE-SJ-19-Y-A,E7_Andes_central.gpkg
1862,7,E7_Andes_central,24,CHILE-SJ-19-V-A,E7_Andes_central.gpkg
1863,7,E7_Andes_central,24,CHILE-SJ-19-Y-A,E7_Andes_central.gpkg
1864,7,E7_Andes_central,24,CHILE-SJ-19-Y-A,E7_Andes_central.gpkg
1865,7,E7_Andes_central,24,CHILE-SJ-19-V-A,E7_Andes_central.gpkg
1866,7,E7_Andes_central,25,CHILE-SJ-19-Y-A,E7_Andes_central.gpkg
1867,7,E7_Andes_central,25,CHILE-SI-19-Y-C,E7_Andes_central.gpkg
1868,7,E7_Andes_central,25,CHILE-SI-19-Y-C,E7_Andes_central.gpkg
1869,7,E7_Andes_central,25,CHILE-SJ-19-Y-A,E7_Andes_central.gpkg
1870,7,E7_Andes_central,25,CHILE-SJ-19-Y-A,E7_Andes_central.gpkg
1871,7,E7_Andes_central,25,CHILE-SJ-19-V-C,E7_Andes_central.gpkg
1872,7,E7_Andes_central,25,CHILE-SJ-19-Y-A,E7_Andes_central.gpkg
1873,7,E7_Andes_central,25,CHILE-SJ-19-V-C,E7_Andes_central.gpkg
1874,7,E7_Andes_central,25,CHILE-SJ-19-Y-A,E7_Andes_central.gpkg
1875,7,E7_Andes_central,25,CHILE-SJ-19-V-C,E7_Andes_central.gpkg
1876,7,E7_Andes_central,25,CHILE-SJ-19-V-A,E7_Andes_central.gpkg
1877,7,E7_Andes_central,25,CHILE-SJ-19-V-C,E7_Andes_central.gpkg
1878,7,E7_Andes_central,25,CHILE-SJ-19-Y-A,E7_Andes_central.gpkg
1879,7,E7_Andes_central,25,CHILE-SJ-19-V-A,E7_Andes_central.gpkg
1880,7,E7_Andes_central,25,CHILE-SI-19-Y-C,E7_Andes_central.gpkg
1881,7,E7_Andes_central,25,CHILE-SJ-19-Y-A,E7_Andes_central.gpkg
1882,7,E7_Andes_central,25,CHILE-SI-19-Y-C,E7_Andes_central.gpkg
1883,7,E7_Andes_central,25,CHILE-SJ-19-Y-A,E7_Andes_central.gpkg
1884,7,E7_Andes_central,25,CHILE-SJ-19-Y-A,E7_Andes_central.gpkg
1885,7,E7_Andes_central,25,CHILE-SJ-19-V-C,E7_Andes_central.gpkg
1886,7,E7_Andes_central,25,CHILE-SJ-19-V-C,E7_Andes_central.gpkg
1887,7,E7_Andes_central,25,CHILE-SI-19-Y-C,E7_Andes_central.gpkg
1888,7,E7_Andes_central,25,CHILE-SI-19-Y-C,E7_Andes_central.gpkg
1889,7,E7_Andes_central,25,CHILE-SI-19-Y-C,E7_Andes_central.gpkg
1890,7,E7_Andes_central,25,CHILE-SI-19-Y-C,E7_Andes_central.gpkg
1891,7,E7_Andes_central,25,CHILE-SJ-19-V-C,E7_Andes_central.gpkg
1892,7,E7_Andes_central,25,CHILE-SI-19-Y-C,E7_Andes_central.gpkg
1893,7,E7_Andes_central,25,CHILE-SJ-19-V-C,E7_Andes_central.gpkg
1894,7,E7_Andes_central,25,CHILE-SJ-19-Y-A,E7_Andes_central.gpkg
1895,7,E7_Andes_central,25,CHILE-SJ-19-V-C,E7_Andes_central.gpkg
1896,7,E7_Andes_central,25,CHILE-SJ-19-Y-A,E7_Andes_central.gpkg
1897,7,E7_Andes_central,25,CHILE-SI-19-Y-C,E7_Andes_central.gpkg
1898,7,E7_Andes_central,25,CHILE-SI-19-Y-C,E7_Andes_central.gpkg
1899,7,E7_Andes_central,29,CHILE-SI-19-Y-C,E7_Andes_central.gpkg
1900,7,E7_Andes_central,29,CHILE-SJ-19-V-A,E7_Andes_central.gpkg
1901,7,E7_Andes_central,29,CHILE-SI-19-Y-C,E7_Andes_central.gpkg
1902,7,E7_Andes_central,29,CHILE-SI-19-Y-C,E7_Andes_central.gpkg
1903,7,E7_Andes_central,29,CHILE-SJ-19-V-A,E7_Andes_central.gpkg
1904,7,E7_Andes_central,29,CHILE-SI-19-Y-C,E7_Andes_central.gpkg
1905,7,E7_Andes_central,29,CHILE-SJ-19-V-A,E7_Andes_central.gpkg
1906,7,E7_Andes_central,29,CHILE-SJ-19-V-A,E7_Andes_central.gpkg
1907,7,E7_Andes_central,29,CHILE-SJ-19-V-C,E7_Andes_central.gpkg
1908,7,E7_Andes_central,29,CHILE-SJ-19-V-A,E7_Andes_central.gpkg
1909,7,E7_Andes_central,29,CHILE-SJ-19-V-A,E7_Andes_central.gpkg
1910,7,E7_Andes_central,29,CHILE-SI-19-Y-C,E7_Andes_central.gpkg
1911,7,E7_Andes_central,29,CHILE-SI-19-Y-C,E7_Andes_central.gpkg
1912,7,E7_Andes_central,29,CHILE-SJ-19-V-A,E7_Andes_central.gpkg
1913,7,E7_Andes_central,29,CHILE-SI-19-Y-C,E7_Andes_central.gpkg
1914,7,E7_Andes_central,29,CHILE-SJ-19-V-A,E7_Andes_central.gpkg
1915,7,E7_Andes_central,29,CHILE-SJ-19-V-A,E7_Andes_central.gpkg
1916,7,E7_Andes_central,29,CHILE-SJ-19-V-A,E7_Andes_central.gpkg
1917,7,E7_Andes_central,29,CHILE-SJ-19-V-A,E7_Andes_central.gpkg
1918,7,E7_Andes_central,29,CHILE-SJ-19-V-A,E7_Andes_central.gpkg
1919,7,E7_Andes_central,29,CHILE-SJ-19-V-A,E7_Andes_central.gpkg
1920,7,E7_Andes_central,29,CHILE-SJ-19-Y-A,E7_Andes_central.gpkg
1921,7,E7_Andes_central,29,CHILE-SJ-19-Y-A,E7_Andes_central.gpkg
1922,7,E7_Andes_central,29,CHILE-SJ-19-V-A,E7_Andes_central.gpkg
1923,7,E7_Andes_central,29,CHILE-SJ-19-Y-A,E7_Andes_central.gpkg
1924,7,E7_Andes_central,29,CHILE-SI-19-Y-C,E7_Andes_central.gpkg
1925,7,E7_Andes_central,29,CHILE-SI-19-Y-C,E7_Andes_central.gpkg
1926,7,E7_Andes_central,29,CHILE-SJ-19-V-A,E7_Andes_central.gpkg
1927,7,E7_Andes_central,29,CHILE-SJ-19-V-A,E7_Andes_central.gpkg
1928,7,E7_Andes_central,29,CHILE-SJ-19-V-A,E7_Andes_central.gpkg
1929,7,E7_Andes_central,29,CHILE-SJ-19-V-A,E7_Andes_central.gpkg
1930,7,E7_Andes_central,29,CHILE-SJ-19-V-A,E7_Andes_central.gpkg
1931,7,E7_Andes_central,29,CHILE-SJ-19-V-A,E7_Andes_central.gpkg
1932,7,E7_Andes_central,29,CHILE-SJ-19-V-C,E7_Andes_central.gpkg
1933,7,E7_Andes_central,29,CHILE-SJ-19-V-A,E7_Andes_central.gpkg
1934,7,E7_Andes_central,59,CHILE-SJ-19-Y-A,E7_Andes_central.gpkg
1935,7,E7_Andes_central,59,CHILE-SJ-19-Y-A,E7_Andes_central.gpkg
1936,7,E7_Andes_central,59,CHILE-SJ-19-V-C,E7_Andes_central.gpkg
1937,7,E7_Andes_central,59,CHILE-SJ-19-Y-A,E7_Andes_central.gpkg
1938,7,E7_Andes_central,59,CHILE-SJ-19-V-A,E7_Andes_central.gpkg
1939,7,E7_Andes_central,59,CHILE-SI-19-Y-C,E7_Andes_central.gpkg
1940,7,E7_Andes_central,59,CHILE-SJ-19-Y-A,E7_Andes_central.gpkg
1941,7,E7_Andes_central,59,CHILE-SJ-19-V-A,E7_Andes_central.gpkg
1942,7,E7_Andes_central,59,CHILE-SJ-19-Y-A,E7_Andes_central.gpkg
1943,7,E7_Andes_central,59,CHILE-SI-19-Y-C,E7_Andes_central.gpkg
1944,7,E7_Andes_central,59,CHILE-SJ-19-V-C,E7_Andes_central.gpkg
1945,7,E7_Andes_central,59,CHILE-SJ-19-Y-A,E7_Andes_central.gpkg
1946,7,E7_Andes_central,59,CHILE-SJ-19-V-C,E7_Andes_central.gpkg
1947,7,E7_Andes_central,59,CHILE-SJ-19-Y-A,E7_Andes_central.gpkg
1948,7,E7_Andes_central,59,CHILE-SJ-19-V-C,E7_Andes_central.gpkg
1949,7,E7_Andes_central,59,CHILE-SJ-19-V-C,E7_Andes_central.gpkg
1950,7,E7_Andes_central,59,CHILE-SJ-19-Y-A,E7_Andes_central.gpkg
1951,7,E7_Andes_central,59,CHILE-SJ-19-V-A,E7_Andes_central.gpkg
1952,7,E7_Andes_central,59,CHILE-SJ-19-V-C,E7_Andes_central.gpkg
1953,7,E7_Andes_central,59,CHILE-SJ-19-V-C,E7_Andes_central.gpkg
1954,7,E7_Andes_central,59,CHILE-SJ-19-V-A,E7_Andes_central.gpkg
1955,7,E7_Andes_central,59,CHILE-SI-19-Y-C,E7_Andes_central.gpkg
1956,7,E7_Andes_central,59,CHILE-SJ-19-V-C,E7_Andes_central.gpkg
1957,7,E7_Andes_central,59,CHILE-SJ-18-Z-B,E7_Andes_central.gpkg
1958,7,E7_Andes_central,59,CHILE-SJ-19-V-A,E7_Andes_central.gpkg
1959,7,E7_Andes_central,59,CHILE-SJ-19-Y-A,E7_Andes_central.gpkg
1960,7,E7_Andes_central,59,CHILE-SJ-19-V-C,E7_Andes_central.gpkg
1961,7,E7_Andes_central,59,CHILE-SI-19-Y-A,E7_Andes_central.gpkg
1962,7,E7_Andes_central,59,CHILE-SJ-19-Y-A,E7_Andes_central.gpkg
1963,7,E7_Andes_central,59,CHILE-SJ-19-Y-A,E7_Andes_central.gpkg
1964,7,E7_Andes_central,59,CHILE-SJ-19-V-C,E7_Andes_central.gpkg
1965,7,E7_Andes_central,59,CHILE-SJ-19-V-A,E7_Andes_central.gpkg
1966,7,E7_Andes_central,59,CHILE-SJ-19-V-C,E7_Andes_central.gpkg
1967,7,E7_Andes_central,59,CHILE-SJ-19-V-C,E7_Andes_central.gpkg
1968,7,E7_Andes_central,59,CHILE-SI-19-Y-A,E7_Andes_central.gpkg
1969,7,E7_Andes_central,59,CHILE-SJ-19-Y-A,E7_Andes_central.gpkg
1970,7,E7_Andes_central,59,CHILE-SJ-19-Y-A,E7_Andes_central.gpkg
1971,7,E7_Andes_central,59,CHILE-SJ-19-Y-A,E7_Andes_central.gpkg
1972,7,E7_Andes_central,59,CHILE-SJ-19-Y-A,E7_Andes_central.gpkg
1973,7,E7_Andes_central,59,CHILE-SJ-19-V-A,E7_Andes_central.gpkg
1974,7,E7_Andes_central,59,CHILE-SJ-19-V-A,E7_Andes_central.gpkg
1975,7,E7_Andes_central,59,CHILE-SJ-19-Y-A,E7_Andes_central.gpkg
1976,7,E7_Andes_central,59,CHILE-SJ-19-V-A,E7_Andes_central.gpkg
1977,7,E7_Andes_central,60,CHILE-SJ-19-Y-A,E7_Andes_central.gpkg
1978,7,E7_Andes_central,60,CHILE-SJ-19-V-A,E7_Andes_central.gpkg
1979,7,E7_Andes_central,60,CHILE-SJ-19-V-C,E7_Andes_central.gpkg
1980,7,E7_Andes_central,60,CHILE-SJ-19-V-A,E7_Andes_central.gpkg
1981,7,E7_Andes_central,60,CHILE-SJ-19-V-C,E7_Andes_central.gpkg
1982,7,E7_Andes_central,60,CHILE-SJ-19-V-C,E7_Andes_central.gpkg
1983,7,E7_Andes_central,60,CHILE-SI-19-Y-C,E7_Andes_central.gpkg
1984,7,E7_Andes_central,60,CHILE-SJ-19-V-A,E7_Andes_central.gpkg
1985,7,E7_Andes_central,60,CHILE-SJ-19-Y-A,E7_Andes_central.gpkg
1986,7,E7_Andes_central,60,CHILE-SI-19-Y-C,E7_Andes_central.gpkg
1987,7,E7_Andes_central,60,CHILE-SJ-19-V-C,E7_Andes_central.gpkg
1988,7,E7_Andes_central,60,CHILE-SJ-19-V-C,E7_Andes_central.gpkg
1989,7,E7_Andes_central,60,CHILE-SI-19-Y-C,E7_Andes_central.gpkg
1990,7,E7_Andes_central,60,CHILE-SJ-19-Y-A,E7_Andes_central.gpkg
1991,7,E7_Andes_central,60,CHILE-SJ-19-V-A,E7_Andes_central.gpkg
1992,7,E7_Andes_central,60,CHILE-SJ-19-V-A,E7_Andes_central.gpkg
1993,7,E7_Andes_central,60,CHILE-SJ-19-V-A,E7_Andes_central.gpkg
1994,7,E7_Andes_central,60,CHILE-SJ-19-V-A,E7_Andes_central.gpkg
1995,7,E7_Andes_central,60,CHILE-SJ-19-V-C,E7_Andes_central.gpkg
1996,7,E7_Andes_central,60,CHILE-SJ-19-V-C,E7_Andes_central.gpkg
1997,7,E7_Andes_central,60,CHILE-SI-19-Y-C,E7_Andes_central.gpkg
1998,7,E7_Andes_central,60,CHILE-SJ-19-V-A,E7_Andes_central.gpkg
1999,7,E7_Andes_central,60,CHILE-SJ-19-V-A,E7_Andes_central.gpkg
2000,7,E7_Andes_central,60,CHILE-SJ-19-V-C,E7_Andes_central.gpkg
2001,7,E7_Andes_central,60,CHILE-SI-19-Y-C,E7_Andes_central.gpkg
2002,7,E7_Andes_central,60,CHILE-SJ-19-Y-A,E7_Andes_central.gpkg
2003,7,E7_Andes_central,60,CHILE-SJ-19-V-C,E7_Andes_central.gpkg
2004,7,E7_Andes_central,60,CHILE-SJ-19-V-A,E7_Andes_central.gpkg
2005,7,E7_Andes_central,60,CHILE-SJ-19-Y-A,E7_Andes_central.gpkg
2006,7,E7_Andes_central,60,CHILE-SI-19-Y-C,E7_Andes_central.gpkg
2007,7,E7_Andes_central,60,CHILE-SJ-19-V-C,E7_Andes_central.gpkg
2008,7,E7_Andes_central,60,CHILE-SJ-19-Y-A,E7_Andes_central.gpkg
2009,7,E7_Andes_central,60,CHILE-SJ-19-Y-A,E7_Andes_central.gpkg
2010,7,E7_Andes_central,60,CHILE-SI-19-Y-C,E7_Andes_central.gpkg
2011,7,E7_Andes_central,60,CHILE-SJ-19-V-C,E7_Andes_central.gpkg
2012,7,E7_Andes_central,60,CHILE-SJ-19-Y-A,E7_Andes_central.gpkg
2013,7,E7_Andes_central,60,CHILE-SJ-19-Y-A,E7_Andes_central.gpkg
2014,7,E7_Andes_central,60,CHILE-SJ-19-Y-A,E7_Andes_central.gpkg
2015,7,E7_Andes_central,60,CHILE-SJ-19-V-C,E7_Andes_central.gpkg
2016,7,E7_Andes_central,60,CHILE-SJ-19-V-A,E7_Andes_central.gpkg
2017,7,E7_Andes_central,60,CHILE-SJ-19-V-C,E7_Andes_central.gpkg
2018,7,E7_Andes_central,60,CHILE-SJ-19-V-C,E7_Andes_central.gpkg
2019,7,E7_Andes_central,60,CHILE-SJ-19-V-C,E7_Andes_central.gpkg
2020,7,E7_Andes_central,66,CHILE-SJ-19-Y-A,E7_Andes_central.gpkg
2021,7,E7_Andes_central,66,CHILE-SJ-19-Y-A,E7_Andes_central.gpkg
2022,7,E7_Andes_central,66,CHILE-SJ-19-Y-A,E7_Andes_central.gpkg
2023,7,E7_Andes_central,66,CHILE-SJ-19-V-C,E7_Andes_central.gpkg
2024,7,E7_Andes_central,66,CHILE-SJ-19-V-A,E7_Andes_central.gpkg
2025,7,E7_Andes_central,66,CHILE-SJ-19-V-C,E7_Andes_central.gpkg
2026,7,E7_Andes_central,66,CHILE-SJ-19-Y-A,E7_Andes_central.gpkg
2027,7,E7_Andes_central,66,CHILE-SJ-19-V-C,E7_Andes_central.gpkg
2028,7,E7_Andes_central,66,CHILE-SJ-19-Y-A,E7_Andes_central.gpkg
2029,7,E7_Andes_central,66,CHILE-SJ-19-Y-A,E7_Andes_central.gpkg
2030,7,E7_Andes_central,66,CHILE-SJ-19-Y-A,E7_Andes_central.gpkg
2031,7,E7_Andes_central,66,CHILE-SJ-19-Y-A,E7_Andes_central.gpkg
2032,7,E7_Andes_central,66,CHILE-SJ-19-Y-A,E7_Andes_central.gpkg
2033,7,E7_Andes_central,66,CHILE-SJ-19-V-A,E7_Andes_central.gpkg
2034,7,E7_Andes_central,66,CHILE-SJ-19-Y-A,E7_Andes_central.gpkg
2035,7,E7_Andes_central,66,CHILE-SJ-19-V-C,E7_Andes_central.gpkg
2036,7,E7_Andes_central,66,CHILE-SJ-19-Y-A,E7_Andes_central.gpkg
2037,7,E7_Andes_central,66,CHILE-SJ-19-Y-A,E7_Andes_central.gpkg
2038,7,E7_Andes_central,66,CHILE-SJ-19-Y-A,E7_Andes_central.gpkg
2039,7,E7_Andes_central,66,CHILE-SJ-19-V-C,E7_Andes_central.gpkg
2040,7,E7_Andes_central,66,CHILE-SJ-19-Y-A,E7_Andes_central.gpkg
2041,7,E7_Andes_central,66,CHILE-SJ-19-V-A,E7_Andes_central.gpkg
2042,7,E7_Andes_central,66,CHILE-SJ-19-Y-A,E7_Andes_central.gpkg
2043,7,E7_Andes_central,66,CHILE-SJ-19-V-C,E7_Andes_central.gpkg
2044,7,E7_Andes_central,66,CHILE-SJ-19-V-C,E7_Andes_central.gpkg
2045,7,E7_Andes_central,66,CHILE-SJ-19-Y-A,E7_Andes_central.gpkg
2046,7,E7_Andes_central,66,CHILE-SJ-19-Y-A,E7_Andes_central.gpkg
2047,7,E7_Andes_central,66,CHILE-SJ-19-Y-A,E7_Andes_central.gpkg
2048,7,E7_Andes_central,67,CHILE-SJ-19-V-A,E7_Andes_central.gpkg
2049,7,E7_Andes_central,67,CHILE-SJ-19-Y-A,E7_Andes_central.gpkg
2050,7,E7_Andes_central,67,CHILE-SJ-19-Y-A,E7_Andes_central.gpkg
2051,7,E7_Andes_central,67,CHILE-SJ-19-Y-A,E7_Andes_central.gpkg
2052,7,E7_Andes_central,67,CHILE-SJ-19-V-A,E7_Andes_central.gpkg
2053,7,E7_Andes_central,67,CHILE-SJ-19-Y-A,E7_Andes_central.gpkg
2054,7,E7_Andes_central,67,CHILE-SJ-19-V-C,E7_Andes_central.gpkg
2055,7,E7_Andes_central,67,CHILE-SJ-19-V-C,E7_Andes_central.gpkg
2056,7,E7_Andes_central,67,CHILE-SJ-19-Y-A,E7_Andes_central.gpkg
2057,7,E7_Andes_central,67,CHILE-SJ-19-Y-A,E7_Andes_central.gpkg
2058,7,E7_Andes_central,67,CHILE-SJ-19-V-C,E7_Andes_central.gpkg
2059,7,E7_Andes_central,67,CHILE-SJ-19-Y-A,E7_Andes_central.gpkg
2060,7,E7_Andes_central,67,CHILE-SJ-19-V-C,E7_Andes_central.gpkg
2061,7,E7_Andes_central,67,CHILE-SJ-19-V-C,E7_Andes_central.gpkg
2062,7,E7_Andes_central,67,CHILE-SJ-19-Y-A,E7_Andes_central.gpkg
2063,7,E7_Andes_central,67,CHILE-SJ-19-Y-A,E7_Andes_central.gpkg
2064,7,E7_Andes_central,67,CHILE-SJ-19-Y-A,E7_Andes_central.gpkg
2065,7,E7_Andes_central,67,CHILE-SJ-19-V-A,E7_Andes_central.gpkg
2066,7,E7_Andes_central,67,CHILE-SJ-19-Y-A,E7_Andes_central.gpkg
2067,7,E7_Andes_central,67,CHILE-SJ-19-Y-A,E7_Andes_central.gpkg
2068,7,E7_Andes_central,67,CHILE-SJ-19-Y-A,E7_Andes_central.gpkg
2069,7,E7_Andes_central,67,CHILE-SJ-19-V-C,E7_Andes_central.gpkg
2070,7,E7_Andes_central,67,CHILE-SJ-19-Y-A,E7_Andes_central.gpkg
2071,7,E7_Andes_central,67,CHILE-SJ-19-Y-A,E7_Andes_central.gpkg
2072,7,E7_Andes_central,67,CHILE-SJ-19-Y-A,E7_Andes_central.gpkg
2073,7,E7_Andes_central,67,CHILE-SJ-19-Y-A,E7_Andes_central.gpkg
2074,7,E7_Andes_central,67,CHILE-SJ-19-Y-A,E7_Andes_central.gpkg
2075,7,E7_Andes_central,67,CHILE-SJ-19-V-C,E7_Andes_central.gpkg
2076,7,E7_Andes_central,67,CHILE-SJ-19-Y-A,E7_Andes_central.gpkg
2077,7,E7_Andes_central,67,CHILE-SJ-19-V-A,E7_Andes_central.gpkg
2078,7,E7_Andes_central,67,CHILE-SJ-19-V-C,E7_Andes_central.gpkg
2079,7,E7_Andes_central,80,CHILE-SJ-19-V-C,E7_Andes_central.gpkg
2080,7,E7_Andes_central,80,CHILE-SJ-19-V-A,E7_Andes_central.gpkg
2081,7,E7_Andes_central,80,CHILE-SI-19-Y-C,E7_Andes_central.gpkg
2082,7,E7_Andes_central,80,CHILE-SJ-19-V-A,E7_Andes_central.gpkg
2083,7,E7_Andes_central,80,CHILE-SJ-19-V-C,E7_Andes_central.gpkg
2084,7,E7_Andes_central,80,CHILE-SJ-19-V-A,E7_Andes_central.gpkg
2085,7,E7_Andes_central,80,CHILE-SI-19-Y-C,E7_Andes_central.gpkg
2086,7,E7_Andes_central,80,CHILE-SI-19-Y-C,E7_Andes_central.gpkg
2087,7,E7_Andes_central,80,CHILE-SJ-19-V-C,E7_Andes_central.gpkg
2088,7,E7_Andes_central,80,CHILE-SJ-19-V-A,E7_Andes_central.gpkg
2089,7,E7_Andes_central,80,CHILE-SI-19-Y-C,E7_Andes_central.gpkg
2090,7,E7_Andes_central,80,CHILE-SJ-19-V-A,E7_Andes_central.gpkg
2091,7,E7_Andes_central,80,CHILE-SJ-19-V-C,E7_Andes_central.gpkg
2092,7,E7_Andes_central,80,CHILE-SJ-19-V-A,E7_Andes_central.gpkg
2093,7,E7_Andes_central,80,CHILE-SJ-19-V-C,E7_Andes_central.gpkg
2094,7,E7_Andes_central,80,CHILE-SJ-19-V-A,E7_Andes_central.gpkg
2095,7,E7_Andes_central,80,CHILE-SJ-19-V-C,E7_Andes_central.gpkg
2096,7,E7_Andes_central,80,CHILE-SJ-19-V-A,E7_Andes_central.gpkg
2097,7,E7_Andes_central,80,CHILE-SI-19-Y-C,E7_Andes_central.gpkg
2098,7,E7_Andes_central,80,CHILE-SJ-19-V-A,E7_Andes_central.gpkg
2099,7,E7_Andes_central,80,CHILE-SJ-19-V-C,E7_Andes_central.gpkg
2100,7,E7_Andes_central,80,CHILE-SJ-19-V-A,E7_Andes_central.gpkg
2101,7,E7_Andes_central,80,CHILE-SJ-19-V-A,E7_Andes_central.gpkg
2102,7,E7_Andes_central,80,CHILE-SJ-19-V-C,E7_Andes_central.gpkg
2103,7,E7_Andes_central,80,CHILE-SJ-19-V-A,E7_Andes_central.gpkg
2104,7,E7_Andes_central,80,CHILE-SJ-19-V-C,E7_Andes_central.gpkg
2105,7,E7_Andes_central,80,CHILE-SJ-19-V-C,E7_Andes_central.gpkg
2106,7,E7_Andes_central,80,CHILE-SJ-19-V-A,E7_Andes_central.gpkg
2107,7,E7_Andes_central,80,CHILE-SJ-19-V-A,E7_Andes_central.gpkg
2108,7,E7_Andes_central,80,CHILE-SJ-19-V-C,E7_Andes_central.gpkg
2109,7,E7_Andes_central,80,CHILE-SJ-19-V-C,E7_Andes_central.gpkg
2110,7,E7_Andes_central,80,CHILE-SJ-19-V-C,E7_Andes_central.gpkg
2111,7,E7_Andes_central,80,CHILE-SJ-19-V-C,E7_Andes_central.gpkg
2112,7,E7_Andes_central,80,CHILE-SI-19-Y-C,E7_Andes_central.gpkg
2113,7,E7_Andes_central,80,CHILE-SJ-19-V-C,E7_Andes_central.gpkg
2114,7,E7_Andes_central,80,CHILE-SJ-19-V-A,E7_Andes_central.gpkg
2115,7,E7_Andes_central,80,CHILE-SI-19-Y-C,E7_Andes_central.gpkg
2116,7,E7_Andes_central,80,CHILE-SJ-19-V-A,E7_Andes_central.gpkg
2117,7,E7_Andes_central,80,CHILE-SJ-19-Y-A,E7_Andes_central.gpkg
2118,7,E7_Andes_central,80,CHILE-SJ-19-V-A,E7_Andes_central.gpkg
2119,7,E7_Andes_central,80,CHILE-SJ-19-V-A,E7_Andes_central.gpkg
2120,7,E7_Andes_central,80,CHILE-SJ-19-V-C,E7_Andes_central.gpkg
2121,7,E7_Andes_central,80,CHILE-SJ-19-V-A,E7_Andes_central.gpkg
2122,7,E7_Andes_central,80,CHILE-SJ-19-V-A,E7_Andes_central.gpkg
2123,7,E7_Andes_central,80,CHILE-SJ-19-V-C,E7_Andes_central.gpkg
2124,7,E7_Andes_central,80,CHILE-SJ-19-V-A,E7_Andes_central.gpkg
2125,7,E7_Andes_central,80,CHILE-SJ-19-V-A,E7_Andes_central.gpkg
2126,7,E7_Andes_central,80,CHILE-SJ-18-Z-B,E7_Andes_central.gpkg
2127,7,E7_Andes_central,80,CHILE-SJ-19-V-C,E7_Andes_central.gpkg
2128,7,E7_Andes_central,80,CHILE-SJ-19-V-A,E7_Andes_central.gpkg
2129,7,E7_Andes_central,80,CHILE-SI-19-Y-C,E7_Andes_central.gpkg
2130,7,E7_Andes_central,80,CHILE-SJ-19-V-C,E7_Andes_central.gpkg
2131,7,E7_Andes_central,80,CHILE-SJ-19-V-A,E7_Andes_central.gpkg
2132,7,E7_Andes_central,80,CHILE-SJ-19-V-A,E7_Andes_central.gpkg
2133,7,E7_Andes_central,80,CHILE-SI-19-Y-C,E7_Andes_central.gpkg
2134,7,E7_Andes_central,80,CHILE-SJ-19-V-A,E7_Andes_central.gpkg
2135,7,E7_Andes_central,80,CHILE-SJ-19-V-A,E7_Andes_central.gpkg
2136,7,E7_Andes_central,80,CHILE-SJ-19-V-A,E7_Andes_central.gpkg
2137,7,E7_Andes_central,80,CHILE-SJ-19-V-A,E7_Andes_central.gpkg
2138,7,E7_Andes_central,80,CHILE-SJ-19-V-A,E7_Andes_central.gpkg
2139,7,E7_Andes_central,80,CHILE-SJ-19-V-A,E7_Andes_central.gpkg
2140,7,E7_Andes_central,80,CHILE-SJ-19-V-C,E7_Andes_central.gpkg
2141,7,E7_Andes_central,80,CHILE-SJ-19-V-A,E7_Andes_central.gpkg
2142,7,E7_Andes_central,80,CHILE-SJ-19-V-A,E7_Andes_central.gpkg
2143,7,E7_Andes_central,80,CHILE-SJ-19-V-C,E7_Andes_central.gpkg
2144,7,E7_Andes_central,80,CHILE-SI-19-Y-C,E7_Andes_central.gpkg
2145,7,E7_Andes_central,80,CHILE-SJ-19-V-A,E7_Andes_central.gpkg
2146,7,E7_Andes_central,80,CHILE-SJ-19-V-A,E7_Andes_central.gpkg
2147,7,E7_Andes_central,80,CHILE-SJ-19-V-A,E7_Andes_central.gpkg
2148,7,E7_Andes_central,80,CHILE-SJ-19-V-C,E7_Andes_central.gpkg
2149,7,E7_Andes_central,80,CHILE-SJ-19-V-A,E7_Andes_central.gpkg
2150,7,E7_Andes_central,80,CHILE-SJ-19-V-A,E7_Andes_central.gpkg
2151,7,E7_Andes_central,80,CHILE-SJ-19-V-C,E7_Andes_central.gpkg
2152,7,E7_Andes_central,80,CHILE-SJ-19-Y-A,E7_Andes_central.gpkg
2153,7,E7_Andes_central,80,CHILE-SJ-19-V-C,E7_Andes_central.gpkg
2154,7,E7_Andes_central,80,CHILE-SI-19-Y-C,E7_Andes_central.gpkg
2155,7,E7_Andes_central,80,CHILE-SJ-19-V-C,E7_Andes_central.gpkg
2156,7,E7_Andes_central,80,CHILE-SI-19-Y-C,E7_Andes_central.gpkg
2157,7,E7_Andes_central,80,CHILE-SJ-19-V-A,E7_Andes_central.gpkg
2158,7,E7_Andes_central,80,CHILE-SJ-19-V-A,E7_Andes_central.gpkg
2159,7,E7_Andes_central,80,CHILE-SJ-19-V-C,E7_Andes_central.gpkg
2160,7,E7_Andes_central,80,CHILE-SJ-19-Y-A,E7_Andes_central.gpkg
2161,7,E7_Andes_central,80,CHILE-SJ-19-V-A,E7_Andes_central.gpkg
2162,7,E7_Andes_central,80,CHILE-SI-19-Y-C,E7_Andes_central.gpkg
2163,7,E7_Andes_central,80,CHILE-SJ-19-V-A,E7_Andes_central.gpkg
2164,7,E7_Andes_central,80,CHILE-SJ-19-V-C,E7_Andes_central.gpkg
2165,7,E7_Andes_central,80,CHILE-SJ-19-V-C,E7_Andes_central.gpkg
2166,7,E7_Andes_central,80,CHILE-SI-19-Y-C,E7_Andes_central.gpkg
2167,7,E7_Andes_central,80,CHILE-SI-19-Y-C,E7_Andes_central.gpkg
2168,7,E7_Andes_central,80,CHILE-SJ-19-V-A,E7_Andes_central.gpkg
2169,7,E7_Andes_central,80,CHILE-SI-19-Y-C,E7_Andes_central.gpkg
2170,7,E7_Andes_central,80,CHILE-SI-19-Y-A,E7_Andes_central.gpkg
2171,7,E7_Andes_central,80,CHILE-SJ-19-V-A,E7_Andes_central.gpkg
2172,7,E7_Andes_central,80,CHILE-SJ-19-V-A,E7_Andes_central.gpkg
2173,7,E7_Andes_central,80,CHILE-SJ-19-V-C,E7_Andes_central.gpkg
2174,7,E7_Andes_central,80,CHILE-SJ-19-V-C,E7_Andes_central.gpkg
2175,7,E7_Andes_central,80,CHILE-SJ-19-V-C,E7_Andes_central.gpkg
2176,7,E7_Andes_central,80,CHILE-SJ-19-V-A,E7_Andes_central.gpkg
2177,7,E7_Andes_central,80,CHILE-SI-19-Y-C,E7_Andes_central.gpkg
2178,7,E7_Andes_central,80,CHILE-SJ-19-V-A,E7_Andes_central.gpkg
2179,7,E7_Andes_central,80,CHILE-SJ-19-V-C,E7_Andes_central.gpkg
2180,7,E7_Andes_central,80,CHILE-SI-19-Y-C,E7_Andes_central.gpkg
2181,7,E7_Andes_central,80,CHILE-SJ-19-V-A,E7_Andes_central.gpkg
2182,7,E7_Andes_central,80,CHILE-SI-19-Y-C,E7_Andes_central.gpkg
2183,7,E7_Andes_central,80,CHILE-SJ-19-V-A,E7_Andes_central.gpkg
2184,7,E7_Andes_central,80,CHILE-SJ-18-Z-B,E7_Andes_central.gpkg
2185,7,E7_Andes_central,80,CHILE-SJ-19-V-C,E7_Andes_central.gpkg
2186,7,E7_Andes_central,80,CHILE-SJ-19-V-C,E7_Andes_central.gpkg
2187,7,E7_Andes_central,80,CHILE-SJ-19-V-A,E7_Andes_central.gpkg
2188,7,E7_Andes_central,80,CHILE-SJ-19-V-A,E7_Andes_central.gpkg
2189,7,E7_Andes_central,80,CHILE-SJ-19-V-C,E7_Andes_central.gpkg
2190,7,E7_Andes_central,80,CHILE-SJ-19-V-C,E7_Andes_central.gpkg
2191,7,E7_Andes_central,80,CHILE-SJ-19-V-A,E7_Andes_central.gpkg
2192,7,E7_Andes_central,80,CHILE-SJ-19-V-A,E7_Andes_central.gpkg
2193,7,E7_Andes_central,80,CHILE-SI-19-Y-C,E7_Andes_central.gpkg
2194,7,E7_Andes_central,80,CHILE-SJ-19-V-C,E7_Andes_central.gpkg
2195,7,E7_Andes_central,80,CHILE-SJ-19-V-C,E7_Andes_central.gpkg
2196,7,E7_Andes_central,80,CHILE-SJ-19-V-A,E7_Andes_central.gpkg
2197,7,E7_Andes_central,80,CHILE-SJ-19-V-C,E7_Andes_central.gpkg
2198,7,E7_Andes_central,80,CHILE-SJ-19-V-A,E7_Andes_central.gpkg
2199,7,E7_Andes_central,80,CHILE-SJ-19-V-A,E7_Andes_central.gpkg
2200,7,E7_Andes_central,80,CHILE-SI-19-Y-C,E7_Andes_central.gpkg
2201,7,E7_Andes_central,80,CHILE-SJ-19-V-A,E7_Andes_central.gpkg
2202,7,E7_Andes_central,80,CHILE-SJ-19-V-A,E7_Andes_central.gpkg
2203,7,E7_Andes_central,80,CHILE-SJ-19-V-A,E7_Andes_central.gpkg
2204,7,E7_Andes_central,80,CHILE-SI-19-Y-C,E7_Andes_central.gpkg
2205,7,E7_Andes_central,80,CHILE-SJ-19-V-A,E7_Andes_central.gpkg
2206,7,E7_Andes_central,80,CHILE-SJ-19-V-A,E7_Andes_central.gpkg
2207,7,E7_Andes_central,80,CHILE-SJ-19-V-C,E7_Andes_central.gpkg
2208,7,E7_Andes_central,80,CHILE-SJ-19-V-A,E7_Andes_central.gpkg
2209,7,E7_Andes_central,80,CHILE-SJ-19-V-A,E7_Andes_central.gpkg
2210,7,E7_Andes_central,80,CHILE-SJ-19-V-C,E7_Andes_central.gpkg
2211,7,E7_Andes_central,80,CHILE-SJ-19-V-A,E7_Andes_central.gpkg
2212,7,E7_Andes_central,80,CHILE-SJ-19-V-A,E7_Andes_central.gpkg
2213,7,E7_Andes_central,80,CHILE-SJ-19-V-A,E7_Andes_central.gpkg
2214,7,E7_Andes_central,80,CHILE-SJ-19-V-C,E7_Andes_central.gpkg
2215,7,E7_Andes_central,80,CHILE-SI-19-Y-C,E7_Andes_central.gpkg
2216,7,E7_Andes_central,80,CHILE-SJ-19-V-A,E7_Andes_central.gpkg
2217,7,E7_Andes_central,80,CHILE-SJ-19-V-A,E7_Andes_central.gpkg
2218,7,E7_Andes_central,80,CHILE-SJ-19-V-C,E7_Andes_central.gpkg
2219,7,E7_Andes_central,80,CHILE-SJ-19-V-A,E7_Andes_central.gpkg
2220,7,E7_Andes_central,80,CHILE-SJ-19-V-A,E7_Andes_central.gpkg
2221,7,E7_Andes_central,80,CHILE-SJ-19-V-A,E7_Andes_central.gpkg
2222,7,E7_Andes_central,80,CHILE-SJ-19-V-A,E7_Andes_central.gpkg
2223,7,E7_Andes_central,80,CHILE-SJ-19-V-C,E7_Andes_central.gpkg
2224,7,E7_Andes_central,80,CHILE-SJ-19-V-A,E7_Andes_central.gpkg
2225,7,E7_Andes_central,80,CHILE-SJ-19-V-C,E7_Andes_central.gpkg
2226,7,E7_Andes_central,80,CHILE-SJ-19-V-C,E7_Andes_central.gpkg
2227,7,E7_Andes_central,80,CHILE-SJ-19-V-A,E7_Andes_central.gpkg
2228,7,E7_Andes_central,80,CHILE-SJ-19-V-A,E7_Andes_central.gpkg
2229,7,E7_Andes_central,80,CHILE-SJ-19-V-A,E7_Andes_central.gpkg
2230,7,E7_Andes_central,80,CHILE-SJ-19-V-C,E7_Andes_central.gpkg
2231,7,E7_Andes_central,80,CHILE-SJ-19-V-A,E7_Andes_central.gpkg
2232,7,E7_Andes_central,80,CHILE-SJ-19-V-C,E7_Andes_central.gpkg
2233,7,E7_Andes_central,80,CHILE-SJ-19-V-A,E7_Andes_central.gpkg
2234,7,E7_Andes_central,80,CHILE-SJ-19-Y-A,E7_Andes_central.gpkg
2235,7,E7_Andes_central,80,CHILE-SI-19-Y-C,E7_Andes_central.gpkg
2236,7,E7_Andes_central,80,CHILE-SJ-19-V-A,E7_Andes_central.gpkg
2237,7,E7_Andes_central,80,CHILE-SJ-19-V-A,E7_Andes_central.gpkg
2238,7,E7_Andes_central,80,CHILE-SJ-19-V-A,E7_Andes_central.gpkg
2239,7,E7_Andes_central,80,CHILE-SJ-19-V-A,E7_Andes_central.gpkg
2240,7,E7_Andes_central,80,CHILE-SI-19-Y-C,E7_Andes_central.gpkg
2241,7,E7_Andes_central,80,CHILE-SJ-19-V-C,E7_Andes_central.gpkg
2242,7,E7_Andes_central,80,CHILE-SJ-19-V-A,E7_Andes_central.gpkg
2243,7,E7_Andes_central,80,CHILE-SJ-19-V-A,E7_Andes_central.gpkg
2244,7,E7_Andes_central,80,CHILE-SJ-19-V-A,E7_Andes_central.gpkg
2245,7,E7_Andes_central,80,CHILE-SI-19-Y-C,E7_Andes_central.gpkg
2246,7,E7_Andes_central,80,CHILE-SJ-19-V-A,E7_Andes_central.gpkg
2247,7,E7_Andes_central,80,CHILE-SJ-19-V-C,E7_Andes_central.gpkg
2248,7,E7_Andes_central,80,CHILE-SI-19-Y-C,E7_Andes_central.gpkg
2249,7,E7_Andes_central,80,CHILE-SJ-19-V-A,E7_Andes_central.gpkg
2250,7,E7_Andes_central,80,CHILE-SJ-19-V-A,E7_Andes_central.gpkg
2251,7,E7_Andes_central,80,CHILE-SJ-19-V-A,E7_Andes_central.gpkg
2252,7,E7_Andes_central,80,CHILE-SJ-19-V-A,E7_Andes_central.gpkg
2253,7,E7_Andes_central,80,CHILE-SJ-19-V-C,E7_Andes_central.gpkg
2254,7,E7_Andes_central,80,CHILE-SJ-19-V-A,E7_Andes_central.gpkg
2255,7,E7_Andes_central,80,CHILE-SJ-19-V-A,E7_Andes_central.gpkg
2256,7,E7_Andes_central,80,CHILE-SJ-19-V-C,E7_Andes_central.gpkg
2257,7,E7_Andes_central,80,CHILE-SJ-19-V-A,E7_Andes_central.gpkg
2258,7,E7_Andes_central,80,CHILE-SJ-19-V-A,E7_Andes_central.gpkg
2259,7,E7_Andes_central,80,CHILE-SJ-19-V-C,E7_Andes_central.gpkg
2260,7,E7_Andes_central,80,CHILE-SJ-19-V-C,E7_Andes_central.gpkg
2261,7,E7_Andes_central,80,CHILE-SJ-19-V-A,E7_Andes_central.gpkg
2262,7,E7_Andes_central,80,CHILE-SJ-19-V-A,E7_Andes_central.gpkg
2263,7,E7_Andes_central,80,CHILE-SJ-19-V-A,E7_Andes_central.gpkg
2264,7,E7_Andes_central,80,CHILE-SJ-19-V-C,E7_Andes_central.gpkg
2265,7,E7_Andes_central,80,CHILE-SJ-19-V-A,E7_Andes_central.gpkg
2266,7,E7_Andes_central,80,CHILE-SI-19-Y-C,E7_Andes_central.gpkg
2267,7,E7_Andes_central,80,CHILE-SJ-19-V-C,E7_Andes_central.gpkg
2268,7,E7_Andes_central,80,CHILE-SJ-19-V-A,E7_Andes_central.gpkg
2269,7,E7_Andes_central,80,CHILE-SJ-19-V-C,E7_Andes_central.gpkg
2270,7,E7_Andes_central,80,CHILE-SJ-19-V-C,E7_Andes_central.gpkg
2271,7,E7_Andes_central,80,CHILE-SJ-19-V-A,E7_Andes_central.gpkg
2272,7,E7_Andes_central,80,CHILE-SJ-19-V-C,E7_Andes_central.gpkg
2273,7,E7_Andes_central,80,CHILE-SJ-19-V-C,E7_Andes_central.gpkg
2274,7,E7_Andes_central,80,CHILE-SJ-19-V-A,E7_Andes_central.gpkg
2275,7,E7_Andes_central,80,CHILE-SJ-19-V-A,E7_Andes_central.gpkg
2276,7,E7_Andes_central,80,CHILE-SJ-19-V-A,E7_Andes_central.gpkg
2277,7,E7_Andes_central,80,CHILE-SJ-19-V-C,E7_Andes_central.gpkg
2278,7,E7_Andes_central,80,CHILE-SJ-19-V-C,E7_Andes_central.gpkg
2279,7,E7_Andes_central,80,CHILE-SI-19-Y-C,E7_Andes_central.gpkg
2280,7,E7_Andes_central,80,CHILE-SJ-19-V-C,E7_Andes_central.gpkg
2281,7,E7_Andes_central,80,CHILE-SJ-19-V-C,E7_Andes_central.gpkg
2282,7,E7_Andes_central,80,CHILE-SJ-19-V-C,E7_Andes_central.gpkg
2283,7,E7_Andes_central,80,CHILE-SJ-19-V-A,E7_Andes_central.gpkg
2284,7,E7_Andes_central,80,CHILE-SJ-19-V-A,E7_Andes_central.gpkg
2285,7,E7_Andes_central,80,CHILE-SJ-19-V-C,E7_Andes_central.gpkg
2286,7,E7_Andes_central,80,CHILE-SI-19-Y-C,E7_Andes_central.gpkg
2287,7,E7_Andes_central,80,CHILE-SI-19-Y-C,E7_Andes_central.gpkg
2288,7,E7_Andes_central,80,CHILE-SJ-18-Z-B,E7_Andes_central.gpkg
2289,7,E7_Andes_central,80,CHILE-SI-19-Y-C,E7_Andes_central.gpkg
2290,7,E7_Andes_central,80,CHILE-SJ-19-V-C,E7_Andes_central.gpkg
2291,7,E7_Andes_central,80,CHILE-SI-19-Y-C,E7_Andes_central.gpkg
2292,7,E7_Andes_central,80,CHILE-SI-19-Y-C,E7_Andes_central.gpkg
2293,7,E7_Andes_central,80,CHILE-SJ-19-V-A,E7_Andes_central.gpkg
2294,7,E7_Andes_central,80,CHILE-SJ-19-V-C,E7_Andes_central.gpkg
2295,7,E7_Andes_central,80,CHILE-SJ-19-V-A,E7_Andes_central.gpkg
2296,7,E7_Andes_central,80,CHILE-SJ-19-V-C,E7_Andes_central.gpkg
2297,7,E7_Andes_central,80,CHILE-SJ-19-V-A,E7_Andes_central.gpkg
2298,7,E7_Andes_central,80,CHILE-SJ-19-V-A,E7_Andes_central.gpkg
2299,7,E7_Andes_central,80,CHILE-SJ-19-V-A,E7_Andes_central.gpkg
2300,7,E7_Andes_central,80,CHILE-SJ-19-V-A,E7_Andes_central.gpkg
2301,7,E7_Andes_central,80,CHILE-SJ-19-V-C,E7_Andes_central.gpkg
2302,7,E7_Andes_central,80,CHILE-SJ-18-Z-B,E7_Andes_central.gpkg
2303,7,E7_Andes_central,80,CHILE-SJ-19-V-A,E7_Andes_central.gpkg
2304,7,E7_Andes_central,80,CHILE-SJ-19-V-A,E7_Andes_central.gpkg
2305,7,E7_Andes_central,80,CHILE-SJ-19-V-A,E7_Andes_central.gpkg
2306,7,E7_Andes_central,80,CHILE-SJ-19-V-A,E7_Andes_central.gpkg
2307,7,E7_Andes_central,80,CHILE-SJ-19-V-A,E7_Andes_central.gpkg
2308,7,E7_Andes_central,80,CHILE-SJ-19-V-A,E7_Andes_central.gpkg
2309,8,E8_Matorral_sur,11,CHILE-SI-19-V-C,E8_Matorral_sur.gpkg
2310,8,E8_Matorral_sur,11,CHILE-SI-19-V-C,E8_Matorral_sur.gpkg
2311,8,E8_Matorral_sur,11,CHILE-SI-19-V-D,E8_Matorral_sur.gpkg
2312,8,E8_Matorral_sur,11,CHILE-SI-19-V-C,E8_Matorral_sur.gpkg
2313,8,E8_Matorral_sur,11,CHILE-SJ-18-X-B,E8_Matorral_sur.gpkg
2314,8,E8_Matorral_sur,11,CHILE-SI-19-V-C,E8_Matorral_sur.gpkg
2315,8,E8_Matorral_sur,11,CHILE-SJ-18-X-B,E8_Matorral_sur.gpkg
2316,8,E8_Matorral_sur,11,CHILE-SI-19-V-C,E8_Matorral_sur.gpkg
2317,8,E8_Matorral_sur,11,CHILE-SI-19-V-D,E8_Matorral_sur.gpkg
2318,8,E8_Matorral_sur,11,CHILE-SJ-18-X-B,E8_Matorral_sur.gpkg
2319,8,E8_Matorral_sur,11,CHILE-SI-19-V-C,E8_Matorral_sur.gpkg
2320,8,E8_Matorral_sur,11,CHILE-SI-19-V-C,E8_Matorral_sur.gpkg
2321,8,E8_Matorral_sur,11,CHILE-SJ-18-X-B,E8_Matorral_sur.gpkg
2322,8,E8_Matorral_sur,11,CHILE-SI-19-V-C,E8_Matorral_sur.gpkg
2323,8,E8_Matorral_sur,11,CHILE-SI-19-V-C,E8_Matorral_sur.gpkg
2324,8,E8_Matorral_sur,11,CHILE-SI-19-V-D,E8_Matorral_sur.gpkg
2325,8,E8_Matorral_sur,11,CHILE-SI-19-V-C,E8_Matorral_sur.gpkg
2326,8,E8_Matorral_sur,11,CHILE-SJ-18-X-B,E8_Matorral_sur.gpkg
2327,8,E8_Matorral_sur,11,CHILE-SI-19-V-C,E8_Matorral_sur.gpkg
2328,8,E8_Matorral_sur,11,CHILE-SI-19-V-D,E8_Matorral_sur.gpkg
2329,8,E8_Matorral_sur,12,CHILE-SI-19-V-B,E8_Matorral_sur.gpkg
2330,8,E8_Matorral_sur,12,CHILE-SI-19-V-C,E8_Matorral_sur.gpkg
2331,8,E8_Matorral_sur,12,CHILE-SI-19-V-C,E8_Matorral_sur.gpkg
2332,8,E8_Matorral_sur,12,CHILE-SI-19-V-C,E8_Matorral_sur.gpkg
2333,8,E8_Matorral_sur,12,CHILE-SI-19-V-A,E8_Matorral_sur.gpkg
2334,8,E8_Matorral_sur,12,CHILE-SI-19-V-C,E8_Matorral_sur.gpkg
2335,8,E8_Matorral_sur,12,CHILE-SI-19-V-B,E8_Matorral_sur.gpkg
2336,8,E8_Matorral_sur,12,CHILE-SI-19-V-B,E8_Matorral_sur.gpkg
2337,8,E8_Matorral_sur,12,CHILE-SI-19-V-C,E8_Matorral_sur.gpkg
2338,8,E8_Matorral_sur,12,CHILE-SI-19-V-B,E8_Matorral_sur.gpkg
2339,8,E8_Matorral_sur,12,CHILE-SI-19-V-A,E8_Matorral_sur.gpkg
2340,8,E8_Matorral_sur,12,CHILE-SI-19-V-B,E8_Matorral_sur.gpkg
2341,8,E8_Matorral_sur,12,CHILE-SI-19-V-D,E8_Matorral_sur.gpkg
2342,8,E8_Matorral_sur,12,CHILE-SI-19-V-A,E8_Matorral_sur.gpkg
2343,8,E8_Matorral_sur,12,CHILE-SI-19-V-C,E8_Matorral_sur.gpkg
2344,8,E8_Matorral_sur,12,CHILE-SI-19-V-C,E8_Matorral_sur.gpkg
2345,8,E8_Matorral_sur,12,CHILE-SI-19-Y-A,E8_Matorral_sur.gpkg
2346,8,E8_Matorral_sur,12,CHILE-SI-19-V-B,E8_Matorral_sur.gpkg
2347,8,E8_Matorral_sur,12,CHILE-SI-19-V-D,E8_Matorral_sur.gpkg
2348,8,E8_Matorral_sur,12,CHILE-SI-19-V-C,E8_Matorral_sur.gpkg
2349,8,E8_Matorral_sur,12,CHILE-SI-19-V-D,E8_Matorral_sur.gpkg
2350,8,E8_Matorral_sur,12,CHILE-SI-19-V-A,E8_Matorral_sur.gpkg
2351,8,E8_Matorral_sur,12,CHILE-SI-19-V-C,E8_Matorral_sur.gpkg
2352,8,E8_Matorral_sur,12,CHILE-SI-19-V-B,E8_Matorral_sur.gpkg
2353,8,E8_Matorral_sur,12,CHILE-SI-19-V-B,E8_Matorral_sur.gpkg
2354,8,E8_Matorral_sur,12,CHILE-SI-19-V-C,E8_Matorral_sur.gpkg
2355,8,E8_Matorral_sur,12,CHILE-SI-19-V-A,E8_Matorral_sur.gpkg
2356,8,E8_Matorral_sur,12,CHILE-SI-19-V-B,E8_Matorral_sur.gpkg
2357,8,E8_Matorral_sur,12,CHILE-SI-19-V-A,E8_Matorral_sur.gpkg
2358,8,E8_Matorral_sur,15,CHILE-SJ-18-Z-B,E8_Matorral_sur.gpkg
2359,8,E8_Matorral_sur,15,CHILE-SJ-18-Z-D,E8_Matorral_sur.gpkg
2360,8,E8_Matorral_sur,15,CHILE-SJ-18-Z-B,E8_Matorral_sur.gpkg
2361,8,E8_Matorral_sur,15,CHILE-SI-19-V-C,E8_Matorral_sur.gpkg
2362,8,E8_Matorral_sur,15,CHILE-SJ-18-Z-D,E8_Matorral_sur.gpkg
2363,8,E8_Matorral_sur,15,CHILE-SJ-18-Z-B,E8_Matorral_sur.gpkg
2364,8,E8_Matorral_sur,15,CHILE-SJ-18-Z-B,E8_Matorral_sur.gpkg
2365,8,E8_Matorral_sur,15,CHILE-SJ-18-Z-D,E8_Matorral_sur.gpkg
2366,8,E8_Matorral_sur,15,CHILE-SJ-18-Z-D,E8_Matorral_sur.gpkg
2367,8,E8_Matorral_sur,15,CHILE-SJ-18-X-D,E8_Matorral_sur.gpkg
2368,8,E8_Matorral_sur,15,CHILE-SJ-18-Z-B,E8_Matorral_sur.gpkg
2369,8,E8_Matorral_sur,15,CHILE-SJ-18-Z-D,E8_Matorral_sur.gpkg
2370,8,E8_Matorral_sur,15,CHILE-SJ-18-Z-D,E8_Matorral_sur.gpkg
2371,8,E8_Matorral_sur,15,CHILE-SJ-18-Z-B,E8_Matorral_sur.gpkg
2372,8,E8_Matorral_sur,15,CHILE-SJ-18-Z-D,E8_Matorral_sur.gpkg
2373,8,E8_Matorral_sur,15,CHILE-SJ-18-Z-B,E8_Matorral_sur.gpkg
2374,8,E8_Matorral_sur,15,CHILE-SJ-18-Z-D,E8_Matorral_sur.gpkg
2375,8,E8_Matorral_sur,15,CHILE-SJ-18-Z-B,E8_Matorral_sur.gpkg
2376,8,E8_Matorral_sur,15,CHILE-SJ-18-Z-D,E8_Matorral_sur.gpkg
2377,8,E8_Matorral_sur,15,CHILE-SJ-18-Z-D,E8_Matorral_sur.gpkg
2378,8,E8_Matorral_sur,15,CHILE-SJ-18-Z-D,E8_Matorral_sur.gpkg
2379,8,E8_Matorral_sur,15,CHILE-SJ-18-Z-D,E8_Matorral_sur.gpkg
2380,8,E8_Matorral_sur,15,CHILE-SJ-18-Z-B,E8_Matorral_sur.gpkg
2381,8,E8_Matorral_sur,15,CHILE-SJ-18-Z-B,E8_Matorral_sur.gpkg
2382,8,E8_Matorral_sur,15,CHILE-SJ-18-Z-B,E8_Matorral_sur.gpkg
2383,8,E8_Matorral_sur,15,CHILE-SJ-18-Z-D,E8_Matorral_sur.gpkg
2384,8,E8_Matorral_sur,15,CHILE-SJ-18-Z-D,E8_Matorral_sur.gpkg
2385,8,E8_Matorral_sur,15,CHILE-SJ-18-Z-B,E8_Matorral_sur.gpkg
2386,8,E8_Matorral_sur,15,CHILE-SJ-18-Z-B,E8_Matorral_sur.gpkg
2387,8,E8_Matorral_sur,15,CHILE-SJ-18-Z-D,E8_Matorral_sur.gpkg
2388,8,E8_Matorral_sur,15,CHILE-SJ-18-Z-D,E8_Matorral_sur.gpkg
2389,8,E8_Matorral_sur,18,CHILE-SI-19-V-C,E8_Matorral_sur.gpkg
2390,8,E8_Matorral_sur,18,CHILE-SI-19-Y-A,E8_Matorral_sur.gpkg
2391,8,E8_Matorral_sur,18,CHILE-SI-19-Y-A,E8_Matorral_sur.gpkg
2392,8,E8_Matorral_sur,18,CHILE-SI-19-V-C,E8_Matorral_sur.gpkg
2393,8,E8_Matorral_sur,18,CHILE-SI-19-Y-A,E8_Matorral_sur.gpkg
2394,8,E8_Matorral_sur,18,CHILE-SI-19-Y-C,E8_Matorral_sur.gpkg
2395,8,E8_Matorral_sur,18,CHILE-SI-19-V-A,E8_Matorral_sur.gpkg
2396,8,E8_Matorral_sur,18,CHILE-SI-19-V-C,E8_Matorral_sur.gpkg
2397,8,E8_Matorral_sur,18,CHILE-SI-19-V-C,E8_Matorral_sur.gpkg
2398,8,E8_Matorral_sur,18,CHILE-SI-19-V-C,E8_Matorral_sur.gpkg
2399,8,E8_Matorral_sur,18,CHILE-SI-19-V-C,E8_Matorral_sur.gpkg
2400,8,E8_Matorral_sur,18,CHILE-SI-19-V-C,E8_Matorral_sur.gpkg
2401,8,E8_Matorral_sur,18,CHILE-SI-19-V-C,E8_Matorral_sur.gpkg
2402,8,E8_Matorral_sur,18,CHILE-SI-19-Y-C,E8_Matorral_sur.gpkg
2403,8,E8_Matorral_sur,18,CHILE-SI-19-V-C,E8_Matorral_sur.gpkg
2404,8,E8_Matorral_sur,18,CHILE-SI-19-V-A,E8_Matorral_sur.gpkg
2405,8,E8_Matorral_sur,18,CHILE-SI-19-V-C,E8_Matorral_sur.gpkg
2406,8,E8_Matorral_sur,18,CHILE-SJ-18-X-B,E8_Matorral_sur.gpkg
2407,8,E8_Matorral_sur,18,CHILE-SI-19-V-A,E8_Matorral_sur.gpkg
2408,8,E8_Matorral_sur,18,CHILE-SI-19-V-C,E8_Matorral_sur.gpkg
2409,8,E8_Matorral_sur,18,CHILE-SI-19-V-C,E8_Matorral_sur.gpkg
2410,8,E8_Matorral_sur,18,CHILE-SI-19-Y-A,E8_Matorral_sur.gpkg
2411,8,E8_Matorral_sur,18,CHILE-SI-19-V-C,E8_Matorral_sur.gpkg
2412,8,E8_Matorral_sur,18,CHILE-SI-19-V-C,E8_Matorral_sur.gpkg
2413,8,E8_Matorral_sur,18,CHILE-SI-19-V-C,E8_Matorral_sur.gpkg
2414,8,E8_Matorral_sur,18,CHILE-SI-19-V-A,E8_Matorral_sur.gpkg
2415,8,E8_Matorral_sur,18,CHILE-SI-19-Y-A,E8_Matorral_sur.gpkg
2416,8,E8_Matorral_sur,18,CHILE-SJ-19-V-A,E8_Matorral_sur.gpkg
2417,8,E8_Matorral_sur,18,CHILE-SI-19-V-A,E8_Matorral_sur.gpkg
2418,8,E8_Matorral_sur,18,CHILE-SI-19-V-A,E8_Matorral_sur.gpkg
2419,8,E8_Matorral_sur,18,CHILE-SI-19-V-C,E8_Matorral_sur.gpkg
2420,8,E8_Matorral_sur,18,CHILE-SI-19-Y-A,E8_Matorral_sur.gpkg
2421,8,E8_Matorral_sur,18,CHILE-SJ-18-Z-B,E8_Matorral_sur.gpkg
2422,8,E8_Matorral_sur,18,CHILE-SI-19-V-C,E8_Matorral_sur.gpkg
2423,8,E8_Matorral_sur,18,CHILE-SJ-19-V-A,E8_Matorral_sur.gpkg
2424,8,E8_Matorral_sur,18,CHILE-SI-19-V-C,E8_Matorral_sur.gpkg
2425,8,E8_Matorral_sur,18,CHILE-SI-19-V-C,E8_Matorral_sur.gpkg
2426,8,E8_Matorral_sur,18,CHILE-SI-19-V-C,E8_Matorral_sur.gpkg
2427,8,E8_Matorral_sur,18,CHILE-SI-19-V-C,E8_Matorral_sur.gpkg
2428,8,E8_Matorral_sur,18,CHILE-SI-19-V-C,E8_Matorral_sur.gpkg
2429,8,E8_Matorral_sur,18,CHILE-SI-19-Y-A,E8_Matorral_sur.gpkg
2430,8,E8_Matorral_sur,18,CHILE-SI-19-V-C,E8_Matorral_sur.gpkg
2431,8,E8_Matorral_sur,18,CHILE-SI-19-V-C,E8_Matorral_sur.gpkg
2432,8,E8_Matorral_sur,18,CHILE-SI-19-V-C,E8_Matorral_sur.gpkg
2433,8,E8_Matorral_sur,18,CHILE-SI-19-V-C,E8_Matorral_sur.gpkg
2434,8,E8_Matorral_sur,18,CHILE-SI-19-Y-A,E8_Matorral_sur.gpkg
2435,8,E8_Matorral_sur,18,CHILE-SJ-18-X-B,E8_Matorral_sur.gpkg
2436,8,E8_Matorral_sur,18,CHILE-SI-19-V-A,E8_Matorral_sur.gpkg
2437,8,E8_Matorral_sur,18,CHILE-SI-19-V-C,E8_Matorral_sur.gpkg
2438,8,E8_Matorral_sur,18,CHILE-SI-19-V-C,E8_Matorral_sur.gpkg
2439,8,E8_Matorral_sur,18,CHILE-SJ-18-Z-B,E8_Matorral_sur.gpkg
2440,8,E8_Matorral_sur,18,CHILE-SI-19-V-C,E8_Matorral_sur.gpkg
2441,8,E8_Matorral_sur,18,CHILE-SJ-18-Z-D,E8_Matorral_sur.gpkg
2442,8,E8_Matorral_sur,18,CHILE-SI-19-V-C,E8_Matorral_sur.gpkg
2443,8,E8_Matorral_sur,18,CHILE-SI-19-Y-C,E8_Matorral_sur.gpkg
2444,8,E8_Matorral_sur,18,CHILE-SI-19-V-C,E8_Matorral_sur.gpkg
2445,8,E8_Matorral_sur,18,CHILE-SI-19-V-A,E8_Matorral_sur.gpkg
2446,8,E8_Matorral_sur,18,CHILE-SJ-19-V-A,E8_Matorral_sur.gpkg
2447,8,E8_Matorral_sur,18,CHILE-SI-19-Y-A,E8_Matorral_sur.gpkg
2448,8,E8_Matorral_sur,18,CHILE-SJ-19-V-A,E8_Matorral_sur.gpkg
2449,8,E8_Matorral_sur,18,CHILE-SI-19-Y-A,E8_Matorral_sur.gpkg
2450,8,E8_Matorral_sur,18,CHILE-SI-19-Y-C,E8_Matorral_sur.gpkg
2451,8,E8_Matorral_sur,18,CHILE-SI-19-V-C,E8_Matorral_sur.gpkg
2452,8,E8_Matorral_sur,18,CHILE-SI-19-V-C,E8_Matorral_sur.gpkg
2453,8,E8_Matorral_sur,18,CHILE-SI-19-V-C,E8_Matorral_sur.gpkg
2454,8,E8_Matorral_sur,18,CHILE-SJ-19-V-A,E8_Matorral_sur.gpkg
2455,8,E8_Matorral_sur,18,CHILE-SJ-19-V-A,E8_Matorral_sur.gpkg
2456,8,E8_Matorral_sur,18,CHILE-SI-19-Y-A,E8_Matorral_sur.gpkg
2457,8,E8_Matorral_sur,18,CHILE-SI-19-Y-A,E8_Matorral_sur.gpkg
2458,8,E8_Matorral_sur,18,CHILE-SI-19-V-A,E8_Matorral_sur.gpkg
2459,8,E8_Matorral_sur,18,CHILE-SI-19-V-C,E8_Matorral_sur.gpkg
2460,8,E8_Matorral_sur,18,CHILE-SJ-18-Z-D,E8_Matorral_sur.gpkg
2461,8,E8_Matorral_sur,18,CHILE-SI-19-Y-A,E8_Matorral_sur.gpkg
2462,8,E8_Matorral_sur,18,CHILE-SI-19-V-C,E8_Matorral_sur.gpkg
2463,8,E8_Matorral_sur,18,CHILE-SI-19-V-C,E8_Matorral_sur.gpkg
2464,8,E8_Matorral_sur,18,CHILE-SI-19-Y-A,E8_Matorral_sur.gpkg
2465,8,E8_Matorral_sur,18,CHILE-SI-19-V-C,E8_Matorral_sur.gpkg
2466,8,E8_Matorral_sur,18,CHILE-SI-19-V-A,E8_Matorral_sur.gpkg
2467,8,E8_Matorral_sur,18,CHILE-SJ-18-X-B,E8_Matorral_sur.gpkg
2468,8,E8_Matorral_sur,18,CHILE-SI-19-V-C,E8_Matorral_sur.gpkg
2469,8,E8_Matorral_sur,18,CHILE-SI-19-V-C,E8_Matorral_sur.gpkg
2470,8,E8_Matorral_sur,18,CHILE-SI-19-V-A,E8_Matorral_sur.gpkg
2471,8,E8_Matorral_sur,18,CHILE-SI-19-V-C,E8_Matorral_sur.gpkg
2472,8,E8_Matorral_sur,23,CHILE-SI-19-V-A,E8_Matorral_sur.gpkg
2473,8,E8_Matorral_sur,23,CHILE-SI-19-V-C,E8_Matorral_sur.gpkg
2474,8,E8_Matorral_sur,23,CHILE-SI-19-V-C,E8_Matorral_sur.gpkg
2475,8,E8_Matorral_sur,23,CHILE-SI-19-V-C,E8_Matorral_sur.gpkg
2476,8,E8_Matorral_sur,23,CHILE-SI-19-V-C,E8_Matorral_sur.gpkg
2477,8,E8_Matorral_sur,23,CHILE-SI-19-V-C,E8_Matorral_sur.gpkg
2478,8,E8_Matorral_sur,23,CHILE-SI-19-V-C,E8_Matorral_sur.gpkg
2479,8,E8_Matorral_sur,23,CHILE-SI-19-V-C,E8_Matorral_sur.gpkg
2480,8,E8_Matorral_sur,23,CHILE-SI-19-V-C,E8_Matorral_sur.gpkg
2481,8,E8_Matorral_sur,23,CHILE-SI-19-V-C,E8_Matorral_sur.gpkg
2482,8,E8_Matorral_sur,23,CHILE-SI-19-V-C,E8_Matorral_sur.gpkg
2483,8,E8_Matorral_sur,23,CHILE-SI-19-V-A,E8_Matorral_sur.gpkg
2484,8,E8_Matorral_sur,23,CHILE-SI-19-V-C,E8_Matorral_sur.gpkg
2485,8,E8_Matorral_sur,23,CHILE-SI-19-V-C,E8_Matorral_sur.gpkg
2486,8,E8_Matorral_sur,23,CHILE-SI-19-V-C,E8_Matorral_sur.gpkg
2487,8,E8_Matorral_sur,23,CHILE-SI-19-V-A,E8_Matorral_sur.gpkg
2488,8,E8_Matorral_sur,23,CHILE-SI-19-V-C,E8_Matorral_sur.gpkg
2489,8,E8_Matorral_sur,23,CHILE-SI-19-V-A,E8_Matorral_sur.gpkg
2490,8,E8_Matorral_sur,23,CHILE-SI-19-V-C,E8_Matorral_sur.gpkg
2491,8,E8_Matorral_sur,23,CHILE-SI-19-V-C,E8_Matorral_sur.gpkg
2492,8,E8_Matorral_sur,23,CHILE-SI-19-V-C,E8_Matorral_sur.gpkg
2493,8,E8_Matorral_sur,23,CHILE-SI-19-V-C,E8_Matorral_sur.gpkg
2494,8,E8_Matorral_sur,23,CHILE-SI-19-V-C,E8_Matorral_sur.gpkg
2495,8,E8_Matorral_sur,23,CHILE-SI-19-V-C,E8_Matorral_sur.gpkg
2496,8,E8_Matorral_sur,23,CHILE-SI-19-V-C,E8_Matorral_sur.gpkg
2497,8,E8_Matorral_sur,23,CHILE-SI-19-V-A,E8_Matorral_sur.gpkg
2498,8,E8_Matorral_sur,23,CHILE-SI-19-V-C,E8_Matorral_sur.gpkg
2499,8,E8_Matorral_sur,23,CHILE-SI-19-V-C,E8_Matorral_sur.gpkg
2500,8,E8_Matorral_sur,23,CHILE-SI-19-V-C,E8_Matorral_sur.gpkg
2501,8,E8_Matorral_sur,23,CHILE-SI-19-V-C,E8_Matorral_sur.gpkg
2502,8,E8_Matorral_sur,23,CHILE-SJ-18-X-B,E8_Matorral_sur.gpkg
2503,8,E8_Matorral_sur,23,CHILE-SI-19-V-C,E8_Matorral_sur.gpkg
2504,8,E8_Matorral_sur,23,CHILE-SI-19-V-C,E8_Matorral_sur.gpkg
2505,8,E8_Matorral_sur,23,CHILE-SI-19-V-C,E8_Matorral_sur.gpkg
2506,8,E8_Matorral_sur,23,CHILE-SI-19-V-C,E8_Matorral_sur.gpkg
2507,8,E8_Matorral_sur,23,CHILE-SI-19-Y-A,E8_Matorral_sur.gpkg
2508,8,E8_Matorral_sur,23,CHILE-SI-19-V-C,E8_Matorral_sur.gpkg
2509,8,E8_Matorral_sur,23,CHILE-SI-19-V-C,E8_Matorral_sur.gpkg
2510,8,E8_Matorral_sur,23,CHILE-SI-19-V-C,E8_Matorral_sur.gpkg
2511,8,E8_Matorral_sur,23,CHILE-SI-19-V-C,E8_Matorral_sur.gpkg
2512,8,E8_Matorral_sur,23,CHILE-SI-19-V-C,E8_Matorral_sur.gpkg
2513,8,E8_Matorral_sur,24,CHILE-SJ-18-Z-B,E8_Matorral_sur.gpkg
2514,8,E8_Matorral_sur,24,CHILE-SI-19-Y-C,E8_Matorral_sur.gpkg
2515,8,E8_Matorral_sur,24,CHILE-SI-19-V-C,E8_Matorral_sur.gpkg
2516,8,E8_Matorral_sur,24,CHILE-SI-19-V-C,E8_Matorral_sur.gpkg
2517,8,E8_Matorral_sur,24,CHILE-SI-19-V-C,E8_Matorral_sur.gpkg
2518,8,E8_Matorral_sur,24,CHILE-SI-19-V-C,E8_Matorral_sur.gpkg
2519,8,E8_Matorral_sur,24,CHILE-SI-19-V-C,E8_Matorral_sur.gpkg
2520,8,E8_Matorral_sur,24,CHILE-SI-19-V-C,E8_Matorral_sur.gpkg
2521,8,E8_Matorral_sur,24,CHILE-SI-19-V-C,E8_Matorral_sur.gpkg
2522,8,E8_Matorral_sur,24,CHILE-SJ-18-Z-B,E8_Matorral_sur.gpkg
2523,8,E8_Matorral_sur,24,CHILE-SI-19-V-C,E8_Matorral_sur.gpkg
2524,8,E8_Matorral_sur,24,CHILE-SJ-18-Z-B,E8_Matorral_sur.gpkg
2525,8,E8_Matorral_sur,24,CHILE-SI-19-V-C,E8_Matorral_sur.gpkg
2526,8,E8_Matorral_sur,24,CHILE-SI-19-V-C,E8_Matorral_sur.gpkg
2527,8,E8_Matorral_sur,24,CHILE-SJ-18-Z-B,E8_Matorral_sur.gpkg
2528,8,E8_Matorral_sur,24,CHILE-SI-19-V-C,E8_Matorral_sur.gpkg
2529,8,E8_Matorral_sur,24,CHILE-SJ-18-Z-B,E8_Matorral_sur.gpkg
2530,8,E8_Matorral_sur,24,CHILE-SI-19-V-C,E8_Matorral_sur.gpkg
2531,8,E8_Matorral_sur,24,CHILE-SI-19-V-C,E8_Matorral_sur.gpkg
2532,8,E8_Matorral_sur,24,CHILE-SI-19-V-A,E8_Matorral_sur.gpkg
2533,8,E8_Matorral_sur,24,CHILE-SI-19-V-C,E8_Matorral_sur.gpkg
2534,8,E8_Matorral_sur,24,CHILE-SI-19-V-A,E8_Matorral_sur.gpkg
2535,8,E8_Matorral_sur,24,CHILE-SI-19-Y-C,E8_Matorral_sur.gpkg
2536,8,E8_Matorral_sur,24,CHILE-SI-19-V-C,E8_Matorral_sur.gpkg
2537,8,E8_Matorral_sur,24,CHILE-SJ-18-Z-B,E8_Matorral_sur.gpkg
2538,8,E8_Matorral_sur,24,CHILE-SI-19-V-C,E8_Matorral_sur.gpkg
2539,8,E8_Matorral_sur,24,CHILE-SJ-18-Z-B,E8_Matorral_sur.gpkg
2540,8,E8_Matorral_sur,24,CHILE-SJ-18-Z-D,E8_Matorral_sur.gpkg
2541,8,E8_Matorral_sur,24,CHILE-SI-19-V-C,E8_Matorral_sur.gpkg
2542,8,E8_Matorral_sur,24,CHILE-SI-19-Y-C,E8_Matorral_sur.gpkg
2543,8,E8_Matorral_sur,24,CHILE-SI-19-V-C,E8_Matorral_sur.gpkg
2544,8,E8_Matorral_sur,24,CHILE-SI-19-V-C,E8_Matorral_sur.gpkg
2545,8,E8_Matorral_sur,24,CHILE-SI-19-V-C,E8_Matorral_sur.gpkg
2546,8,E8_Matorral_sur,24,CHILE-SI-19-V-A,E8_Matorral_sur.gpkg
2547,8,E8_Matorral_sur,24,CHILE-SI-19-V-C,E8_Matorral_sur.gpkg
2548,8,E8_Matorral_sur,24,CHILE-SJ-18-Z-B,E8_Matorral_sur.gpkg
2549,8,E8_Matorral_sur,24,CHILE-SJ-18-Z-D,E8_Matorral_sur.gpkg
2550,8,E8_Matorral_sur,24,CHILE-SI-19-Y-A,E8_Matorral_sur.gpkg
2551,8,E8_Matorral_sur,24,CHILE-SJ-18-Z-D,E8_Matorral_sur.gpkg
2552,8,E8_Matorral_sur,24,CHILE-SJ-18-Z-D,E8_Matorral_sur.gpkg
2553,8,E8_Matorral_sur,24,CHILE-SI-19-V-A,E8_Matorral_sur.gpkg
2554,8,E8_Matorral_sur,24,CHILE-SI-19-V-C,E8_Matorral_sur.gpkg
2555,8,E8_Matorral_sur,24,CHILE-SI-19-Y-A,E8_Matorral_sur.gpkg
2556,8,E8_Matorral_sur,24,CHILE-SI-19-V-C,E8_Matorral_sur.gpkg
2557,8,E8_Matorral_sur,24,CHILE-SI-19-Y-A,E8_Matorral_sur.gpkg
2558,8,E8_Matorral_sur,24,CHILE-SJ-18-Z-B,E8_Matorral_sur.gpkg
2559,8,E8_Matorral_sur,24,CHILE-SI-19-V-C,E8_Matorral_sur.gpkg
2560,8,E8_Matorral_sur,24,CHILE-SI-19-V-C,E8_Matorral_sur.gpkg
2561,8,E8_Matorral_sur,24,CHILE-SJ-18-Z-B,E8_Matorral_sur.gpkg
2562,8,E8_Matorral_sur,24,CHILE-SJ-18-Z-B,E8_Matorral_sur.gpkg
2563,8,E8_Matorral_sur,24,CHILE-SJ-18-Z-B,E8_Matorral_sur.gpkg
2564,8,E8_Matorral_sur,24,CHILE-SI-19-V-A,E8_Matorral_sur.gpkg
2565,8,E8_Matorral_sur,24,CHILE-SJ-18-Z-B,E8_Matorral_sur.gpkg
2566,8,E8_Matorral_sur,24,CHILE-SJ-18-Z-B,E8_Matorral_sur.gpkg
2567,8,E8_Matorral_sur,24,CHILE-SJ-18-X-D,E8_Matorral_sur.gpkg
2568,8,E8_Matorral_sur,24,CHILE-SJ-18-Z-B,E8_Matorral_sur.gpkg
2569,8,E8_Matorral_sur,24,CHILE-SI-19-Y-C,E8_Matorral_sur.gpkg
2570,8,E8_Matorral_sur,24,CHILE-SI-19-V-C,E8_Matorral_sur.gpkg
2571,8,E8_Matorral_sur,24,CHILE-SJ-18-Z-B,E8_Matorral_sur.gpkg
2572,8,E8_Matorral_sur,24,CHILE-SJ-18-Z-D,E8_Matorral_sur.gpkg
2573,8,E8_Matorral_sur,24,CHILE-SI-19-V-C,E8_Matorral_sur.gpkg
2574,8,E8_Matorral_sur,24,CHILE-SI-19-V-C,E8_Matorral_sur.gpkg
2575,8,E8_Matorral_sur,24,CHILE-SI-19-V-C,E8_Matorral_sur.gpkg
2576,8,E8_Matorral_sur,24,CHILE-SJ-18-Z-B,E8_Matorral_sur.gpkg
2577,8,E8_Matorral_sur,24,CHILE-SI-19-V-A,E8_Matorral_sur.gpkg
2578,8,E8_Matorral_sur,24,CHILE-SI-19-V-A,E8_Matorral_sur.gpkg
2579,8,E8_Matorral_sur,25,CHILE-SI-19-V-C,E8_Matorral_sur.gpkg
2580,8,E8_Matorral_sur,29,CHILE-SI-19-V-C,E8_Matorral_sur.gpkg
2581,8,E8_Matorral_sur,29,CHILE-SI-19-V-C,E8_Matorral_sur.gpkg
2582,8,E8_Matorral_sur,29,CHILE-SI-19-V-B,E8_Matorral_sur.gpkg
2583,8,E8_Matorral_sur,29,CHILE-SI-19-V-D,E8_Matorral_sur.gpkg
2584,8,E8_Matorral_sur,29,CHILE-SI-19-V-B,E8_Matorral_sur.gpkg
2585,8,E8_Matorral_sur,29,CHILE-SI-19-V-C,E8_Matorral_sur.gpkg
2586,8,E8_Matorral_sur,29,CHILE-SI-19-V-B,E8_Matorral_sur.gpkg
2587,8,E8_Matorral_sur,29,CHILE-SI-19-V-B,E8_Matorral_sur.gpkg
2588,8,E8_Matorral_sur,29,CHILE-SI-19-V-D,E8_Matorral_sur.gpkg
2589,8,E8_Matorral_sur,29,CHILE-SI-19-V-D,E8_Matorral_sur.gpkg
2590,8,E8_Matorral_sur,29,CHILE-SI-19-V-B,E8_Matorral_sur.gpkg
2591,8,E8_Matorral_sur,29,CHILE-SI-19-V-B,E8_Matorral_sur.gpkg
2592,8,E8_Matorral_sur,29,CHILE-SI-19-V-B,E8_Matorral_sur.gpkg
2593,8,E8_Matorral_sur,29,CHILE-SI-19-V-A,E8_Matorral_sur.gpkg
2594,8,E8_Matorral_sur,29,CHILE-SI-19-V-B,E8_Matorral_sur.gpkg
2595,8,E8_Matorral_sur,29,CHILE-SI-19-V-C,E8_Matorral_sur.gpkg
2596,8,E8_Matorral_sur,29,CHILE-SI-19-V-C,E8_Matorral_sur.gpkg
2597,8,E8_Matorral_sur,29,CHILE-SI-19-V-B,E8_Matorral_sur.gpkg
2598,8,E8_Matorral_sur,29,CHILE-SI-19-V-B,E8_Matorral_sur.gpkg
2599,8,E8_Matorral_sur,29,CHILE-SI-19-V-B,E8_Matorral_sur.gpkg
2600,8,E8_Matorral_sur,29,CHILE-SI-19-V-B,E8_Matorral_sur.gpkg
2601,8,E8_Matorral_sur,29,CHILE-SI-19-V-C,E8_Matorral_sur.gpkg
2602,8,E8_Matorral_sur,29,CHILE-SI-19-V-B,E8_Matorral_sur.gpkg
2603,8,E8_Matorral_sur,29,CHILE-SI-19-V-B,E8_Matorral_sur.gpkg
2604,8,E8_Matorral_sur,29,CHILE-SI-19-V-D,E8_Matorral_sur.gpkg
2605,8,E8_Matorral_sur,29,CHILE-SI-19-V-C,E8_Matorral_sur.gpkg
2606,8,E8_Matorral_sur,29,CHILE-SI-19-V-B,E8_Matorral_sur.gpkg
2607,8,E8_Matorral_sur,29,CHILE-SI-19-V-B,E8_Matorral_sur.gpkg
2608,8,E8_Matorral_sur,29,CHILE-SI-19-V-A,E8_Matorral_sur.gpkg
2609,8,E8_Matorral_sur,29,CHILE-SI-19-V-B,E8_Matorral_sur.gpkg
2610,8,E8_Matorral_sur,29,CHILE-SI-19-V-B,E8_Matorral_sur.gpkg
2611,8,E8_Matorral_sur,29,CHILE-SI-19-V-B,E8_Matorral_sur.gpkg
2612,8,E8_Matorral_sur,29,CHILE-SI-19-V-A,E8_Matorral_sur.gpkg
2613,8,E8_Matorral_sur,29,CHILE-SI-19-V-C,E8_Matorral_sur.gpkg
2614,8,E8_Matorral_sur,29,CHILE-SI-19-V-B,E8_Matorral_sur.gpkg
2615,8,E8_Matorral_sur,29,CHILE-SI-19-V-B,E8_Matorral_sur.gpkg
2616,8,E8_Matorral_sur,29,CHILE-SI-19-V-B,E8_Matorral_sur.gpkg
2617,8,E8_Matorral_sur,29,CHILE-SI-19-V-D,E8_Matorral_sur.gpkg
2618,8,E8_Matorral_sur,29,CHILE-SI-19-V-C,E8_Matorral_sur.gpkg
2619,8,E8_Matorral_sur,59,CHILE-SI-19-Y-A,E8_Matorral_sur.gpkg
2620,8,E8_Matorral_sur,59,CHILE-SI-19-Y-A,E8_Matorral_sur.gpkg
2621,8,E8_Matorral_sur,59,CHILE-SI-19-Y-A,E8_Matorral_sur.gpkg
2622,8,E8_Matorral_sur,59,CHILE-SI-19-V-C,E8_Matorral_sur.gpkg
2623,8,E8_Matorral_sur,59,CHILE-SJ-19-V-C,E8_Matorral_sur.gpkg
2624,8,E8_Matorral_sur,59,CHILE-SI-19-V-C,E8_Matorral_sur.gpkg
2625,8,E8_Matorral_sur,59,CHILE-SI-19-V-C,E8_Matorral_sur.gpkg
2626,8,E8_Matorral_sur,59,CHILE-SI-19-V-C,E8_Matorral_sur.gpkg
2627,8,E8_Matorral_sur,59,CHILE-SJ-19-V-C,E8_Matorral_sur.gpkg
2628,8,E8_Matorral_sur,59,CHILE-SI-19-V-C,E8_Matorral_sur.gpkg
2629,8,E8_Matorral_sur,59,CHILE-SI-19-V-C,E8_Matorral_sur.gpkg
2630,8,E8_Matorral_sur,59,CHILE-SI-19-V-C,E8_Matorral_sur.gpkg
2631,8,E8_Matorral_sur,59,CHILE-SI-19-Y-A,E8_Matorral_sur.gpkg
2632,8,E8_Matorral_sur,59,CHILE-SI-19-V-C,E8_Matorral_sur.gpkg
2633,8,E8_Matorral_sur,59,CHILE-SI-19-V-C,E8_Matorral_sur.gpkg
2634,8,E8_Matorral_sur,59,CHILE-SI-19-V-C,E8_Matorral_sur.gpkg
2635,8,E8_Matorral_sur,59,CHILE-SI-19-V-D,E8_Matorral_sur.gpkg
2636,8,E8_Matorral_sur,59,CHILE-SI-19-V-C,E8_Matorral_sur.gpkg
2637,8,E8_Matorral_sur,59,CHILE-SI-19-Y-A,E8_Matorral_sur.gpkg
2638,8,E8_Matorral_sur,59,CHILE-SI-19-V-C,E8_Matorral_sur.gpkg
2639,8,E8_Matorral_sur,59,CHILE-SJ-18-Z-D,E8_Matorral_sur.gpkg
2640,8,E8_Matorral_sur,59,CHILE-SI-19-Y-A,E8_Matorral_sur.gpkg
2641,8,E8_Matorral_sur,59,CHILE-SI-19-Y-A,E8_Matorral_sur.gpkg
2642,8,E8_Matorral_sur,59,CHILE-SI-19-Y-A,E8_Matorral_sur.gpkg
2643,8,E8_Matorral_sur,59,CHILE-SI-19-Y-C,E8_Matorral_sur.gpkg
2644,8,E8_Matorral_sur,59,CHILE-SJ-19-V-C,E8_Matorral_sur.gpkg
2645,8,E8_Matorral_sur,59,CHILE-SI-19-V-C,E8_Matorral_sur.gpkg
2646,8,E8_Matorral_sur,59,CHILE-SI-19-V-C,E8_Matorral_sur.gpkg
2647,8,E8_Matorral_sur,59,CHILE-SI-19-Y-A,E8_Matorral_sur.gpkg
2648,8,E8_Matorral_sur,59,CHILE-SI-19-V-C,E8_Matorral_sur.gpkg
2649,8,E8_Matorral_sur,59,CHILE-SI-19-V-C,E8_Matorral_sur.gpkg
2650,8,E8_Matorral_sur,59,CHILE-SJ-19-V-C,E8_Matorral_sur.gpkg
2651,8,E8_Matorral_sur,59,CHILE-SI-19-Y-A,E8_Matorral_sur.gpkg
2652,8,E8_Matorral_sur,59,CHILE-SI-19-V-C,E8_Matorral_sur.gpkg
2653,8,E8_Matorral_sur,59,CHILE-SI-19-V-D,E8_Matorral_sur.gpkg
2654,8,E8_Matorral_sur,59,CHILE-SI-19-Y-A,E8_Matorral_sur.gpkg
2655,8,E8_Matorral_sur,59,CHILE-SI-19-V-A,E8_Matorral_sur.gpkg
2656,8,E8_Matorral_sur,59,CHILE-SI-19-V-C,E8_Matorral_sur.gpkg
2657,8,E8_Matorral_sur,59,CHILE-SI-19-V-C,E8_Matorral_sur.gpkg
2658,8,E8_Matorral_sur,59,CHILE-SJ-18-Z-B,E8_Matorral_sur.gpkg
2659,8,E8_Matorral_sur,59,CHILE-SI-19-V-C,E8_Matorral_sur.gpkg
2660,8,E8_Matorral_sur,59,CHILE-SJ-18-Z-B,E8_Matorral_sur.gpkg
2661,8,E8_Matorral_sur,59,CHILE-SI-19-Y-A,E8_Matorral_sur.gpkg
2662,8,E8_Matorral_sur,59,CHILE-SJ-18-Z-B,E8_Matorral_sur.gpkg
2663,8,E8_Matorral_sur,59,CHILE-SJ-19-Y-A,E8_Matorral_sur.gpkg
2664,8,E8_Matorral_sur,59,CHILE-SI-19-V-C,E8_Matorral_sur.gpkg
2665,8,E8_Matorral_sur,59,CHILE-SI-19-Y-A,E8_Matorral_sur.gpkg
2666,8,E8_Matorral_sur,59,CHILE-SI-19-V-C,E8_Matorral_sur.gpkg
2667,8,E8_Matorral_sur,59,CHILE-SI-19-V-C,E8_Matorral_sur.gpkg
2668,8,E8_Matorral_sur,59,CHILE-SI-19-Y-C,E8_Matorral_sur.gpkg
2669,8,E8_Matorral_sur,59,CHILE-SI-19-V-C,E8_Matorral_sur.gpkg
2670,8,E8_Matorral_sur,59,CHILE-SI-19-Y-A,E8_Matorral_sur.gpkg
2671,8,E8_Matorral_sur,59,CHILE-SI-19-V-C,E8_Matorral_sur.gpkg
2672,8,E8_Matorral_sur,59,CHILE-SI-19-V-C,E8_Matorral_sur.gpkg
2673,8,E8_Matorral_sur,59,CHILE-SI-19-V-C,E8_Matorral_sur.gpkg
2674,8,E8_Matorral_sur,59,CHILE-SI-19-V-A,E8_Matorral_sur.gpkg
2675,8,E8_Matorral_sur,59,CHILE-SI-19-V-C,E8_Matorral_sur.gpkg
2676,8,E8_Matorral_sur,59,CHILE-SI-19-V-C,E8_Matorral_sur.gpkg
2677,8,E8_Matorral_sur,59,CHILE-SI-19-V-C,E8_Matorral_sur.gpkg
2678,8,E8_Matorral_sur,59,CHILE-SI-19-V-C,E8_Matorral_sur.gpkg
2679,8,E8_Matorral_sur,59,CHILE-SI-19-V-D,E8_Matorral_sur.gpkg
2680,8,E8_Matorral_sur,59,CHILE-SI-19-V-C,E8_Matorral_sur.gpkg
2681,8,E8_Matorral_sur,59,CHILE-SI-19-V-C,E8_Matorral_sur.gpkg
2682,8,E8_Matorral_sur,59,CHILE-SJ-19-V-C,E8_Matorral_sur.gpkg
2683,8,E8_Matorral_sur,59,CHILE-SI-19-Y-A,E8_Matorral_sur.gpkg
2684,8,E8_Matorral_sur,59,CHILE-SI-19-Y-A,E8_Matorral_sur.gpkg
2685,8,E8_Matorral_sur,59,CHILE-SI-19-V-C,E8_Matorral_sur.gpkg
2686,8,E8_Matorral_sur,59,CHILE-SI-19-V-C,E8_Matorral_sur.gpkg
2687,8,E8_Matorral_sur,59,CHILE-SI-19-Y-A,E8_Matorral_sur.gpkg
2688,8,E8_Matorral_sur,59,CHILE-SI-19-V-C,E8_Matorral_sur.gpkg
2689,8,E8_Matorral_sur,59,CHILE-SI-19-V-C,E8_Matorral_sur.gpkg
2690,8,E8_Matorral_sur,59,CHILE-SI-19-V-C,E8_Matorral_sur.gpkg
2691,8,E8_Matorral_sur,59,CHILE-SJ-18-Z-D,E8_Matorral_sur.gpkg
2692,8,E8_Matorral_sur,59,CHILE-SI-19-V-C,E8_Matorral_sur.gpkg
2693,8,E8_Matorral_sur,59,CHILE-SI-19-V-C,E8_Matorral_sur.gpkg
2694,8,E8_Matorral_sur,59,CHILE-SJ-19-V-C,E8_Matorral_sur.gpkg
2695,8,E8_Matorral_sur,59,CHILE-SI-19-V-A,E8_Matorral_sur.gpkg
2696,8,E8_Matorral_sur,59,CHILE-SJ-19-V-C,E8_Matorral_sur.gpkg
2697,8,E8_Matorral_sur,59,CHILE-SI-19-Y-A,E8_Matorral_sur.gpkg
2698,8,E8_Matorral_sur,59,CHILE-SI-19-V-C,E8_Matorral_sur.gpkg
2699,8,E8_Matorral_sur,59,CHILE-SI-19-Y-A,E8_Matorral_sur.gpkg
2700,8,E8_Matorral_sur,59,CHILE-SI-19-V-C,E8_Matorral_sur.gpkg
2701,8,E8_Matorral_sur,59,CHILE-SI-19-V-D,E8_Matorral_sur.gpkg
2702,8,E8_Matorral_sur,60,CHILE-SJ-18-Z-D,E8_Matorral_sur.gpkg
2703,8,E8_Matorral_sur,60,CHILE-SI-19-Y-A,E8_Matorral_sur.gpkg
2704,8,E8_Matorral_sur,60,CHILE-SJ-18-Z-B,E8_Matorral_sur.gpkg
2705,8,E8_Matorral_sur,60,CHILE-SJ-18-X-B,E8_Matorral_sur.gpkg
2706,8,E8_Matorral_sur,60,CHILE-SI-19-V-C,E8_Matorral_sur.gpkg
2707,8,E8_Matorral_sur,60,CHILE-SJ-18-Z-B,E8_Matorral_sur.gpkg
2708,8,E8_Matorral_sur,60,CHILE-SJ-18-Z-B,E8_Matorral_sur.gpkg
2709,8,E8_Matorral_sur,60,CHILE-SJ-18-Z-B,E8_Matorral_sur.gpkg
2710,8,E8_Matorral_sur,60,CHILE-SJ-18-Z-B,E8_Matorral_sur.gpkg
2711,8,E8_Matorral_sur,60,CHILE-SI-19-V-C,E8_Matorral_sur.gpkg
2712,8,E8_Matorral_sur,60,CHILE-SJ-18-Z-B,E8_Matorral_sur.gpkg
2713,8,E8_Matorral_sur,60,CHILE-SJ-18-Z-B,E8_Matorral_sur.gpkg
2714,8,E8_Matorral_sur,60,CHILE-SI-19-Y-A,E8_Matorral_sur.gpkg
2715,8,E8_Matorral_sur,60,CHILE-SI-19-V-C,E8_Matorral_sur.gpkg
2716,8,E8_Matorral_sur,60,CHILE-SJ-18-Z-B,E8_Matorral_sur.gpkg
2717,8,E8_Matorral_sur,60,CHILE-SI-19-V-C,E8_Matorral_sur.gpkg
2718,8,E8_Matorral_sur,60,CHILE-SI-19-V-C,E8_Matorral_sur.gpkg
2719,8,E8_Matorral_sur,60,CHILE-SI-19-V-C,E8_Matorral_sur.gpkg
2720,8,E8_Matorral_sur,60,CHILE-SI-19-V-C,E8_Matorral_sur.gpkg
2721,8,E8_Matorral_sur,60,CHILE-SJ-18-Z-B,E8_Matorral_sur.gpkg
2722,8,E8_Matorral_sur,60,CHILE-SJ-18-Z-B,E8_Matorral_sur.gpkg
2723,8,E8_Matorral_sur,60,CHILE-SJ-18-X-B,E8_Matorral_sur.gpkg
2724,8,E8_Matorral_sur,60,CHILE-SI-19-V-C,E8_Matorral_sur.gpkg
2725,8,E8_Matorral_sur,60,CHILE-SJ-18-Z-B,E8_Matorral_sur.gpkg
2726,8,E8_Matorral_sur,60,CHILE-SJ-19-V-C,E8_Matorral_sur.gpkg
2727,8,E8_Matorral_sur,60,CHILE-SI-19-Y-C,E8_Matorral_sur.gpkg
2728,8,E8_Matorral_sur,60,CHILE-SJ-18-Z-B,E8_Matorral_sur.gpkg
2729,8,E8_Matorral_sur,60,CHILE-SI-19-Y-A,E8_Matorral_sur.gpkg
2730,8,E8_Matorral_sur,60,CHILE-SJ-18-Z-B,E8_Matorral_sur.gpkg
2731,8,E8_Matorral_sur,60,CHILE-SJ-18-X-B,E8_Matorral_sur.gpkg
2732,8,E8_Matorral_sur,60,CHILE-SI-19-Y-C,E8_Matorral_sur.gpkg
2733,8,E8_Matorral_sur,60,CHILE-SJ-19-V-C,E8_Matorral_sur.gpkg
2734,8,E8_Matorral_sur,60,CHILE-SJ-18-Z-B,E8_Matorral_sur.gpkg
2735,8,E8_Matorral_sur,60,CHILE-SI-19-V-C,E8_Matorral_sur.gpkg
2736,8,E8_Matorral_sur,60,CHILE-SI-19-Y-A,E8_Matorral_sur.gpkg
2737,8,E8_Matorral_sur,60,CHILE-SI-19-Y-A,E8_Matorral_sur.gpkg
2738,8,E8_Matorral_sur,60,CHILE-SJ-19-V-C,E8_Matorral_sur.gpkg
2739,8,E8_Matorral_sur,60,CHILE-SI-19-V-C,E8_Matorral_sur.gpkg
2740,8,E8_Matorral_sur,60,CHILE-SJ-18-Z-B,E8_Matorral_sur.gpkg
2741,8,E8_Matorral_sur,60,CHILE-SI-19-V-C,E8_Matorral_sur.gpkg
2742,8,E8_Matorral_sur,60,CHILE-SI-19-V-C,E8_Matorral_sur.gpkg
2743,8,E8_Matorral_sur,60,CHILE-SI-19-V-C,E8_Matorral_sur.gpkg
2744,8,E8_Matorral_sur,60,CHILE-SI-19-V-C,E8_Matorral_sur.gpkg
2745,8,E8_Matorral_sur,60,CHILE-SI-19-V-C,E8_Matorral_sur.gpkg
2746,8,E8_Matorral_sur,66,CHILE-SI-19-V-C,E8_Matorral_sur.gpkg
2747,8,E8_Matorral_sur,66,CHILE-SI-19-V-C,E8_Matorral_sur.gpkg
2748,8,E8_Matorral_sur,66,CHILE-SI-19-V-C,E8_Matorral_sur.gpkg
2749,8,E8_Matorral_sur,66,CHILE-SI-19-V-C,E8_Matorral_sur.gpkg
2750,8,E8_Matorral_sur,66,CHILE-SI-19-V-C,E8_Matorral_sur.gpkg
2751,8,E8_Matorral_sur,66,CHILE-SI-19-V-C,E8_Matorral_sur.gpkg
2752,8,E8_Matorral_sur,66,CHILE-SI-19-V-C,E8_Matorral_sur.gpkg
2753,8,E8_Matorral_sur,66,CHILE-SI-19-V-C,E8_Matorral_sur.gpkg
2754,8,E8_Matorral_sur,66,CHILE-SI-19-V-C,E8_Matorral_sur.gpkg
2755,8,E8_Matorral_sur,66,CHILE-SI-19-V-C,E8_Matorral_sur.gpkg
2756,8,E8_Matorral_sur,66,CHILE-SI-19-V-A,E8_Matorral_sur.gpkg
2757,8,E8_Matorral_sur,66,CHILE-SI-19-V-C,E8_Matorral_sur.gpkg
2758,8,E8_Matorral_sur,66,CHILE-SI-19-Y-A,E8_Matorral_sur.gpkg
2759,8,E8_Matorral_sur,66,CHILE-SI-19-V-A,E8_Matorral_sur.gpkg
2760,8,E8_Matorral_sur,66,CHILE-SI-19-V-C,E8_Matorral_sur.gpkg
2761,8,E8_Matorral_sur,66,CHILE-SI-19-V-C,E8_Matorral_sur.gpkg
2762,8,E8_Matorral_sur,66,CHILE-SJ-19-V-C,E8_Matorral_sur.gpkg
2763,8,E8_Matorral_sur,66,CHILE-SI-19-V-C,E8_Matorral_sur.gpkg
2764,8,E8_Matorral_sur,66,CHILE-SI-19-Y-A,E8_Matorral_sur.gpkg
2765,8,E8_Matorral_sur,66,CHILE-SI-19-V-C,E8_Matorral_sur.gpkg
2766,8,E8_Matorral_sur,66,CHILE-SI-19-V-C,E8_Matorral_sur.gpkg
2767,8,E8_Matorral_sur,66,CHILE-SI-19-V-C,E8_Matorral_sur.gpkg
2768,8,E8_Matorral_sur,66,CHILE-SI-19-V-C,E8_Matorral_sur.gpkg
2769,8,E8_Matorral_sur,66,CHILE-SI-19-Y-A,E8_Matorral_sur.gpkg
2770,8,E8_Matorral_sur,66,CHILE-SI-19-V-C,E8_Matorral_sur.gpkg
2771,8,E8_Matorral_sur,66,CHILE-SJ-18-Z-B,E8_Matorral_sur.gpkg
2772,8,E8_Matorral_sur,66,CHILE-SI-19-V-C,E8_Matorral_sur.gpkg
2773,8,E8_Matorral_sur,66,CHILE-SI-19-V-C,E8_Matorral_sur.gpkg
2774,8,E8_Matorral_sur,66,CHILE-SI-19-Y-A,E8_Matorral_sur.gpkg
2775,8,E8_Matorral_sur,66,CHILE-SI-19-V-C,E8_Matorral_sur.gpkg
2776,8,E8_Matorral_sur,66,CHILE-SI-19-Y-A,E8_Matorral_sur.gpkg
2777,8,E8_Matorral_sur,66,CHILE-SI-19-V-A,E8_Matorral_sur.gpkg
2778,8,E8_Matorral_sur,66,CHILE-SI-19-V-C,E8_Matorral_sur.gpkg
2779,8,E8_Matorral_sur,66,CHILE-SI-19-V-A,E8_Matorral_sur.gpkg
2780,8,E8_Matorral_sur,66,CHILE-SI-19-V-D,E8_Matorral_sur.gpkg
2781,8,E8_Matorral_sur,66,CHILE-SI-19-Y-A,E8_Matorral_sur.gpkg
2782,8,E8_Matorral_sur,66,CHILE-SI-19-V-C,E8_Matorral_sur.gpkg
2783,8,E8_Matorral_sur,66,CHILE-SI-19-Y-A,E8_Matorral_sur.gpkg
2784,8,E8_Matorral_sur,66,CHILE-SI-19-V-C,E8_Matorral_sur.gpkg
2785,8,E8_Matorral_sur,66,CHILE-SI-19-V-C,E8_Matorral_sur.gpkg
2786,8,E8_Matorral_sur,66,CHILE-SI-19-V-C,E8_Matorral_sur.gpkg
2787,8,E8_Matorral_sur,66,CHILE-SI-19-Y-A,E8_Matorral_sur.gpkg
2788,8,E8_Matorral_sur,66,CHILE-SI-19-Y-A,E8_Matorral_sur.gpkg
2789,8,E8_Matorral_sur,66,CHILE-SJ-18-Z-B,E8_Matorral_sur.gpkg
2790,8,E8_Matorral_sur,66,CHILE-SJ-18-Z-B,E8_Matorral_sur.gpkg
2791,8,E8_Matorral_sur,66,CHILE-SI-19-V-C,E8_Matorral_sur.gpkg
2792,8,E8_Matorral_sur,66,CHILE-SI-19-Y-A,E8_Matorral_sur.gpkg
2793,8,E8_Matorral_sur,66,CHILE-SI-19-Y-A,E8_Matorral_sur.gpkg
2794,8,E8_Matorral_sur,66,CHILE-SI-19-Y-A,E8_Matorral_sur.gpkg
2795,8,E8_Matorral_sur,66,CHILE-SI-19-V-C,E8_Matorral_sur.gpkg
2796,8,E8_Matorral_sur,66,CHILE-SI-19-V-C,E8_Matorral_sur.gpkg
2797,8,E8_Matorral_sur,66,CHILE-SI-19-Y-A,E8_Matorral_sur.gpkg
2798,8,E8_Matorral_sur,66,CHILE-SI-19-V-C,E8_Matorral_sur.gpkg
2799,8,E8_Matorral_sur,66,CHILE-SI-19-Y-A,E8_Matorral_sur.gpkg
2800,8,E8_Matorral_sur,66,CHILE-SI-19-V-C,E8_Matorral_sur.gpkg
2801,8,E8_Matorral_sur,66,CHILE-SI-19-Y-C,E8_Matorral_sur.gpkg
2802,8,E8_Matorral_sur,66,CHILE-SI-19-V-C,E8_Matorral_sur.gpkg
2803,8,E8_Matorral_sur,66,CHILE-SI-19-V-C,E8_Matorral_sur.gpkg
2804,8,E8_Matorral_sur,66,CHILE-SI-19-V-C,E8_Matorral_sur.gpkg
2805,8,E8_Matorral_sur,66,CHILE-SI-19-V-C,E8_Matorral_sur.gpkg
2806,8,E8_Matorral_sur,66,CHILE-SI-19-Y-A,E8_Matorral_sur.gpkg
2807,8,E8_Matorral_sur,66,CHILE-SI-19-V-C,E8_Matorral_sur.gpkg
2808,8,E8_Matorral_sur,66,CHILE-SI-19-V-C,E8_Matorral_sur.gpkg
2809,8,E8_Matorral_sur,66,CHILE-SI-19-V-C,E8_Matorral_sur.gpkg
2810,8,E8_Matorral_sur,66,CHILE-SI-19-V-C,E8_Matorral_sur.gpkg
2811,8,E8_Matorral_sur,66,CHILE-SI-19-Y-A,E8_Matorral_sur.gpkg
2812,8,E8_Matorral_sur,66,CHILE-SI-19-V-C,E8_Matorral_sur.gpkg
2813,8,E8_Matorral_sur,66,CHILE-SI-19-V-C,E8_Matorral_sur.gpkg
2814,8,E8_Matorral_sur,66,CHILE-SI-19-Y-A,E8_Matorral_sur.gpkg
2815,8,E8_Matorral_sur,66,CHILE-SI-19-Y-A,E8_Matorral_sur.gpkg
2816,8,E8_Matorral_sur,66,CHILE-SI-19-V-C,E8_Matorral_sur.gpkg
2817,8,E8_Matorral_sur,66,CHILE-SI-19-V-C,E8_Matorral_sur.gpkg
2818,8,E8_Matorral_sur,66,CHILE-SI-19-V-A,E8_Matorral_sur.gpkg
2819,8,E8_Matorral_sur,66,CHILE-SJ-19-V-C,E8_Matorral_sur.gpkg
2820,8,E8_Matorral_sur,66,CHILE-SI-19-V-C,E8_Matorral_sur.gpkg
2821,8,E8_Matorral_sur,66,CHILE-SI-19-Y-A,E8_Matorral_sur.gpkg
2822,8,E8_Matorral_sur,66,CHILE-SI-19-Y-A,E8_Matorral_sur.gpkg
2823,8,E8_Matorral_sur,66,CHILE-SI-19-V-C,E8_Matorral_sur.gpkg
2824,8,E8_Matorral_sur,66,CHILE-SI-19-V-C,E8_Matorral_sur.gpkg
2825,8,E8_Matorral_sur,66,CHILE-SI-19-Y-A,E8_Matorral_sur.gpkg
2826,8,E8_Matorral_sur,66,CHILE-SI-19-Y-C,E8_Matorral_sur.gpkg
2827,8,E8_Matorral_sur,66,CHILE-SI-19-Y-A,E8_Matorral_sur.gpkg
2828,8,E8_Matorral_sur,66,CHILE-SI-19-V-C,E8_Matorral_sur.gpkg
2829,8,E8_Matorral_sur,66,CHILE-SI-19-V-C,E8_Matorral_sur.gpkg
2830,8,E8_Matorral_sur,66,CHILE-SI-19-V-C,E8_Matorral_sur.gpkg
2831,8,E8_Matorral_sur,79,CHILE-SI-19-V-C,E8_Matorral_sur.gpkg
2832,8,E8_Matorral_sur,79,CHILE-SI-19-V-C,E8_Matorral_sur.gpkg
2833,8,E8_Matorral_sur,79,CHILE-SI-19-V-C,E8_Matorral_sur.gpkg
2834,8,E8_Matorral_sur,79,CHILE-SI-19-V-C,E8_Matorral_sur.gpkg
2835,8,E8_Matorral_sur,79,CHILE-SI-19-V-C,E8_Matorral_sur.gpkg
2836,8,E8_Matorral_sur,79,CHILE-SI-19-V-C,E8_Matorral_sur.gpkg
2837,8,E8_Matorral_sur,79,CHILE-SI-19-V-C,E8_Matorral_sur.gpkg
2838,8,E8_Matorral_sur,79,CHILE-SI-19-V-C,E8_Matorral_sur.gpkg
2839,8,E8_Matorral_sur,79,CHILE-SI-19-V-C,E8_Matorral_sur.gpkg
2840,8,E8_Matorral_sur,79,CHILE-SI-19-V-C,E8_Matorral_sur.gpkg
2841,8,E8_Matorral_sur,79,CHILE-SI-19-V-C,E8_Matorral_sur.gpkg
2842,8,E8_Matorral_sur,79,CHILE-SI-19-V-C,E8_Matorral_sur.gpkg
2843,8,E8_Matorral_sur,79,CHILE-SI-19-V-C,E8_Matorral_sur.gpkg
2844,8,E8_Matorral_sur,79,CHILE-SI-19-V-C,E8_Matorral_sur.gpkg
2845,8,E8_Matorral_sur,79,CHILE-SI-19-V-C,E8_Matorral_sur.gpkg
2846,8,E8_Matorral_sur,79,CHILE-SI-19-V-C,E8_Matorral_sur.gpkg
2847,8,E8_Matorral_sur,79,CHILE-SI-19-V-C,E8_Matorral_sur.gpkg
2848,8,E8_Matorral_sur,79,CHILE-SI-19-V-C,E8_Matorral_sur.gpkg
2849,8,E8_Matorral_sur,79,CHILE-SI-19-V-C,E8_Matorral_sur.gpkg
2850,8,E8_Matorral_sur,79,CHILE-SI-19-V-C,E8_Matorral_sur.gpkg
2851,8,E8_Matorral_sur,79,CHILE-SI-19-V-C,E8_Matorral_sur.gpkg
2852,8,E8_Matorral_sur,79,CHILE-SI-19-V-C,E8_Matorral_sur.gpkg
2853,8,E8_Matorral_sur,79,CHILE-SI-19-V-C,E8_Matorral_sur.gpkg
2854,8,E8_Matorral_sur,79,CHILE-SI-19-V-C,E8_Matorral_sur.gpkg
2855,8,E8_Matorral_sur,79,CHILE-SI-19-V-C,E8_Matorral_sur.gpkg
2856,8,E8_Matorral_sur,79,CHILE-SI-19-V-C,E8_Matorral_sur.gpkg
2857,8,E8_Matorral_sur,79,CHILE-SI-19-V-C,E8_Matorral_sur.gpkg
2858,8,E8_Matorral_sur,79,CHILE-SI-19-V-C,E8_Matorral_sur.gpkg
2859,8,E8_Matorral_sur,79,CHILE-SI-19-V-C,E8_Matorral_sur.gpkg
2860,8,E8_Matorral_sur,79,CHILE-SI-19-V-C,E8_Matorral_sur.gpkg
2861,8,E8_Matorral_sur,79,CHILE-SI-19-V-C,E8_Matorral_sur.gpkg
2862,8,E8_Matorral_sur,79,CHILE-SI-19-V-C,E8_Matorral_sur.gpkg
2863,8,E8_Matorral_sur,79,CHILE-SI-19-V-C,E8_Matorral_sur.gpkg
2864,8,E8_Matorral_sur,79,CHILE-SI-19-V-C,E8_Matorral_sur.gpkg
2865,8,E8_Matorral_sur,79,CHILE-SI-19-V-C,E8_Matorral_sur.gpkg
2866,8,E8_Matorral_sur,79,CHILE-SI-19-V-C,E8_Matorral_sur.gpkg
2867,8,E8_Matorral_sur,79,CHILE-SI-19-V-C,E8_Matorral_sur.gpkg
2868,8,E8_Matorral_sur,79,CHILE-SI-19-V-C,E8_Matorral_sur.gpkg
2869,8,E8_Matorral_sur,80,CHILE-SI-19-Y-C,E8_Matorral_sur.gpkg
2870,8,E8_Matorral_sur,80,CHILE-SJ-18-Z-B,E8_Matorral_sur.gpkg
2871,8,E8_Matorral_sur,80,CHILE-SJ-19-V-C,E8_Matorral_sur.gpkg
2872,8,E8_Matorral_sur,80,CHILE-SI-19-Y-C,E8_Matorral_sur.gpkg
2873,8,E8_Matorral_sur,80,CHILE-SI-19-Y-C,E8_Matorral_sur.gpkg
2874,8,E8_Matorral_sur,80,CHILE-SI-19-Y-C,E8_Matorral_sur.gpkg
2875,8,E8_Matorral_sur,80,CHILE-SJ-18-X-B,E8_Matorral_sur.gpkg
2876,8,E8_Matorral_sur,80,CHILE-SI-19-V-C,E8_Matorral_sur.gpkg
2877,8,E8_Matorral_sur,80,CHILE-SJ-18-Z-B,E8_Matorral_sur.gpkg
2878,8,E8_Matorral_sur,80,CHILE-SI-19-Y-C,E8_Matorral_sur.gpkg
2879,8,E8_Matorral_sur,80,CHILE-SJ-18-X-B,E8_Matorral_sur.gpkg
2880,8,E8_Matorral_sur,80,CHILE-SJ-18-X-B,E8_Matorral_sur.gpkg
2881,8,E8_Matorral_sur,80,CHILE-SI-19-Y-C,E8_Matorral_sur.gpkg
2882,8,E8_Matorral_sur,80,CHILE-SJ-18-X-B,E8_Matorral_sur.gpkg
2883,8,E8_Matorral_sur,80,CHILE-SJ-18-X-D,E8_Matorral_sur.gpkg
2884,8,E8_Matorral_sur,80,CHILE-SI-19-V-C,E8_Matorral_sur.gpkg
2885,8,E8_Matorral_sur,80,CHILE-SJ-18-Z-B,E8_Matorral_sur.gpkg
2886,8,E8_Matorral_sur,80,CHILE-SI-19-Y-C,E8_Matorral_sur.gpkg
2887,8,E8_Matorral_sur,80,CHILE-SI-19-V-C,E8_Matorral_sur.gpkg
2888,8,E8_Matorral_sur,80,CHILE-SJ-18-X-B,E8_Matorral_sur.gpkg
2889,8,E8_Matorral_sur,80,CHILE-SJ-18-X-B,E8_Matorral_sur.gpkg
2890,8,E8_Matorral_sur,80,CHILE-SJ-18-X-B,E8_Matorral_sur.gpkg
2891,8,E8_Matorral_sur,80,CHILE-SI-19-Y-C,E8_Matorral_sur.gpkg
2892,8,E8_Matorral_sur,80,CHILE-SJ-18-X-B,E8_Matorral_sur.gpkg
2893,8,E8_Matorral_sur,80,CHILE-SJ-18-Z-B,E8_Matorral_sur.gpkg
2894,8,E8_Matorral_sur,80,CHILE-SI-19-Y-C,E8_Matorral_sur.gpkg
2895,8,E8_Matorral_sur,80,CHILE-SI-19-V-C,E8_Matorral_sur.gpkg
2896,8,E8_Matorral_sur,80,CHILE-SJ-18-X-B,E8_Matorral_sur.gpkg
2897,8,E8_Matorral_sur,80,CHILE-SI-19-Y-C,E8_Matorral_sur.gpkg
2898,8,E8_Matorral_sur,80,CHILE-SJ-18-X-B,E8_Matorral_sur.gpkg
2899,8,E8_Matorral_sur,80,CHILE-SI-19-Y-C,E8_Matorral_sur.gpkg
2900,8,E8_Matorral_sur,80,CHILE-SJ-18-Z-B,E8_Matorral_sur.gpkg
2901,8,E8_Matorral_sur,80,CHILE-SJ-18-Z-B,E8_Matorral_sur.gpkg
2902,8,E8_Matorral_sur,80,CHILE-SJ-19-V-C,E8_Matorral_sur.gpkg
2903,8,E8_Matorral_sur,80,CHILE-SI-19-Y-C,E8_Matorral_sur.gpkg
2904,8,E8_Matorral_sur,80,CHILE-SJ-18-X-B,E8_Matorral_sur.gpkg
2905,8,E8_Matorral_sur,80,CHILE-SJ-18-X-B,E8_Matorral_sur.gpkg
2906,8,E8_Matorral_sur,80,CHILE-SJ-19-V-C,E8_Matorral_sur.gpkg
2907,8,E8_Matorral_sur,80,CHILE-SI-19-V-C,E8_Matorral_sur.gpkg
2908,8,E8_Matorral_sur,80,CHILE-SJ-18-Z-B,E8_Matorral_sur.gpkg
2909,8,E8_Matorral_sur,80,CHILE-SI-19-V-C,E8_Matorral_sur.gpkg
2910,8,E8_Matorral_sur,80,CHILE-SJ-18-X-B,E8_Matorral_sur.gpkg
2911,8,E8_Matorral_sur,80,CHILE-SI-19-Y-C,E8_Matorral_sur.gpkg
2912,8,E8_Matorral_sur,80,CHILE-SJ-18-Z-B,E8_Matorral_sur.gpkg
2913,8,E8_Matorral_sur,80,CHILE-SJ-18-X-B,E8_Matorral_sur.gpkg
2914,8,E8_Matorral_sur,80,CHILE-SJ-18-X-B,E8_Matorral_sur.gpkg
2915,8,E8_Matorral_sur,80,CHILE-SJ-18-X-B,E8_Matorral_sur.gpkg
2916,8,E8_Matorral_sur,80,CHILE-SJ-18-X-B,E8_Matorral_sur.gpkg
2917,8,E8_Matorral_sur,80,CHILE-SJ-18-X-B,E8_Matorral_sur.gpkg
2918,8,E8_Matorral_sur,80,CHILE-SI-19-Y-C,E8_Matorral_sur.gpkg
2919,8,E8_Matorral_sur,80,CHILE-SI-19-Y-C,E8_Matorral_sur.gpkg
2920,8,E8_Matorral_sur,80,CHILE-SI-19-V-C,E8_Matorral_sur.gpkg
2921,8,E8_Matorral_sur,80,CHILE-SI-19-Y-C,E8_Matorral_sur.gpkg
2922,8,E8_Matorral_sur,80,CHILE-SJ-18-Z-B,E8_Matorral_sur.gpkg
2923,8,E8_Matorral_sur,80,CHILE-SJ-19-V-C,E8_Matorral_sur.gpkg
2924,8,E8_Matorral_sur,80,CHILE-SJ-18-Z-B,E8_Matorral_sur.gpkg
2925,8,E8_Matorral_sur,80,CHILE-SI-19-V-C,E8_Matorral_sur.gpkg
2926,8,E8_Matorral_sur,80,CHILE-SJ-18-Z-B,E8_Matorral_sur.gpkg
2927,8,E8_Matorral_sur,80,CHILE-SI-18-Z-D,E8_Matorral_sur.gpkg
2928,8,E8_Matorral_sur,80,CHILE-SI-19-Y-C,E8_Matorral_sur.gpkg
2929,8,E8_Matorral_sur,80,CHILE-SJ-18-X-B,E8_Matorral_sur.gpkg
2930,8,E8_Matorral_sur,80,CHILE-SI-19-Y-C,E8_Matorral_sur.gpkg
2931,8,E8_Matorral_sur,80,CHILE-SJ-18-X-B,E8_Matorral_sur.gpkg
2932,8,E8_Matorral_sur,80,CHILE-SI-19-Y-C,E8_Matorral_sur.gpkg
2933,8,E8_Matorral_sur,80,CHILE-SI-19-V-C,E8_Matorral_sur.gpkg
2934,8,E8_Matorral_sur,80,CHILE-SJ-19-V-C,E8_Matorral_sur.gpkg
2935,8,E8_Matorral_sur,80,CHILE-SJ-18-X-B,E8_Matorral_sur.gpkg
2936,8,E8_Matorral_sur,80,CHILE-SI-19-Y-C,E8_Matorral_sur.gpkg
2937,8,E8_Matorral_sur,80,CHILE-SI-19-V-C,E8_Matorral_sur.gpkg
2938,8,E8_Matorral_sur,80,CHILE-SJ-18-X-B,E8_Matorral_sur.gpkg
2939,8,E8_Matorral_sur,80,CHILE-SJ-18-Z-B,E8_Matorral_sur.gpkg
2940,8,E8_Matorral_sur,80,CHILE-SJ-18-X-B,E8_Matorral_sur.gpkg
2941,8,E8_Matorral_sur,80,CHILE-SJ-18-X-B,E8_Matorral_sur.gpkg
2942,8,E8_Matorral_sur,80,CHILE-SI-19-V-C,E8_Matorral_sur.gpkg
2943,8,E8_Matorral_sur,80,CHILE-SJ-18-Z-B,E8_Matorral_sur.gpkg
2944,8,E8_Matorral_sur,80,CHILE-SJ-18-X-B,E8_Matorral_sur.gpkg
2945,8,E8_Matorral_sur,80,CHILE-SI-19-Y-C,E8_Matorral_sur.gpkg
2946,8,E8_Matorral_sur,80,CHILE-SJ-18-X-B,E8_Matorral_sur.gpkg
2947,8,E8_Matorral_sur,80,CHILE-SI-19-Y-C,E8_Matorral_sur.gpkg
2948,8,E8_Matorral_sur,80,CHILE-SJ-18-X-B,E8_Matorral_sur.gpkg
2949,8,E8_Matorral_sur,80,CHILE-SJ-18-Z-B,E8_Matorral_sur.gpkg
2950,8,E8_Matorral_sur,80,CHILE-SJ-18-X-B,E8_Matorral_sur.gpkg
2951,8,E8_Matorral_sur,80,CHILE-SI-19-Y-C,E8_Matorral_sur.gpkg
2952,8,E8_Matorral_sur,80,CHILE-SJ-19-Y-A,E8_Matorral_sur.gpkg
2953,8,E8_Matorral_sur,80,CHILE-SJ-18-X-B,E8_Matorral_sur.gpkg
2954,8,E8_Matorral_sur,80,CHILE-SI-19-Y-C,E8_Matorral_sur.gpkg
2955,8,E8_Matorral_sur,80,CHILE-SJ-18-Z-B,E8_Matorral_sur.gpkg
2956,8,E8_Matorral_sur,80,CHILE-SJ-18-X-B,E8_Matorral_sur.gpkg
2957,8,E8_Matorral_sur,80,CHILE-SJ-18-X-D,E8_Matorral_sur.gpkg
2958,8,E8_Matorral_sur,80,CHILE-SJ-18-Z-B,E8_Matorral_sur.gpkg
2959,8,E8_Matorral_sur,80,CHILE-SI-19-Y-C,E8_Matorral_sur.gpkg
2960,8,E8_Matorral_sur,80,CHILE-SJ-18-X-D,E8_Matorral_sur.gpkg
2961,8,E8_Matorral_sur,80,CHILE-SJ-18-X-B,E8_Matorral_sur.gpkg
2962,8,E8_Matorral_sur,80,CHILE-SJ-19-V-A,E8_Matorral_sur.gpkg
2963,8,E8_Matorral_sur,80,CHILE-SI-19-Y-C,E8_Matorral_sur.gpkg
2964,8,E8_Matorral_sur,80,CHILE-SJ-18-X-D,E8_Matorral_sur.gpkg
2965,8,E8_Matorral_sur,80,CHILE-SJ-19-V-C,E8_Matorral_sur.gpkg
2966,8,E8_Matorral_sur,80,CHILE-SJ-18-X-B,E8_Matorral_sur.gpkg
2967,8,E8_Matorral_sur,80,CHILE-SJ-18-Z-B,E8_Matorral_sur.gpkg
2968,8,E8_Matorral_sur,80,CHILE-SJ-18-X-B,E8_Matorral_sur.gpkg
2969,8,E8_Matorral_sur,80,CHILE-SI-19-V-C,E8_Matorral_sur.gpkg
2970,8,E8_Matorral_sur,80,CHILE-SJ-18-X-B,E8_Matorral_sur.gpkg
2971,8,E8_Matorral_sur,80,CHILE-SI-19-Y-C,E8_Matorral_sur.gpkg
2972,8,E8_Matorral_sur,80,CHILE-SJ-18-X-B,E8_Matorral_sur.gpkg
2973,8,E8_Matorral_sur,80,CHILE-SI-19-Y-C,E8_Matorral_sur.gpkg
2974,8,E8_Matorral_sur,80,CHILE-SI-19-Y-C,E8_Matorral_sur.gpkg
2975,8,E8_Matorral_sur,80,CHILE-SI-19-V-C,E8_Matorral_sur.gpkg
2976,8,E8_Matorral_sur,80,CHILE-SJ-18-Z-B,E8_Matorral_sur.gpkg
2977,8,E8_Matorral_sur,80,CHILE-SI-19-V-C,E8_Matorral_sur.gpkg
2978,8,E8_Matorral_sur,80,CHILE-SI-19-Y-C,E8_Matorral_sur.gpkg
2979,8,E8_Matorral_sur,80,CHILE-SJ-18-X-B,E8_Matorral_sur.gpkg
2980,8,E8_Matorral_sur,80,CHILE-SJ-19-V-C,E8_Matorral_sur.gpkg
2981,8,E8_Matorral_sur,80,CHILE-SI-19-Y-C,E8_Matorral_sur.gpkg
2982,8,E8_Matorral_sur,80,CHILE-SI-19-V-C,E8_Matorral_sur.gpkg
2983,8,E8_Matorral_sur,80,CHILE-SJ-18-X-B,E8_Matorral_sur.gpkg
2984,8,E8_Matorral_sur,80,CHILE-SJ-19-V-C,E8_Matorral_sur.gpkg
2985,8,E8_Matorral_sur,80,CHILE-SJ-18-X-B,E8_Matorral_sur.gpkg
2986,8,E8_Matorral_sur,80,CHILE-SJ-18-X-B,E8_Matorral_sur.gpkg
2987,8,E8_Matorral_sur,80,CHILE-SJ-18-Z-B,E8_Matorral_sur.gpkg
2988,8,E8_Matorral_sur,80,CHILE-SI-19-Y-C,E8_Matorral_sur.gpkg
2989,8,E8_Matorral_sur,80,CHILE-SI-19-Y-C,E8_Matorral_sur.gpkg
2990,8,E8_Matorral_sur,80,CHILE-SJ-18-Z-B,E8_Matorral_sur.gpkg
2991,8,E8_Matorral_sur,80,CHILE-SJ-19-V-C,E8_Matorral_sur.gpkg
2992,8,E8_Matorral_sur,80,CHILE-SJ-18-X-B,E8_Matorral_sur.gpkg
2993,8,E8_Matorral_sur,80,CHILE-SI-19-Y-C,E8_Matorral_sur.gpkg
2994,8,E8_Matorral_sur,80,CHILE-SJ-18-X-B,E8_Matorral_sur.gpkg
2995,8,E8_Matorral_sur,80,CHILE-SJ-18-X-B,E8_Matorral_sur.gpkg
2996,8,E8_Matorral_sur,80,CHILE-SI-19-V-C,E8_Matorral_sur.gpkg
2997,8,E8_Matorral_sur,80,CHILE-SJ-18-X-B,E8_Matorral_sur.gpkg
2998,8,E8_Matorral_sur,80,CHILE-SI-19-Y-C,E8_Matorral_sur.gpkg
2999,8,E8_Matorral_sur,80,CHILE-SJ-18-X-B,E8_Matorral_sur.gpkg
3000,8,E8_Matorral_sur,80,CHILE-SJ-18-X-B,E8_Matorral_sur.gpkg
3001,8,E8_Matorral_sur,80,CHILE-SJ-18-X-B,E8_Matorral_sur.gpkg
3002,8,E8_Matorral_sur,80,CHILE-SJ-18-X-D,E8_Matorral_sur.gpkg
3003,8,E8_Matorral_sur,80,CHILE-SI-19-Y-C,E8_Matorral_sur.gpkg
3004,8,E8_Matorral_sur,80,CHILE-SJ-18-Z-D,E8_Matorral_sur.gpkg
3005,8,E8_Matorral_sur,80,CHILE-SJ-18-Z-B,E8_Matorral_sur.gpkg
3006,8,E8_Matorral_sur,80,CHILE-SJ-18-X-B,E8_Matorral_sur.gpkg
3007,8,E8_Matorral_sur,80,CHILE-SJ-18-X-B,E8_Matorral_sur.gpkg
3008,8,E8_Matorral_sur,80,CHILE-SJ-18-Z-B,E8_Matorral_sur.gpkg
3009,8,E8_Matorral_sur,80,CHILE-SJ-18-X-B,E8_Matorral_sur.gpkg
3010,8,E8_Matorral_sur,80,CHILE-SJ-19-V-C,E8_Matorral_sur.gpkg
3011,8,E8_Matorral_sur,80,CHILE-SI-19-Y-C,E8_Matorral_sur.gpkg
3012,8,E8_Matorral_sur,80,CHILE-SI-19-Y-C,E8_Matorral_sur.gpkg
3013,8,E8_Matorral_sur,80,CHILE-SI-19-Y-C,E8_Matorral_sur.gpkg
3014,8,E8_Matorral_sur,80,CHILE-SJ-19-V-C,E8_Matorral_sur.gpkg
3015,8,E8_Matorral_sur,80,CHILE-SJ-18-X-B,E8_Matorral_sur.gpkg
3016,8,E8_Matorral_sur,80,CHILE-SI-19-V-C,E8_Matorral_sur.gpkg
3017,8,E8_Matorral_sur,80,CHILE-SI-19-V-C,E8_Matorral_sur.gpkg
3018,8,E8_Matorral_sur,80,CHILE-SI-19-V-C,E8_Matorral_sur.gpkg
3019,8,E8_Matorral_sur,80,CHILE-SJ-18-X-B,E8_Matorral_sur.gpkg
3020,8,E8_Matorral_sur,80,CHILE-SI-19-V-C,E8_Matorral_sur.gpkg
3021,8,E8_Matorral_sur,80,CHILE-SI-19-V-C,E8_Matorral_sur.gpkg
3022,8,E8_Matorral_sur,80,CHILE-SI-19-Y-C,E8_Matorral_sur.gpkg
3023,8,E8_Matorral_sur,80,CHILE-SJ-18-X-B,E8_Matorral_sur.gpkg
3024,8,E8_Matorral_sur,80,CHILE-SJ-19-V-A,E8_Matorral_sur.gpkg
3025,8,E8_Matorral_sur,80,CHILE-SI-19-V-C,E8_Matorral_sur.gpkg
3026,8,E8_Matorral_sur,80,CHILE-SJ-18-X-B,E8_Matorral_sur.gpkg
3027,8,E8_Matorral_sur,80,CHILE-SJ-18-Z-B,E8_Matorral_sur.gpkg
3028,8,E8_Matorral_sur,80,CHILE-SJ-19-Y-A,E8_Matorral_sur.gpkg
3029,8,E8_Matorral_sur,80,CHILE-SJ-18-Z-B,E8_Matorral_sur.gpkg
3030,8,E8_Matorral_sur,80,CHILE-SJ-18-X-D,E8_Matorral_sur.gpkg
3031,8,E8_Matorral_sur,80,CHILE-SI-19-Y-C,E8_Matorral_sur.gpkg
3032,8,E8_Matorral_sur,80,CHILE-SJ-18-X-B,E8_Matorral_sur.gpkg
3033,8,E8_Matorral_sur,80,CHILE-SI-19-Y-C,E8_Matorral_sur.gpkg
3034,8,E8_Matorral_sur,80,CHILE-SI-19-Y-C,E8_Matorral_sur.gpkg
3035,8,E8_Matorral_sur,80,CHILE-SJ-18-X-B,E8_Matorral_sur.gpkg
3036,8,E8_Matorral_sur,80,CHILE-SJ-18-Z-B,E8_Matorral_sur.gpkg
3037,8,E8_Matorral_sur,80,CHILE-SI-19-Y-C,E8_Matorral_sur.gpkg
3038,8,E8_Matorral_sur,80,CHILE-SJ-18-Z-B,E8_Matorral_sur.gpkg
3039,8,E8_Matorral_sur,80,CHILE-SJ-18-X-B,E8_Matorral_sur.gpkg
3040,8,E8_Matorral_sur,80,CHILE-SJ-18-X-D,E8_Matorral_sur.gpkg
3041,8,E8_Matorral_sur,80,CHILE-SJ-19-V-C,E8_Matorral_sur.gpkg
3042,8,E8_Matorral_sur,80,CHILE-SJ-18-X-B,E8_Matorral_sur.gpkg
3043,8,E8_Matorral_sur,80,CHILE-SJ-19-V-C,E8_Matorral_sur.gpkg
3044,8,E8_Matorral_sur,80,CHILE-SJ-18-X-B,E8_Matorral_sur.gpkg
3045,8,E8_Matorral_sur,80,CHILE-SJ-18-Z-B,E8_Matorral_sur.gpkg
3046,8,E8_Matorral_sur,80,CHILE-SJ-18-X-B,E8_Matorral_sur.gpkg
3047,8,E8_Matorral_sur,80,CHILE-SI-19-V-C,E8_Matorral_sur.gpkg
3048,8,E8_Matorral_sur,80,CHILE-SI-19-Y-C,E8_Matorral_sur.gpkg
3049,8,E8_Matorral_sur,80,CHILE-SJ-18-X-B,E8_Matorral_sur.gpkg
3050,8,E8_Matorral_sur,80,CHILE-SJ-18-X-B,E8_Matorral_sur.gpkg
3051,8,E8_Matorral_sur,80,CHILE-SJ-18-Z-B,E8_Matorral_sur.gpkg
3052,8,E8_Matorral_sur,80,CHILE-SJ-18-X-D,E8_Matorral_sur.gpkg
3053,8,E8_Matorral_sur,80,CHILE-SI-19-Y-C,E8_Matorral_sur.gpkg
3054,8,E8_Matorral_sur,80,CHILE-SJ-18-X-B,E8_Matorral_sur.gpkg
3055,8,E8_Matorral_sur,80,CHILE-SJ-18-Z-B,E8_Matorral_sur.gpkg
3056,8,E8_Matorral_sur,80,CHILE-SI-19-Y-C,E8_Matorral_sur.gpkg
3057,8,E8_Matorral_sur,80,CHILE-SI-19-Y-C,E8_Matorral_sur.gpkg
3058,8,E8_Matorral_sur,80,CHILE-SI-19-Y-C,E8_Matorral_sur.gpkg
3059,8,E8_Matorral_sur,80,CHILE-SI-19-V-C,E8_Matorral_sur.gpkg
3060,8,E8_Matorral_sur,80,CHILE-SJ-19-V-A,E8_Matorral_sur.gpkg
3061,8,E8_Matorral_sur,80,CHILE-SJ-19-V-C,E8_Matorral_sur.gpkg
3062,8,E8_Matorral_sur,80,CHILE-SJ-18-Z-B,E8_Matorral_sur.gpkg
3063,8,E8_Matorral_sur,80,CHILE-SI-19-Y-C,E8_Matorral_sur.gpkg
3064,8,E8_Matorral_sur,80,CHILE-SI-19-Y-C,E8_Matorral_sur.gpkg
3065,8,E8_Matorral_sur,80,CHILE-SJ-19-V-C,E8_Matorral_sur.gpkg
3066,8,E8_Matorral_sur,80,CHILE-SJ-18-X-B,E8_Matorral_sur.gpkg
3067,8,E8_Matorral_sur,80,CHILE-SI-19-V-C,E8_Matorral_sur.gpkg
3068,8,E8_Matorral_sur,80,CHILE-SI-19-Y-C,E8_Matorral_sur.gpkg
3069,9,E9_Costa_Norte,11,CHILE-SJ-18-X-C,E9_Costa_Norte.gpkg
3070,9,E9_Costa_Norte,11,CHILE-SJ-18-Z-B,E9_Costa_Norte.gpkg
3071,9,E9_Costa_Norte,11,CHILE-SJ-18-Z-B,E9_Costa_Norte.gpkg
3072,9,E9_Costa_Norte,11,CHILE-SJ-18-Z-B,E9_Costa_Norte.gpkg
3073,9,E9_Costa_Norte,11,CHILE-SJ-18-X-D,E9_Costa_Norte.gpkg
3074,9,E9_Costa_Norte,11,CHILE-SI-19-Y-A,E9_Costa_Norte.gpkg
3075,9,E9_Costa_Norte,11,CHILE-SJ-18-X-C,E9_Costa_Norte.gpkg
3076,9,E9_Costa_Norte,11,CHILE-SJ-18-Z-B,E9_Costa_Norte.gpkg
3077,9,E9_Costa_Norte,11,CHILE-SJ-18-Z-B,E9_Costa_Norte.gpkg
3078,9,E9_Costa_Norte,11,CHILE-SJ-18-Z-B,E9_Costa_Norte.gpkg
3079,9,E9_Costa_Norte,11,CHILE-SJ-18-X-B,E9_Costa_Norte.gpkg
3080,9,E9_Costa_Norte,11,CHILE-SI-19-Y-A,E9_Costa_Norte.gpkg
3081,9,E9_Costa_Norte,11,CHILE-SJ-18-Z-B,E9_Costa_Norte.gpkg
3082,9,E9_Costa_Norte,11,CHILE-SJ-18-Z-B,E9_Costa_Norte.gpkg
3083,9,E9_Costa_Norte,11,CHILE-SJ-18-X-D,E9_Costa_Norte.gpkg
3084,9,E9_Costa_Norte,11,CHILE-SJ-18-X-D,E9_Costa_Norte.gpkg
3085,9,E9_Costa_Norte,11,CHILE-SJ-18-Z-B,E9_Costa_Norte.gpkg
3086,9,E9_Costa_Norte,11,CHILE-SJ-18-X-D,E9_Costa_Norte.gpkg
3087,9,E9_Costa_Norte,11,CHILE-SI-19-Y-A,E9_Costa_Norte.gpkg
3088,9,E9_Costa_Norte,11,CHILE-SI-19-Y-A,E9_Costa_Norte.gpkg
3089,9,E9_Costa_Norte,11,CHILE-SI-18-Z-D,E9_Costa_Norte.gpkg
3090,9,E9_Costa_Norte,11,CHILE-SJ-18-Z-B,E9_Costa_Norte.gpkg
3091,9,E9_Costa_Norte,11,CHILE-SJ-18-X-B,E9_Costa_Norte.gpkg
3092,9,E9_Costa_Norte,11,CHILE-SJ-18-Z-B,E9_Costa_Norte.gpkg
3093,9,E9_Costa_Norte,11,CHILE-SJ-18-Z-B,E9_Costa_Norte.gpkg
3094,9,E9_Costa_Norte,11,CHILE-SJ-18-Z-B,E9_Costa_Norte.gpkg
3095,9,E9_Costa_Norte,11,CHILE-SI-19-Y-A,E9_Costa_Norte.gpkg
3096,9,E9_Costa_Norte,11,CHILE-SJ-18-Z-B,E9_Costa_Norte.gpkg
3097,9,E9_Costa_Norte,11,CHILE-SJ-18-X-C,E9_Costa_Norte.gpkg
3098,9,E9_Costa_Norte,11,CHILE-SJ-18-X-D,E9_Costa_Norte.gpkg
3099,9,E9_Costa_Norte,11,CHILE-SI-19-Y-A,E9_Costa_Norte.gpkg
3100,9,E9_Costa_Norte,11,CHILE-SJ-18-Z-B,E9_Costa_Norte.gpkg
3101,9,E9_Costa_Norte,11,CHILE-SJ-18-X-C,E9_Costa_Norte.gpkg
3102,9,E9_Costa_Norte,11,CHILE-SJ-18-X-C,E9_Costa_Norte.gpkg
3103,9,E9_Costa_Norte,11,CHILE-SJ-18-X-C,E9_Costa_Norte.gpkg
3104,9,E9_Costa_Norte,11,CHILE-SJ-18-Z-B,E9_Costa_Norte.gpkg
3105,9,E9_Costa_Norte,11,CHILE-SJ-18-Z-B,E9_Costa_Norte.gpkg
3106,9,E9_Costa_Norte,11,CHILE-SJ-18-Z-B,E9_Costa_Norte.gpkg
3107,9,E9_Costa_Norte,11,CHILE-SJ-18-Z-B,E9_Costa_Norte.gpkg
3108,9,E9_Costa_Norte,11,CHILE-SI-19-Y-A,E9_Costa_Norte.gpkg
3109,9,E9_Costa_Norte,11,CHILE-SI-18-Z-D,E9_Costa_Norte.gpkg
3110,9,E9_Costa_Norte,11,CHILE-SJ-18-Z-B,E9_Costa_Norte.gpkg
3111,9,E9_Costa_Norte,11,CHILE-SJ-18-X-C,E9_Costa_Norte.gpkg
3112,9,E9_Costa_Norte,11,CHILE-SJ-18-Z-D,E9_Costa_Norte.gpkg
3113,9,E9_Costa_Norte,11,CHILE-SJ-18-X-B,E9_Costa_Norte.gpkg
3114,9,E9_Costa_Norte,11,CHILE-SJ-18-Z-B,E9_Costa_Norte.gpkg
3115,9,E9_Costa_Norte,11,CHILE-SJ-18-X-D,E9_Costa_Norte.gpkg
3116,9,E9_Costa_Norte,11,CHILE-SJ-18-Z-B,E9_Costa_Norte.gpkg
3117,9,E9_Costa_Norte,11,CHILE-SJ-18-X-C,E9_Costa_Norte.gpkg
3118,9,E9_Costa_Norte,11,CHILE-SI-18-Z-D,E9_Costa_Norte.gpkg
3119,9,E9_Costa_Norte,11,CHILE-SJ-18-X-D,E9_Costa_Norte.gpkg
3120,9,E9_Costa_Norte,11,CHILE-SJ-18-Z-B,E9_Costa_Norte.gpkg
3121,9,E9_Costa_Norte,11,CHILE-SJ-18-Z-B,E9_Costa_Norte.gpkg
3122,9,E9_Costa_Norte,11,CHILE-SJ-18-X-C,E9_Costa_Norte.gpkg
3123,9,E9_Costa_Norte,12,CHILE-SI-18-Z-D,E9_Costa_Norte.gpkg
3124,9,E9_Costa_Norte,12,CHILE-SI-18-Z-D,E9_Costa_Norte.gpkg
3125,9,E9_Costa_Norte,12,CHILE-SI-19-Y-C,E9_Costa_Norte.gpkg
3126,9,E9_Costa_Norte,12,CHILE-SI-18-Z-D,E9_Costa_Norte.gpkg
3127,9,E9_Costa_Norte,12,CHILE-SI-18-Z-D,E9_Costa_Norte.gpkg
3128,9,E9_Costa_Norte,12,CHILE-SI-19-Y-C,E9_Costa_Norte.gpkg
3129,9,E9_Costa_Norte,12,CHILE-SI-19-Y-C,E9_Costa_Norte.gpkg
3130,9,E9_Costa_Norte,12,CHILE-SI-19-Y-C,E9_Costa_Norte.gpkg
3131,9,E9_Costa_Norte,12,CHILE-SI-18-Z-D,E9_Costa_Norte.gpkg
3132,9,E9_Costa_Norte,12,CHILE-SI-18-Z-D,E9_Costa_Norte.gpkg
3133,9,E9_Costa_Norte,12,CHILE-SI-19-Y-C,E9_Costa_Norte.gpkg
3134,9,E9_Costa_Norte,12,CHILE-SI-19-Y-C,E9_Costa_Norte.gpkg
3135,9,E9_Costa_Norte,12,CHILE-SI-18-Z-D,E9_Costa_Norte.gpkg
3136,9,E9_Costa_Norte,12,CHILE-SI-19-Y-C,E9_Costa_Norte.gpkg
3137,9,E9_Costa_Norte,15,CHILE-SJ-18-X-D,E9_Costa_Norte.gpkg
3138,9,E9_Costa_Norte,15,CHILE-SJ-18-X-C,E9_Costa_Norte.gpkg
3139,9,E9_Costa_Norte,15,CHILE-SJ-18-X-B,E9_Costa_Norte.gpkg
3140,9,E9_Costa_Norte,15,CHILE-SJ-18-X-D,E9_Costa_Norte.gpkg
3141,9,E9_Costa_Norte,15,CHILE-SJ-18-X-D,E9_Costa_Norte.gpkg
3142,9,E9_Costa_Norte,15,CHILE-SJ-18-X-D,E9_Costa_Norte.gpkg
3143,9,E9_Costa_Norte,15,CHILE-SJ-18-X-C,E9_Costa_Norte.gpkg
3144,9,E9_Costa_Norte,15,CHILE-SJ-18-X-C,E9_Costa_Norte.gpkg
3145,9,E9_Costa_Norte,15,CHILE-SJ-18-X-C,E9_Costa_Norte.gpkg
3146,9,E9_Costa_Norte,15,CHILE-SI-18-Z-D,E9_Costa_Norte.gpkg
3147,9,E9_Costa_Norte,15,CHILE-SI-18-Z-D,E9_Costa_Norte.gpkg
3148,9,E9_Costa_Norte,15,CHILE-SJ-18-X-C,E9_Costa_Norte.gpkg
3149,9,E9_Costa_Norte,15,CHILE-SJ-18-X-D,E9_Costa_Norte.gpkg
3150,9,E9_Costa_Norte,15,CHILE-SJ-18-X-D,E9_Costa_Norte.gpkg
3151,9,E9_Costa_Norte,15,CHILE-SJ-18-X-D,E9_Costa_Norte.gpkg
3152,9,E9_Costa_Norte,15,CHILE-SJ-18-X-C,E9_Costa_Norte.gpkg
3153,9,E9_Costa_Norte,15,CHILE-SJ-18-X-C,E9_Costa_Norte.gpkg
3154,9,E9_Costa_Norte,15,CHILE-SJ-18-X-C,E9_Costa_Norte.gpkg
3155,9,E9_Costa_Norte,15,CHILE-SJ-18-X-D,E9_Costa_Norte.gpkg
3156,9,E9_Costa_Norte,15,CHILE-SJ-18-X-D,E9_Costa_Norte.gpkg
3157,9,E9_Costa_Norte,15,CHILE-SJ-18-X-D,E9_Costa_Norte.gpkg
3158,9,E9_Costa_Norte,15,CHILE-SJ-18-X-D,E9_Costa_Norte.gpkg
3159,9,E9_Costa_Norte,15,CHILE-SI-18-Z-D,E9_Costa_Norte.gpkg
3160,9,E9_Costa_Norte,15,CHILE-SJ-18-X-D,E9_Costa_Norte.gpkg
3161,9,E9_Costa_Norte,15,CHILE-SI-19-Y-A,E9_Costa_Norte.gpkg
3162,9,E9_Costa_Norte,15,CHILE-SJ-18-X-D,E9_Costa_Norte.gpkg
3163,9,E9_Costa_Norte,15,CHILE-SJ-18-X-D,E9_Costa_Norte.gpkg
3164,9,E9_Costa_Norte,15,CHILE-SJ-18-X-C,E9_Costa_Norte.gpkg
3165,9,E9_Costa_Norte,18,CHILE-SI-19-Y-C,E9_Costa_Norte.gpkg
3166,9,E9_Costa_Norte,18,CHILE-SI-19-Y-A,E9_Costa_Norte.gpkg
3167,9,E9_Costa_Norte,18,CHILE-SI-19-Y-A,E9_Costa_Norte.gpkg
3168,9,E9_Costa_Norte,18,CHILE-SI-19-Y-C,E9_Costa_Norte.gpkg
3169,9,E9_Costa_Norte,18,CHILE-SI-19-Y-C,E9_Costa_Norte.gpkg
3170,9,E9_Costa_Norte,18,CHILE-SI-19-Y-A,E9_Costa_Norte.gpkg
3171,9,E9_Costa_Norte,18,CHILE-SI-19-Y-A,E9_Costa_Norte.gpkg
3172,9,E9_Costa_Norte,18,CHILE-SI-19-Y-C,E9_Costa_Norte.gpkg
3173,9,E9_Costa_Norte,18,CHILE-SJ-18-X-D,E9_Costa_Norte.gpkg
3174,9,E9_Costa_Norte,18,CHILE-SI-19-Y-A,E9_Costa_Norte.gpkg
3175,9,E9_Costa_Norte,18,CHILE-SI-19-Y-A,E9_Costa_Norte.gpkg
3176,9,E9_Costa_Norte,18,CHILE-SI-19-Y-C,E9_Costa_Norte.gpkg
3177,9,E9_Costa_Norte,18,CHILE-SI-18-Z-D,E9_Costa_Norte.gpkg
3178,9,E9_Costa_Norte,18,CHILE-SI-18-Z-D,E9_Costa_Norte.gpkg
3179,9,E9_Costa_Norte,18,CHILE-SJ-18-X-D,E9_Costa_Norte.gpkg
3180,9,E9_Costa_Norte,18,CHILE-SI-19-Y-C,E9_Costa_Norte.gpkg
3181,9,E9_Costa_Norte,18,CHILE-SJ-18-X-B,E9_Costa_Norte.gpkg
3182,9,E9_Costa_Norte,18,CHILE-SI-19-Y-A,E9_Costa_Norte.gpkg
3183,9,E9_Costa_Norte,18,CHILE-SI-19-Y-C,E9_Costa_Norte.gpkg
3184,9,E9_Costa_Norte,18,CHILE-SI-19-Y-C,E9_Costa_Norte.gpkg
3185,9,E9_Costa_Norte,18,CHILE-SI-19-Y-C,E9_Costa_Norte.gpkg
3186,9,E9_Costa_Norte,18,CHILE-SJ-18-X-D,E9_Costa_Norte.gpkg
3187,9,E9_Costa_Norte,18,CHILE-SI-18-Z-D,E9_Costa_Norte.gpkg
3188,9,E9_Costa_Norte,18,CHILE-SI-19-Y-C,E9_Costa_Norte.gpkg
3189,9,E9_Costa_Norte,18,CHILE-SI-19-Y-C,E9_Costa_Norte.gpkg
3190,9,E9_Costa_Norte,18,CHILE-SI-19-Y-A,E9_Costa_Norte.gpkg
3191,9,E9_Costa_Norte,18,CHILE-SI-18-Z-D,E9_Costa_Norte.gpkg
3192,9,E9_Costa_Norte,18,CHILE-SI-19-Y-A,E9_Costa_Norte.gpkg
3193,9,E9_Costa_Norte,18,CHILE-SI-19-Y-C,E9_Costa_Norte.gpkg
3194,9,E9_Costa_Norte,18,CHILE-SJ-18-X-B,E9_Costa_Norte.gpkg
3195,9,E9_Costa_Norte,18,CHILE-SI-19-Y-A,E9_Costa_Norte.gpkg
3196,9,E9_Costa_Norte,18,CHILE-SI-19-Y-A,E9_Costa_Norte.gpkg
3197,9,E9_Costa_Norte,18,CHILE-SI-19-Y-C,E9_Costa_Norte.gpkg
3198,9,E9_Costa_Norte,18,CHILE-SI-19-Y-A,E9_Costa_Norte.gpkg
3199,9,E9_Costa_Norte,18,CHILE-SJ-18-X-D,E9_Costa_Norte.gpkg
3200,9,E9_Costa_Norte,18,CHILE-SI-19-Y-A,E9_Costa_Norte.gpkg
3201,9,E9_Costa_Norte,18,CHILE-SJ-18-X-B,E9_Costa_Norte.gpkg
3202,9,E9_Costa_Norte,18,CHILE-SI-19-Y-A,E9_Costa_Norte.gpkg
3203,9,E9_Costa_Norte,18,CHILE-SI-18-Z-D,E9_Costa_Norte.gpkg
3204,9,E9_Costa_Norte,18,CHILE-SI-19-Y-A,E9_Costa_Norte.gpkg
3205,9,E9_Costa_Norte,18,CHILE-SI-18-Z-D,E9_Costa_Norte.gpkg
3206,9,E9_Costa_Norte,18,CHILE-SI-19-Y-A,E9_Costa_Norte.gpkg
3207,9,E9_Costa_Norte,18,CHILE-SI-19-Y-A,E9_Costa_Norte.gpkg
3208,9,E9_Costa_Norte,18,CHILE-SI-18-Z-D,E9_Costa_Norte.gpkg
3209,9,E9_Costa_Norte,18,CHILE-SI-18-Z-D,E9_Costa_Norte.gpkg
3210,9,E9_Costa_Norte,23,CHILE-SJ-18-X-C,E9_Costa_Norte.gpkg
3211,9,E9_Costa_Norte,23,CHILE-SJ-18-Z-B,E9_Costa_Norte.gpkg
3212,9,E9_Costa_Norte,23,CHILE-SJ-18-X-C,E9_Costa_Norte.gpkg
3213,9,E9_Costa_Norte,23,CHILE-SJ-18-Z-B,E9_Costa_Norte.gpkg
3214,9,E9_Costa_Norte,23,CHILE-SJ-18-Z-A,E9_Costa_Norte.gpkg
3215,9,E9_Costa_Norte,23,CHILE-SI-18-Z-D,E9_Costa_Norte.gpkg
3216,9,E9_Costa_Norte,23,CHILE-SJ-18-Z-B,E9_Costa_Norte.gpkg
3217,9,E9_Costa_Norte,23,CHILE-SJ-18-X-D,E9_Costa_Norte.gpkg
3218,9,E9_Costa_Norte,23,CHILE-SJ-18-Z-B,E9_Costa_Norte.gpkg
3219,9,E9_Costa_Norte,23,CHILE-SJ-18-X-C,E9_Costa_Norte.gpkg
3220,9,E9_Costa_Norte,23,CHILE-SJ-18-X-B,E9_Costa_Norte.gpkg
3221,9,E9_Costa_Norte,23,CHILE-SJ-18-X-C,E9_Costa_Norte.gpkg
3222,9,E9_Costa_Norte,23,CHILE-SJ-18-X-C,E9_Costa_Norte.gpkg
3223,9,E9_Costa_Norte,23,CHILE-SI-18-Z-B,E9_Costa_Norte.gpkg
3224,9,E9_Costa_Norte,23,CHILE-SJ-18-X-D,E9_Costa_Norte.gpkg
3225,9,E9_Costa_Norte,23,CHILE-SJ-18-X-C,E9_Costa_Norte.gpkg
3226,9,E9_Costa_Norte,23,CHILE-SI-18-Z-B,E9_Costa_Norte.gpkg
3227,9,E9_Costa_Norte,23,CHILE-SJ-18-Z-B,E9_Costa_Norte.gpkg
3228,9,E9_Costa_Norte,23,CHILE-SI-19-Y-A,E9_Costa_Norte.gpkg
3229,9,E9_Costa_Norte,23,CHILE-SI-18-Z-B,E9_Costa_Norte.gpkg
3230,9,E9_Costa_Norte,23,CHILE-SJ-18-X-C,E9_Costa_Norte.gpkg
3231,9,E9_Costa_Norte,23,CHILE-SJ-18-X-C,E9_Costa_Norte.gpkg
3232,9,E9_Costa_Norte,23,CHILE-SJ-18-X-C,E9_Costa_Norte.gpkg
3233,9,E9_Costa_Norte,23,CHILE-SJ-18-Z-B,E9_Costa_Norte.gpkg
3234,9,E9_Costa_Norte,23,CHILE-SJ-18-X-C,E9_Costa_Norte.gpkg
3235,9,E9_Costa_Norte,23,CHILE-SI-18-Z-B,E9_Costa_Norte.gpkg
3236,9,E9_Costa_Norte,23,CHILE-SJ-18-Z-B,E9_Costa_Norte.gpkg
3237,9,E9_Costa_Norte,23,CHILE-SI-19-Y-A,E9_Costa_Norte.gpkg
3238,9,E9_Costa_Norte,23,CHILE-SI-18-Z-B,E9_Costa_Norte.gpkg
3239,9,E9_Costa_Norte,23,CHILE-SI-18-Z-B,E9_Costa_Norte.gpkg
3240,9,E9_Costa_Norte,23,CHILE-SI-18-Z-D,E9_Costa_Norte.gpkg
3241,9,E9_Costa_Norte,23,CHILE-SI-19-Y-A,E9_Costa_Norte.gpkg
3242,9,E9_Costa_Norte,23,CHILE-SI-19-Y-A,E9_Costa_Norte.gpkg
3243,9,E9_Costa_Norte,23,CHILE-SI-19-Y-A,E9_Costa_Norte.gpkg
3244,9,E9_Costa_Norte,23,CHILE-SJ-18-X-C,E9_Costa_Norte.gpkg
3245,9,E9_Costa_Norte,23,CHILE-SJ-18-Z-B,E9_Costa_Norte.gpkg
3246,9,E9_Costa_Norte,23,CHILE-SJ-18-Z-B,E9_Costa_Norte.gpkg
3247,9,E9_Costa_Norte,23,CHILE-SJ-18-Z-B,E9_Costa_Norte.gpkg
3248,9,E9_Costa_Norte,23,CHILE-SJ-18-X-C,E9_Costa_Norte.gpkg
3249,9,E9_Costa_Norte,23,CHILE-SJ-18-Z-B,E9_Costa_Norte.gpkg
3250,9,E9_Costa_Norte,23,CHILE-SI-19-Y-A,E9_Costa_Norte.gpkg
3251,9,E9_Costa_Norte,23,CHILE-SJ-18-X-C,E9_Costa_Norte.gpkg
3252,9,E9_Costa_Norte,23,CHILE-SJ-18-X-C,E9_Costa_Norte.gpkg
3253,9,E9_Costa_Norte,23,CHILE-SJ-18-X-C,E9_Costa_Norte.gpkg
3254,9,E9_Costa_Norte,23,CHILE-SJ-18-X-C,E9_Costa_Norte.gpkg
3255,9,E9_Costa_Norte,23,CHILE-SI-18-Z-D,E9_Costa_Norte.gpkg
3256,9,E9_Costa_Norte,23,CHILE-SJ-18-X-D,E9_Costa_Norte.gpkg
3257,9,E9_Costa_Norte,23,CHILE-SJ-18-X-D,E9_Costa_Norte.gpkg
3258,9,E9_Costa_Norte,24,CHILE-SJ-18-X-B,E9_Costa_Norte.gpkg
3259,9,E9_Costa_Norte,24,CHILE-SJ-18-Z-B,E9_Costa_Norte.gpkg
3260,9,E9_Costa_Norte,24,CHILE-SI-19-Y-A,E9_Costa_Norte.gpkg
3261,9,E9_Costa_Norte,24,CHILE-SJ-18-X-B,E9_Costa_Norte.gpkg
3262,9,E9_Costa_Norte,24,CHILE-SJ-18-X-D,E9_Costa_Norte.gpkg
3263,9,E9_Costa_Norte,24,CHILE-SJ-18-X-D,E9_Costa_Norte.gpkg
3264,9,E9_Costa_Norte,24,CHILE-SJ-18-X-B,E9_Costa_Norte.gpkg
3265,9,E9_Costa_Norte,24,CHILE-SJ-18-X-D,E9_Costa_Norte.gpkg
3266,9,E9_Costa_Norte,24,CHILE-SJ-18-X-B,E9_Costa_Norte.gpkg
3267,9,E9_Costa_Norte,24,CHILE-SJ-18-X-B,E9_Costa_Norte.gpkg
3268,9,E9_Costa_Norte,24,CHILE-SJ-18-Z-D,E9_Costa_Norte.gpkg
3269,9,E9_Costa_Norte,24,CHILE-SJ-18-Z-B,E9_Costa_Norte.gpkg
3270,9,E9_Costa_Norte,24,CHILE-SJ-18-X-D,E9_Costa_Norte.gpkg
3271,9,E9_Costa_Norte,24,CHILE-SJ-18-X-D,E9_Costa_Norte.gpkg
3272,9,E9_Costa_Norte,24,CHILE-SJ-18-X-D,E9_Costa_Norte.gpkg
3273,9,E9_Costa_Norte,24,CHILE-SJ-18-X-D,E9_Costa_Norte.gpkg
3274,9,E9_Costa_Norte,24,CHILE-SJ-18-X-D,E9_Costa_Norte.gpkg
3275,9,E9_Costa_Norte,24,CHILE-SJ-18-Z-D,E9_Costa_Norte.gpkg
3276,9,E9_Costa_Norte,24,CHILE-SJ-18-Z-D,E9_Costa_Norte.gpkg
3277,9,E9_Costa_Norte,24,CHILE-SJ-18-X-B,E9_Costa_Norte.gpkg
3278,9,E9_Costa_Norte,24,CHILE-SJ-18-Z-B,E9_Costa_Norte.gpkg
3279,9,E9_Costa_Norte,24,CHILE-SJ-18-X-B,E9_Costa_Norte.gpkg
3280,9,E9_Costa_Norte,24,CHILE-SJ-18-X-B,E9_Costa_Norte.gpkg
3281,9,E9_Costa_Norte,24,CHILE-SJ-18-X-D,E9_Costa_Norte.gpkg
3282,9,E9_Costa_Norte,24,CHILE-SJ-18-X-D,E9_Costa_Norte.gpkg
3283,9,E9_Costa_Norte,24,CHILE-SJ-18-X-C,E9_Costa_Norte.gpkg
3284,9,E9_Costa_Norte,24,CHILE-SJ-18-Z-B,E9_Costa_Norte.gpkg
3285,9,E9_Costa_Norte,24,CHILE-SJ-18-Z-B,E9_Costa_Norte.gpkg
3286,9,E9_Costa_Norte,24,CHILE-SJ-18-X-B,E9_Costa_Norte.gpkg
3287,9,E9_Costa_Norte,24,CHILE-SJ-18-X-D,E9_Costa_Norte.gpkg
3288,9,E9_Costa_Norte,24,CHILE-SJ-18-X-D,E9_Costa_Norte.gpkg
3289,9,E9_Costa_Norte,24,CHILE-SJ-18-X-B,E9_Costa_Norte.gpkg
3290,9,E9_Costa_Norte,24,CHILE-SJ-18-Z-B,E9_Costa_Norte.gpkg
3291,9,E9_Costa_Norte,24,CHILE-SJ-18-X-B,E9_Costa_Norte.gpkg
3292,9,E9_Costa_Norte,24,CHILE-SJ-18-X-B,E9_Costa_Norte.gpkg
3293,9,E9_Costa_Norte,24,CHILE-SI-18-Z-B,E9_Costa_Norte.gpkg
3294,9,E9_Costa_Norte,29,CHILE-SJ-18-X-C,E9_Costa_Norte.gpkg
3295,9,E9_Costa_Norte,29,CHILE-SJ-18-X-C,E9_Costa_Norte.gpkg
3296,9,E9_Costa_Norte,29,CHILE-SI-18-Z-D,E9_Costa_Norte.gpkg
3297,9,E9_Costa_Norte,29,CHILE-SJ-18-X-C,E9_Costa_Norte.gpkg
3298,9,E9_Costa_Norte,29,CHILE-SJ-18-X-C,E9_Costa_Norte.gpkg
3299,9,E9_Costa_Norte,29,CHILE-SJ-18-X-C,E9_Costa_Norte.gpkg
3300,9,E9_Costa_Norte,29,CHILE-SJ-18-X-C,E9_Costa_Norte.gpkg
3301,9,E9_Costa_Norte,29,CHILE-SJ-18-X-C,E9_Costa_Norte.gpkg
3302,9,E9_Costa_Norte,29,CHILE-SJ-18-X-C,E9_Costa_Norte.gpkg
3303,9,E9_Costa_Norte,29,CHILE-SI-18-Z-D,E9_Costa_Norte.gpkg
3304,9,E9_Costa_Norte,29,CHILE-SI-18-Z-D,E9_Costa_Norte.gpkg
3305,9,E9_Costa_Norte,29,CHILE-SJ-18-X-C,E9_Costa_Norte.gpkg
3306,9,E9_Costa_Norte,29,CHILE-SI-18-Z-D,E9_Costa_Norte.gpkg
3307,9,E9_Costa_Norte,29,CHILE-SJ-18-X-B,E9_Costa_Norte.gpkg
3308,9,E9_Costa_Norte,29,CHILE-SI-18-Z-B,E9_Costa_Norte.gpkg
3309,9,E9_Costa_Norte,29,CHILE-SI-18-Z-D,E9_Costa_Norte.gpkg
3310,9,E9_Costa_Norte,29,CHILE-SI-18-Z-B,E9_Costa_Norte.gpkg
3311,9,E9_Costa_Norte,29,CHILE-SJ-18-X-C,E9_Costa_Norte.gpkg
3312,9,E9_Costa_Norte,29,CHILE-SJ-18-X-C,E9_Costa_Norte.gpkg
3313,9,E9_Costa_Norte,29,CHILE-SJ-18-X-C,E9_Costa_Norte.gpkg
3314,9,E9_Costa_Norte,29,CHILE-SJ-18-X-C,E9_Costa_Norte.gpkg
3315,9,E9_Costa_Norte,29,CHILE-SJ-18-X-C,E9_Costa_Norte.gpkg
3316,9,E9_Costa_Norte,29,CHILE-SI-18-Z-D,E9_Costa_Norte.gpkg
3317,9,E9_Costa_Norte,29,CHILE-SJ-18-X-C,E9_Costa_Norte.gpkg
3318,9,E9_Costa_Norte,29,CHILE-SI-18-Z-B,E9_Costa_Norte.gpkg
3319,9,E9_Costa_Norte,29,CHILE-SI-18-Z-B,E9_Costa_Norte.gpkg
3320,9,E9_Costa_Norte,29,CHILE-SJ-18-X-C,E9_Costa_Norte.gpkg
3321,9,E9_Costa_Norte,29,CHILE-SJ-18-X-B,E9_Costa_Norte.gpkg
3322,9,E9_Costa_Norte,29,CHILE-SJ-18-X-C,E9_Costa_Norte.gpkg
3323,9,E9_Costa_Norte,59,CHILE-SJ-18-Z-B,E9_Costa_Norte.gpkg
3324,9,E9_Costa_Norte,59,CHILE-SJ-18-Z-B,E9_Costa_Norte.gpkg
3325,9,E9_Costa_Norte,59,CHILE-SJ-18-X-D,E9_Costa_Norte.gpkg
3326,9,E9_Costa_Norte,59,CHILE-SJ-18-X-D,E9_Costa_Norte.gpkg
3327,9,E9_Costa_Norte,59,CHILE-SJ-18-X-B,E9_Costa_Norte.gpkg
3328,9,E9_Costa_Norte,59,CHILE-SJ-18-Z-B,E9_Costa_Norte.gpkg
3329,9,E9_Costa_Norte,59,CHILE-SJ-18-X-D,E9_Costa_Norte.gpkg
3330,9,E9_Costa_Norte,59,CHILE-SI-19-Y-A,E9_Costa_Norte.gpkg
3331,9,E9_Costa_Norte,59,CHILE-SJ-18-X-D,E9_Costa_Norte.gpkg
3332,9,E9_Costa_Norte,59,CHILE-SJ-18-Z-B,E9_Costa_Norte.gpkg
3333,9,E9_Costa_Norte,59,CHILE-SJ-18-X-D,E9_Costa_Norte.gpkg
3334,9,E9_Costa_Norte,59,CHILE-SJ-18-X-D,E9_Costa_Norte.gpkg
3335,9,E9_Costa_Norte,59,CHILE-SJ-18-X-D,E9_Costa_Norte.gpkg
3336,9,E9_Costa_Norte,59,CHILE-SJ-18-Z-B,E9_Costa_Norte.gpkg
3337,9,E9_Costa_Norte,59,CHILE-SJ-18-Z-B,E9_Costa_Norte.gpkg
3338,9,E9_Costa_Norte,59,CHILE-SJ-18-X-D,E9_Costa_Norte.gpkg
3339,9,E9_Costa_Norte,59,CHILE-SJ-18-X-D,E9_Costa_Norte.gpkg
3340,9,E9_Costa_Norte,59,CHILE-SJ-18-X-D,E9_Costa_Norte.gpkg
3341,9,E9_Costa_Norte,59,CHILE-SJ-18-X-D,E9_Costa_Norte.gpkg
3342,9,E9_Costa_Norte,59,CHILE-SJ-18-Z-B,E9_Costa_Norte.gpkg
3343,9,E9_Costa_Norte,59,CHILE-SJ-18-Z-B,E9_Costa_Norte.gpkg
3344,9,E9_Costa_Norte,59,CHILE-SJ-18-X-D,E9_Costa_Norte.gpkg
3345,9,E9_Costa_Norte,59,CHILE-SJ-18-X-D,E9_Costa_Norte.gpkg
3346,9,E9_Costa_Norte,59,CHILE-SJ-18-X-B,E9_Costa_Norte.gpkg
3347,9,E9_Costa_Norte,59,CHILE-SJ-18-Z-B,E9_Costa_Norte.gpkg
3348,9,E9_Costa_Norte,59,CHILE-SJ-18-Z-B,E9_Costa_Norte.gpkg
3349,9,E9_Costa_Norte,59,CHILE-SJ-18-Z-B,E9_Costa_Norte.gpkg
3350,9,E9_Costa_Norte,59,CHILE-SI-19-Y-A,E9_Costa_Norte.gpkg
3351,9,E9_Costa_Norte,59,CHILE-SJ-18-X-D,E9_Costa_Norte.gpkg
3352,9,E9_Costa_Norte,59,CHILE-SJ-18-X-D,E9_Costa_Norte.gpkg
3353,9,E9_Costa_Norte,59,CHILE-SJ-18-X-B,E9_Costa_Norte.gpkg
3354,9,E9_Costa_Norte,59,CHILE-SJ-18-X-D,E9_Costa_Norte.gpkg
3355,9,E9_Costa_Norte,59,CHILE-SJ-18-X-D,E9_Costa_Norte.gpkg
3356,9,E9_Costa_Norte,59,CHILE-SJ-18-Z-B,E9_Costa_Norte.gpkg
3357,9,E9_Costa_Norte,59,CHILE-SJ-18-X-D,E9_Costa_Norte.gpkg
3358,9,E9_Costa_Norte,59,CHILE-SJ-18-Z-B,E9_Costa_Norte.gpkg
3359,9,E9_Costa_Norte,59,CHILE-SJ-18-X-D,E9_Costa_Norte.gpkg
3360,9,E9_Costa_Norte,59,CHILE-SJ-18-Z-B,E9_Costa_Norte.gpkg
3361,9,E9_Costa_Norte,59,CHILE-SJ-18-X-D,E9_Costa_Norte.gpkg
3362,9,E9_Costa_Norte,59,CHILE-SJ-18-X-D,E9_Costa_Norte.gpkg
3363,9,E9_Costa_Norte,59,CHILE-SJ-18-X-D,E9_Costa_Norte.gpkg
3364,9,E9_Costa_Norte,59,CHILE-SJ-18-X-D,E9_Costa_Norte.gpkg
3365,9,E9_Costa_Norte,60,CHILE-SJ-18-Z-B,E9_Costa_Norte.gpkg
3366,9,E9_Costa_Norte,60,CHILE-SJ-18-X-B,E9_Costa_Norte.gpkg
3367,9,E9_Costa_Norte,60,CHILE-SJ-18-Z-B,E9_Costa_Norte.gpkg
3368,9,E9_Costa_Norte,60,CHILE-SJ-18-X-D,E9_Costa_Norte.gpkg
3369,9,E9_Costa_Norte,60,CHILE-SJ-18-X-D,E9_Costa_Norte.gpkg
3370,9,E9_Costa_Norte,60,CHILE-SJ-18-X-D,E9_Costa_Norte.gpkg
3371,9,E9_Costa_Norte,60,CHILE-SJ-18-X-D,E9_Costa_Norte.gpkg
3372,9,E9_Costa_Norte,60,CHILE-SJ-18-X-D,E9_Costa_Norte.gpkg
3373,9,E9_Costa_Norte,60,CHILE-SJ-18-Z-B,E9_Costa_Norte.gpkg
3374,9,E9_Costa_Norte,60,CHILE-SJ-18-X-D,E9_Costa_Norte.gpkg
3375,9,E9_Costa_Norte,60,CHILE-SI-19-Y-A,E9_Costa_Norte.gpkg
3376,9,E9_Costa_Norte,60,CHILE-SJ-18-Z-B,E9_Costa_Norte.gpkg
3377,9,E9_Costa_Norte,60,CHILE-SJ-18-X-D,E9_Costa_Norte.gpkg
3378,9,E9_Costa_Norte,60,CHILE-SJ-18-X-B,E9_Costa_Norte.gpkg
3379,9,E9_Costa_Norte,60,CHILE-SJ-18-X-D,E9_Costa_Norte.gpkg
3380,9,E9_Costa_Norte,60,CHILE-SJ-18-X-D,E9_Costa_Norte.gpkg
3381,9,E9_Costa_Norte,60,CHILE-SJ-18-X-D,E9_Costa_Norte.gpkg
3382,9,E9_Costa_Norte,60,CHILE-SJ-18-X-D,E9_Costa_Norte.gpkg
3383,9,E9_Costa_Norte,60,CHILE-SJ-18-Z-B,E9_Costa_Norte.gpkg
3384,9,E9_Costa_Norte,60,CHILE-SJ-18-X-D,E9_Costa_Norte.gpkg
3385,9,E9_Costa_Norte,60,CHILE-SJ-18-Z-B,E9_Costa_Norte.gpkg
3386,9,E9_Costa_Norte,60,CHILE-SI-18-Z-D,E9_Costa_Norte.gpkg
3387,9,E9_Costa_Norte,60,CHILE-SJ-18-Z-B,E9_Costa_Norte.gpkg
3388,9,E9_Costa_Norte,60,CHILE-SJ-18-Z-B,E9_Costa_Norte.gpkg
3389,9,E9_Costa_Norte,60,CHILE-SI-18-Z-D,E9_Costa_Norte.gpkg
3390,9,E9_Costa_Norte,60,CHILE-SJ-18-X-D,E9_Costa_Norte.gpkg
3391,9,E9_Costa_Norte,60,CHILE-SJ-18-Z-B,E9_Costa_Norte.gpkg
3392,9,E9_Costa_Norte,60,CHILE-SJ-18-X-D,E9_Costa_Norte.gpkg
3393,9,E9_Costa_Norte,60,CHILE-SJ-18-Z-B,E9_Costa_Norte.gpkg
3394,9,E9_Costa_Norte,60,CHILE-SJ-18-X-D,E9_Costa_Norte.gpkg
3395,9,E9_Costa_Norte,60,CHILE-SJ-18-Z-B,E9_Costa_Norte.gpkg
3396,9,E9_Costa_Norte,60,CHILE-SJ-18-Z-B,E9_Costa_Norte.gpkg
3397,9,E9_Costa_Norte,60,CHILE-SJ-18-X-D,E9_Costa_Norte.gpkg
3398,9,E9_Costa_Norte,60,CHILE-SJ-18-Z-B,E9_Costa_Norte.gpkg
3399,9,E9_Costa_Norte,60,CHILE-SJ-18-X-D,E9_Costa_Norte.gpkg
3400,9,E9_Costa_Norte,60,CHILE-SJ-18-Z-B,E9_Costa_Norte.gpkg
3401,9,E9_Costa_Norte,60,CHILE-SJ-18-Z-B,E9_Costa_Norte.gpkg
3402,9,E9_Costa_Norte,60,CHILE-SJ-18-X-D,E9_Costa_Norte.gpkg
3403,9,E9_Costa_Norte,60,CHILE-SJ-18-X-D,E9_Costa_Norte.gpkg
3404,9,E9_Costa_Norte,60,CHILE-SJ-18-X-B,E9_Costa_Norte.gpkg
3405,9,E9_Costa_Norte,60,CHILE-SJ-18-X-D,E9_Costa_Norte.gpkg
3406,9,E9_Costa_Norte,60,CHILE-SJ-18-X-D,E9_Costa_Norte.gpkg
3407,9,E9_Costa_Norte,60,CHILE-SJ-18-X-D,E9_Costa_Norte.gpkg
3408,9,E9_Costa_Norte,60,CHILE-SJ-18-X-D,E9_Costa_Norte.gpkg
3409,9,E9_Costa_Norte,60,CHILE-SJ-18-X-D,E9_Costa_Norte.gpkg
3410,9,E9_Costa_Norte,66,CHILE-SJ-18-X-B,E9_Costa_Norte.gpkg
3411,9,E9_Costa_Norte,66,CHILE-SJ-18-Z-B,E9_Costa_Norte.gpkg
3412,9,E9_Costa_Norte,66,CHILE-SJ-18-X-B,E9_Costa_Norte.gpkg
3413,9,E9_Costa_Norte,66,CHILE-SI-18-Z-D,E9_Costa_Norte.gpkg
3414,9,E9_Costa_Norte,66,CHILE-SJ-18-X-D,E9_Costa_Norte.gpkg
3415,9,E9_Costa_Norte,66,CHILE-SI-18-Z-D,E9_Costa_Norte.gpkg
3416,9,E9_Costa_Norte,66,CHILE-SI-19-Y-A,E9_Costa_Norte.gpkg
3417,9,E9_Costa_Norte,66,CHILE-SJ-18-X-B,E9_Costa_Norte.gpkg
3418,9,E9_Costa_Norte,66,CHILE-SJ-18-Z-B,E9_Costa_Norte.gpkg
3419,9,E9_Costa_Norte,66,CHILE-SJ-18-X-D,E9_Costa_Norte.gpkg
3420,9,E9_Costa_Norte,66,CHILE-SJ-18-X-D,E9_Costa_Norte.gpkg
3421,9,E9_Costa_Norte,66,CHILE-SJ-18-X-D,E9_Costa_Norte.gpkg
3422,9,E9_Costa_Norte,66,CHILE-SI-18-Z-D,E9_Costa_Norte.gpkg
3423,9,E9_Costa_Norte,66,CHILE-SJ-18-X-B,E9_Costa_Norte.gpkg
3424,9,E9_Costa_Norte,66,CHILE-SJ-18-X-D,E9_Costa_Norte.gpkg
3425,9,E9_Costa_Norte,66,CHILE-SJ-18-X-D,E9_Costa_Norte.gpkg
3426,9,E9_Costa_Norte,66,CHILE-SJ-18-X-D,E9_Costa_Norte.gpkg
3427,9,E9_Costa_Norte,66,CHILE-SJ-18-Z-B,E9_Costa_Norte.gpkg
3428,9,E9_Costa_Norte,66,CHILE-SI-19-Y-A,E9_Costa_Norte.gpkg
3429,9,E9_Costa_Norte,66,CHILE-SI-18-Z-D,E9_Costa_Norte.gpkg
3430,9,E9_Costa_Norte,66,CHILE-SI-18-Z-D,E9_Costa_Norte.gpkg
3431,9,E9_Costa_Norte,66,CHILE-SI-18-Z-D,E9_Costa_Norte.gpkg
3432,9,E9_Costa_Norte,66,CHILE-SJ-18-Z-B,E9_Costa_Norte.gpkg
3433,9,E9_Costa_Norte,66,CHILE-SI-18-Z-D,E9_Costa_Norte.gpkg
3434,9,E9_Costa_Norte,66,CHILE-SI-18-Z-D,E9_Costa_Norte.gpkg
3435,9,E9_Costa_Norte,67,CHILE-SJ-18-X-D,E9_Costa_Norte.gpkg
3436,9,E9_Costa_Norte,67,CHILE-SJ-18-X-D,E9_Costa_Norte.gpkg
3437,9,E9_Costa_Norte,67,CHILE-SJ-18-X-D,E9_Costa_Norte.gpkg
3438,9,E9_Costa_Norte,67,CHILE-SJ-18-X-D,E9_Costa_Norte.gpkg
3439,9,E9_Costa_Norte,67,CHILE-SJ-18-X-D,E9_Costa_Norte.gpkg
3440,9,E9_Costa_Norte,67,CHILE-SJ-18-X-D,E9_Costa_Norte.gpkg
3441,9,E9_Costa_Norte,67,CHILE-SJ-18-X-D,E9_Costa_Norte.gpkg
3442,9,E9_Costa_Norte,67,CHILE-SJ-18-X-D,E9_Costa_Norte.gpkg
3443,9,E9_Costa_Norte,67,CHILE-SJ-18-X-D,E9_Costa_Norte.gpkg
3444,9,E9_Costa_Norte,67,CHILE-SJ-18-X-D,E9_Costa_Norte.gpkg
3445,9,E9_Costa_Norte,67,CHILE-SJ-18-X-D,E9_Costa_Norte.gpkg
3446,9,E9_Costa_Norte,67,CHILE-SJ-18-X-D,E9_Costa_Norte.gpkg
3447,9,E9_Costa_Norte,67,CHILE-SJ-18-X-D,E9_Costa_Norte.gpkg
3448,9,E9_Costa_Norte,67,CHILE-SJ-18-X-D,E9_Costa_Norte.gpkg
3449,9,E9_Costa_Norte,67,CHILE-SJ-18-X-D,E9_Costa_Norte.gpkg
3450,9,E9_Costa_Norte,67,CHILE-SJ-18-X-D,E9_Costa_Norte.gpkg
3451,9,E9_Costa_Norte,67,CHILE-SJ-18-X-D,E9_Costa_Norte.gpkg
3452,9,E9_Costa_Norte,67,CHILE-SJ-18-X-D,E9_Costa_Norte.gpkg
3453,9,E9_Costa_Norte,67,CHILE-SJ-18-X-D,E9_Costa_Norte.gpkg
3454,9,E9_Costa_Norte,67,CHILE-SJ-18-X-D,E9_Costa_Norte.gpkg
3455,9,E9_Costa_Norte,67,CHILE-SJ-18-X-D,E9_Costa_Norte.gpkg
3456,9,E9_Costa_Norte,80,CHILE-SJ-18-X-D,E9_Costa_Norte.gpkg
3457,9,E9_Costa_Norte,80,CHILE-SI-18-Z-D,E9_Costa_Norte.gpkg
3458,9,E9_Costa_Norte,80,CHILE-SJ-18-X-B,E9_Costa_Norte.gpkg
3459,9,E9_Costa_Norte,80,CHILE-SJ-18-X-D,E9_Costa_Norte.gpkg
3460,9,E9_Costa_Norte,80,CHILE-SJ-18-X-D,E9_Costa_Norte.gpkg
3461,9,E9_Costa_Norte,80,CHILE-SJ-18-X-B,E9_Costa_Norte.gpkg
3462,9,E9_Costa_Norte,80,CHILE-SJ-18-X-D,E9_Costa_Norte.gpkg
3463,9,E9_Costa_Norte,80,CHILE-SJ-18-X-B,E9_Costa_Norte.gpkg
3464,9,E9_Costa_Norte,80,CHILE-SJ-18-X-B,E9_Costa_Norte.gpkg
3465,9,E9_Costa_Norte,80,CHILE-SJ-18-X-B,E9_Costa_Norte.gpkg
3466,9,E9_Costa_Norte,80,CHILE-SJ-18-X-D,E9_Costa_Norte.gpkg
3467,9,E9_Costa_Norte,80,CHILE-SJ-18-X-D,E9_Costa_Norte.gpkg
3468,9,E9_Costa_Norte,80,CHILE-SJ-18-X-B,E9_Costa_Norte.gpkg
3469,9,E9_Costa_Norte,80,CHILE-SJ-18-X-D,E9_Costa_Norte.gpkg
3470,9,E9_Costa_Norte,80,CHILE-SJ-18-X-D,E9_Costa_Norte.gpkg
3471,9,E9_Costa_Norte,80,CHILE-SJ-18-X-B,E9_Costa_Norte.gpkg
3472,9,E9_Costa_Norte,80,CHILE-SJ-18-X-B,E9_Costa_Norte.gpkg
3473,9,E9_Costa_Norte,80,CHILE-SJ-18-X-C,E9_Costa_Norte.gpkg
3474,9,E9_Costa_Norte,80,CHILE-SI-18-Z-D,E9_Costa_Norte.gpkg
3475,9,E9_Costa_Norte,80,CHILE-SI-18-Z-D,E9_Costa_Norte.gpkg
3476,9,E9_Costa_Norte,80,CHILE-SJ-18-X-D,E9_Costa_Norte.gpkg
3477,9,E9_Costa_Norte,80,CHILE-SJ-18-X-D,E9_Costa_Norte.gpkg
3478,9,E9_Costa_Norte,80,CHILE-SJ-18-X-B,E9_Costa_Norte.gpkg
3479,9,E9_Costa_Norte,80,CHILE-SJ-18-X-D,E9_Costa_Norte.gpkg
3480,9,E9_Costa_Norte,80,CHILE-SI-18-Z-B,E9_Costa_Norte.gpkg
3481,9,E9_Costa_Norte,80,CHILE-SJ-18-X-D,E9_Costa_Norte.gpkg
3482,9,E9_Costa_Norte,80,CHILE-SJ-18-X-B,E9_Costa_Norte.gpkg
3483,9,E9_Costa_Norte,80,CHILE-SJ-18-X-B,E9_Costa_Norte.gpkg
3484,9,E9_Costa_Norte,80,CHILE-SJ-18-X-D,E9_Costa_Norte.gpkg
3485,9,E9_Costa_Norte,80,CHILE-SI-18-Z-D,E9_Costa_Norte.gpkg
3486,9,E9_Costa_Norte,80,CHILE-SI-18-Z-D,E9_Costa_Norte.gpkg
3487,9,E9_Costa_Norte,80,CHILE-SJ-18-X-B,E9_Costa_Norte.gpkg
3488,9,E9_Costa_Norte,80,CHILE-SJ-18-X-B,E9_Costa_Norte.gpkg
3489,9,E9_Costa_Norte,80,CHILE-SJ-18-X-D,E9_Costa_Norte.gpkg
3490,9,E9_Costa_Norte,80,CHILE-SJ-18-X-B,E9_Costa_Norte.gpkg
3491,9,E9_Costa_Norte,80,CHILE-SJ-18-X-D,E9_Costa_Norte.gpkg
3492,9,E9_Costa_Norte,80,CHILE-SJ-18-X-D,E9_Costa_Norte.gpkg
3493,9,E9_Costa_Norte,80,CHILE-SI-18-Z-D,E9_Costa_Norte.gpkg
3494,9,E9_Costa_Norte,80,CHILE-SI-18-Z-D,E9_Costa_Norte.gpkg
3495,9,E9_Costa_Norte,80,CHILE-SJ-18-X-B,E9_Costa_Norte.gpkg
3496,9,E9_Costa_Norte,80,CHILE-SI-18-Z-D,E9_Costa_Norte.gpkg
3497,9,E9_Costa_Norte,80,CHILE-SJ-18-X-B,E9_Costa_Norte.gpkg
3498,9,E9_Costa_Norte,80,CHILE-SJ-18-X-B,E9_Costa_Norte.gpkg
3499,9,E9_Costa_Norte,80,CHILE-SI-18-Z-D,E9_Costa_Norte.gpkg
3500,9,E9_Costa_Norte,80,CHILE-SJ-18-X-B,E9_Costa_Norte.gpkg
3501,9,E9_Costa_Norte,80,CHILE-SJ-18-X-D,E9_Costa_Norte.gpkg
3502,9,E9_Costa_Norte,80,CHILE-SJ-18-X-B,E9_Costa_Norte.gpkg
3503,9,E9_Costa_Norte,80,CHILE-SJ-18-X-D,E9_Costa_Norte.gpkg
3504,9,E9_Costa_Norte,80,CHILE-SJ-18-X-D,E9_Costa_Norte.gpkg
3505,9,E9_Costa_Norte,80,CHILE-SI-18-Z-D,E9_Costa_Norte.gpkg
3506,9,E9_Costa_Norte,80,CHILE-SI-18-Z-D,E9_Costa_Norte.gpkg
3507,9,E9_Costa_Norte,80,CHILE-SJ-18-X-D,E9_Costa_Norte.gpkg
3508,9,E9_Costa_Norte,80,CHILE-SJ-18-X-D,E9_Costa_Norte.gpkg
3509,9,E9_Costa_Norte,80,CHILE-SJ-18-X-D,E9_Costa_Norte.gpkg
3510,9,E9_Costa_Norte,80,CHILE-SI-18-Z-D,E9_Costa_Norte.gpkg
3511,9,E9_Costa_Norte,80,CHILE-SJ-18-X-C,E9_Costa_Norte.gpkg
3512,9,E9_Costa_Norte,80,CHILE-SI-18-Z-D,E9_Costa_Norte.gpkg
3513,9,E9_Costa_Norte,80,CHILE-SI-18-Z-D,E9_Costa_Norte.gpkg
3514,9,E9_Costa_Norte,80,CHILE-SJ-18-X-B,E9_Costa_Norte.gpkg
3515,9,E9_Costa_Norte,80,CHILE-SI-18-Z-D,E9_Costa_Norte.gpkg
3516,9,E9_Costa_Norte,80,CHILE-SJ-18-X-D,E9_Costa_Norte.gpkg
3517,9,E9_Costa_Norte,80,CHILE-SJ-18-X-D,E9_Costa_Norte.gpkg
3518,9,E9_Costa_Norte,80,CHILE-SJ-18-X-B,E9_Costa_Norte.gpkg
3519,9,E9_Costa_Norte,80,CHILE-SI-18-Z-D,E9_Costa_Norte.gpkg
3520,9,E9_Costa_Norte,80,CHILE-SJ-18-X-B,E9_Costa_Norte.gpkg
3521,9,E9_Costa_Norte,80,CHILE-SI-18-Z-D,E9_Costa_Norte.gpkg
3522,9,E9_Costa_Norte,80,CHILE-SJ-18-X-D,E9_Costa_Norte.gpkg
3523,9,E9_Costa_Norte,80,CHILE-SJ-18-X-B,E9_Costa_Norte.gpkg
3524,9,E9_Costa_Norte,80,CHILE-SI-18-Z-D,E9_Costa_Norte.gpkg
3525,9,E9_Costa_Norte,80,CHILE-SJ-18-X-B,E9_Costa_Norte.gpkg
3526,9,E9_Costa_Norte,80,CHILE-SJ-18-X-B,E9_Costa_Norte.gpkg
3527,9,E9_Costa_Norte,80,CHILE-SI-18-Z-B,E9_Costa_Norte.gpkg
3528,9,E9_Costa_Norte,80,CHILE-SJ-18-X-D,E9_Costa_Norte.gpkg
3529,9,E9_Costa_Norte,80,CHILE-SJ-18-X-B,E9_Costa_Norte.gpkg
3530,9,E9_Costa_Norte,80,CHILE-SJ-18-X-B,E9_Costa_Norte.gpkg
3531,9,E9_Costa_Norte,80,CHILE-SJ-18-X-C,E9_Costa_Norte.gpkg
3532,9,E9_Costa_Norte,80,CHILE-SJ-18-X-D,E9_Costa_Norte.gpkg
3533,9,E9_Costa_Norte,80,CHILE-SJ-18-X-B,E9_Costa_Norte.gpkg
3534,9,E9_Costa_Norte,80,CHILE-SI-18-Z-D,E9_Costa_Norte.gpkg
3535,9,E9_Costa_Norte,80,CHILE-SI-18-Z-D,E9_Costa_Norte.gpkg
3536,9,E9_Costa_Norte,80,CHILE-SI-18-Z-D,E9_Costa_Norte.gpkg
3537,9,E9_Costa_Norte,80,CHILE-SJ-18-X-D,E9_Costa_Norte.gpkg
3538,9,E9_Costa_Norte,80,CHILE-SJ-18-X-B,E9_Costa_Norte.gpkg
3539,9,E9_Costa_Norte,80,CHILE-SJ-18-X-D,E9_Costa_Norte.gpkg
3540,9,E9_Costa_Norte,80,CHILE-SJ-18-Z-B,E9_Costa_Norte.gpkg
3541,9,E9_Costa_Norte,80,CHILE-SJ-18-X-B,E9_Costa_Norte.gpkg
3542,9,E9_Costa_Norte,80,CHILE-SJ-18-X-B,E9_Costa_Norte.gpkg
3543,9,E9_Costa_Norte,80,CHILE-SJ-18-X-D,E9_Costa_Norte.gpkg
3544,9,E9_Costa_Norte,80,CHILE-SJ-18-X-B,E9_Costa_Norte.gpkg
3545,9,E9_Costa_Norte,80,CHILE-SI-18-Z-D,E9_Costa_Norte.gpkg
3546,9,E9_Costa_Norte,80,CHILE-SJ-18-X-D,E9_Costa_Norte.gpkg
3547,9,E9_Costa_Norte,80,CHILE-SJ-18-X-B,E9_Costa_Norte.gpkg
3548,9,E9_Costa_Norte,80,CHILE-SJ-18-X-D,E9_Costa_Norte.gpkg
3549,9,E9_Costa_Norte,80,CHILE-SI-18-Z-D,E9_Costa_Norte.gpkg
3550,9,E9_Costa_Norte,80,CHILE-SJ-18-X-C,E9_Costa_Norte.gpkg
3551,9,E9_Costa_Norte,80,CHILE-SI-18-Z-D,E9_Costa_Norte.gpkg
3552,9,E9_Costa_Norte,80,CHILE-SJ-18-X-C,E9_Costa_Norte.gpkg
3553,9,E9_Costa_Norte,80,CHILE-SJ-18-X-D,E9_Costa_Norte.gpkg
3554,9,E9_Costa_Norte,80,CHILE-SJ-18-X-C,E9_Costa_Norte.gpkg
3555,9,E9_Costa_Norte,80,CHILE-SJ-18-X-D,E9_Costa_Norte.gpkg
3556,9,E9_Costa_Norte,80,CHILE-SJ-18-X-B,E9_Costa_Norte.gpkg
3557,9,E9_Costa_Norte,80,CHILE-SJ-18-X-B,E9_Costa_Norte.gpkg
3558,9,E9_Costa_Norte,80,CHILE-SJ-18-X-D,E9_Costa_Norte.gpkg
3559,9,E9_Costa_Norte,80,CHILE-SJ-18-X-D,E9_Costa_Norte.gpkg
3560,9,E9_Costa_Norte,80,CHILE-SI-18-Z-D,E9_Costa_Norte.gpkg
3561,9,E9_Costa_Norte,80,CHILE-SJ-18-X-B,E9_Costa_Norte.gpkg
3562,9,E9_Costa_Norte,80,CHILE-SJ-18-X-D,E9_Costa_Norte.gpkg
3563,9,E9_Costa_Norte,80,CHILE-SJ-18-X-D,E9_Costa_Norte.gpkg
3564,9,E9_Costa_Norte,80,CHILE-SJ-18-X-D,E9_Costa_Norte.gpkg
3565,9,E9_Costa_Norte,80,CHILE-SJ-18-X-B,E9_Costa_Norte.gpkg
3566,9,E9_Costa_Norte,80,CHILE-SJ-18-X-D,E9_Costa_Norte.gpkg
3567,9,E9_Costa_Norte,80,CHILE-SI-18-Z-D,E9_Costa_Norte.gpkg
3568,9,E9_Costa_Norte,80,CHILE-SJ-18-X-D,E9_Costa_Norte.gpkg
3569,9,E9_Costa_Norte,80,CHILE-SJ-18-X-B,E9_Costa_Norte.gpkg
3570,9,E9_Costa_Norte,80,CHILE-SI-18-Z-D,E9_Costa_Norte.gpkg
3571,9,E9_Costa_Norte,80,CHILE-SJ-18-X-D,E9_Costa_Norte.gpkg
3572,9,E9_Costa_Norte,80,CHILE-SJ-18-X-B,E9_Costa_Norte.gpkg
3573,9,E9_Costa_Norte,80,CHILE-SJ-18-X-D,E9_Costa_Norte.gpkg
3574,9,E9_Costa_Norte,80,CHILE-SJ-18-X-D,E9_Costa_Norte.gpkg
3575,9,E9_Costa_Norte,80,CHILE-SJ-18-X-D,E9_Costa_Norte.gpkg
3576,9,E9_Costa_Norte,80,CHILE-SJ-18-X-B,E9_Costa_Norte.gpkg
3577,9,E9_Costa_Norte,80,CHILE-SJ-18-X-B,E9_Costa_Norte.gpkg
3578,9,E9_Costa_Norte,80,CHILE-SJ-18-X-B,E9_Costa_Norte.gpkg
3579,9,E9_Costa_Norte,80,CHILE-SI-18-Z-D,E9_Costa_Norte.gpkg
3580,9,E9_Costa_Norte,80,CHILE-SJ-18-X-B,E9_Costa_Norte.gpkg
3581,9,E9_Costa_Norte,80,CHILE-SJ-18-X-B,E9_Costa_Norte.gpkg
3582,9,E9_Costa_Norte,80,CHILE-SJ-18-X-D,E9_Costa_Norte.gpkg
3583,9,E9_Costa_Norte,80,CHILE-SJ-18-X-B,E9_Costa_Norte.gpkg
3584,9,E9_Costa_Norte,80,CHILE-SJ-18-X-D,E9_Costa_Norte.gpkg
3585,9,E9_Costa_Norte,80,CHILE-SJ-18-X-D,E9_Costa_Norte.gpkg
3586,9,E9_Costa_Norte,80,CHILE-SJ-18-X-B,E9_Costa_Norte.gpkg
3587,9,E9_Costa_Norte,80,CHILE-SJ-18-X-C,E9_Costa_Norte.gpkg
3588,9,E9_Costa_Norte,80,CHILE-SI-18-Z-D,E9_Costa_Norte.gpkg
3589,9,E9_Costa_Norte,80,CHILE-SJ-18-X-D,E9_Costa_Norte.gpkg
3590,9,E9_Costa_Norte,80,CHILE-SJ-18-X-D,E9_Costa_Norte.gpkg
3591,9,E9_Costa_Norte,80,CHILE-SJ-18-X-D,E9_Costa_Norte.gpkg
3592,9,E9_Costa_Norte,80,CHILE-SJ-18-X-B,E9_Costa_Norte.gpkg
3593,9,E9_Costa_Norte,80,CHILE-SJ-18-X-D,E9_Costa_Norte.gpkg
3594,9,E9_Costa_Norte,80,CHILE-SJ-18-X-D,E9_Costa_Norte.gpkg
3595,9,E9_Costa_Norte,80,CHILE-SJ-18-X-D,E9_Costa_Norte.gpkg
3596,9,E9_Costa_Norte,80,CHILE-SI-18-Z-D,E9_Costa_Norte.gpkg
3597,9,E9_Costa_Norte,80,CHILE-SJ-18-X-D,E9_Costa_Norte.gpkg
3598,9,E9_Costa_Norte,80,CHILE-SJ-18-X-D,E9_Costa_Norte.gpkg
3599,9,E9_Costa_Norte,80,CHILE-SJ-18-X-B,E9_Costa_Norte.gpkg
3600,9,E9_Costa_Norte,80,CHILE-SJ-18-X-D,E9_Costa_Norte.gpkg
3601,9,E9_Costa_Norte,80,CHILE-SJ-18-X-B,E9_Costa_Norte.gpkg
3602,9,E9_Costa_Norte,80,CHILE-SJ-18-X-B,E9_Costa_Norte.gpkg
3603,9,E9_Costa_Norte,80,CHILE-SI-18-Z-D,E9_Costa_Norte.gpkg
3604,9,E9_Costa_Norte,80,CHILE-SJ-18-X-D,E9_Costa_Norte.gpkg
3605,9,E9_Costa_Norte,80,CHILE-SJ-18-X-D,E9_Costa_Norte.gpkg
3606,9,E9_Costa_Norte,80,CHILE-SJ-18-X-D,E9_Costa_Norte.gpkg
3607,9,E9_Costa_Norte,80,CHILE-SJ-18-X-B,E9_Costa_Norte.gpkg
3608,9,E9_Costa_Norte,80,CHILE-SJ-18-X-B,E9_Costa_Norte.gpkg
3609,9,E9_Costa_Norte,80,CHILE-SJ-18-X-B,E9_Costa_Norte.gpkg
3610,9,E9_Costa_Norte,80,CHILE-SJ-18-X-B,E9_Costa_Norte.gpkg
3611,9,E9_Costa_Norte,80,CHILE-SJ-18-X-D,E9_Costa_Norte.gpkg
3612,9,E9_Costa_Norte,80,CHILE-SJ-18-X-D,E9_Costa_Norte.gpkg
3613,9,E9_Costa_Norte,80,CHILE-SJ-18-X-C,E9_Costa_Norte.gpkg
3614,9,E9_Costa_Norte,80,CHILE-SJ-18-X-D,E9_Costa_Norte.gpkg
3615,9,E9_Costa_Norte,80,CHILE-SJ-18-X-B,E9_Costa_Norte.gpkg
3616,9,E9_Costa_Norte,80,CHILE-SJ-18-X-D,E9_Costa_Norte.gpkg
3617,9,E9_Costa_Norte,80,CHILE-SI-18-Z-D,E9_Costa_Norte.gpkg
3618,9,E9_Costa_Norte,80,CHILE-SJ-18-X-D,E9_Costa_Norte.gpkg
3619,9,E9_Costa_Norte,80,CHILE-SJ-18-X-D,E9_Costa_Norte.gpkg
3620,9,E9_Costa_Norte,80,CHILE-SJ-18-X-D,E9_Costa_Norte.gpkg
3621,9,E9_Costa_Norte,80,CHILE-SI-18-Z-D,E9_Costa_Norte.gpkg
3622,9,E9_Costa_Norte,80,CHILE-SJ-18-X-B,E9_Costa_Norte.gpkg
3623,9,E9_Costa_Norte,80,CHILE-SJ-18-X-B,E9_Costa_Norte.gpkg
3624,9,E9_Costa_Norte,80,CHILE-SJ-18-X-B,E9_Costa_Norte.gpkg
3625,9,E9_Costa_Norte,80,CHILE-SJ-18-X-D,E9_Costa_Norte.gpkg
3626,9,E9_Costa_Norte,80,CHILE-SJ-18-X-B,E9_Costa_Norte.gpkg
3627,9,E9_Costa_Norte,80,CHILE-SI-18-Z-D,E9_Costa_Norte.gpkg
3628,9,E9_Costa_Norte,80,CHILE-SI-18-Z-D,E9_Costa_Norte.gpkg
3629,9,E9_Costa_Norte,80,CHILE-SJ-18-Z-B,E9_Costa_Norte.gpkg
3630,9,E9_Costa_Norte,80,CHILE-SJ-18-X-B,E9_Costa_Norte.gpkg
3631,9,E9_Costa_Norte,80,CHILE-SJ-18-X-D,E9_Costa_Norte.gpkg
3632,9,E9_Costa_Norte,80,CHILE-SJ-18-X-D,E9_Costa_Norte.gpkg
3633,9,E9_Costa_Norte,80,CHILE-SJ-18-X-C,E9_Costa_Norte.gpkg
3634,9,E9_Costa_Norte,80,CHILE-SJ-18-X-D,E9_Costa_Norte.gpkg
3635,9,E9_Costa_Norte,80,CHILE-SJ-18-X-B,E9_Costa_Norte.gpkg
3636,9,E9_Costa_Norte,80,CHILE-SJ-18-X-D,E9_Costa_Norte.gpkg
3637,9,E9_Costa_Norte,80,CHILE-SJ-18-X-B,E9_Costa_Norte.gpkg
3638,9,E9_Costa_Norte,80,CHILE-SJ-18-X-B,E9_Costa_Norte.gpkg
3639,9,E9_Costa_Norte,80,CHILE-SJ-18-X-D,E9_Costa_Norte.gpkg
3640,9,E9_Costa_Norte,80,CHILE-SJ-18-X-D,E9_Costa_Norte.gpkg
3641,9,E9_Costa_Norte,80,CHILE-SJ-18-X-B,E9_Costa_Norte.gpkg
3642,9,E9_Costa_Norte,80,CHILE-SJ-18-X-D,E9_Costa_Norte.gpkg
3643,9,E9_Costa_Norte,80,CHILE-SJ-18-X-D,E9_Costa_Norte.gpkg
3644,9,E9_Costa_Norte,80,CHILE-SJ-18-X-D,E9_Costa_Norte.gpkg
3645,9,E9_Costa_Norte,80,CHILE-SJ-18-X-B,E9_Costa_Norte.gpkg
3646,9,E9_Costa_Norte,80,CHILE-SJ-18-X-B,E9_Costa_Norte.gpkg
3647,9,E9_Costa_Norte,80,CHILE-SJ-18-X-D,E9_Costa_Norte.gpkg
3648,9,E9_Costa_Norte,80,CHILE-SJ-18-X-B,E9_Costa_Norte.gpkg
3649,9,E9_Costa_Norte,80,CHILE-SI-18-Z-D,E9_Costa_Norte.gpkg
3650,9,E9_Costa_Norte,80,CHILE-SJ-18-X-D,E9_Costa_Norte.gpkg
3651,9,E9_Costa_Norte,80,CHILE-SJ-18-X-B,E9_Costa_Norte.gpkg
3652,9,E9_Costa_Norte,80,CHILE-SJ-18-X-B,E9_Costa_Norte.gpkg
3653,9,E9_Costa_Norte,80,CHILE-SJ-18-X-B,E9_Costa_Norte.gpkg
3654,9,E9_Costa_Norte,80,CHILE-SI-18-Z-D,E9_Costa_Norte.gpkg
3655,9,E9_Costa_Norte,80,CHILE-SI-18-Z-D,E9_Costa_Norte.gpkg
3656,9,E9_Costa_Norte,80,CHILE-SJ-18-X-B,E9_Costa_Norte.gpkg
3657,9,E9_Costa_Norte,80,CHILE-SJ-18-X-D,E9_Costa_Norte.gpkg
3658,9,E9_Costa_Norte,80,CHILE-SJ-18-X-B,E9_Costa_Norte.gpkg
3659,9,E9_Costa_Norte,80,CHILE-SJ-18-X-D,E9_Costa_Norte.gpkg
3660,9,E9_Costa_Norte,80,CHILE-SJ-18-X-B,E9_Costa_Norte.gpkg
3661,9,E9_Costa_Norte,80,CHILE-SJ-18-X-D,E9_Costa_Norte.gpkg
3662,9,E9_Costa_Norte,80,CHILE-SJ-18-X-D,E9_Costa_Norte.gpkg
3663,9,E9_Costa_Norte,80,CHILE-SJ-18-X-D,E9_Costa_Norte.gpkg
3664,9,E9_Costa_Norte,80,CHILE-SJ-18-X-B,E9_Costa_Norte.gpkg
3665,9,E9_Costa_Norte,80,CHILE-SJ-18-X-D,E9_Costa_Norte.gpkg
3666,9,E9_Costa_Norte,80,CHILE-SJ-18-X-B,E9_Costa_Norte.gpkg
3667,9,E9_Costa_Norte,80,CHILE-SI-18-Z-D,E9_Costa_Norte.gpkg
3668,9,E9_Costa_Norte,80,CHILE-SJ-18-X-C,E9_Costa_Norte.gpkg
3669,9,E9_Costa_Norte,80,CHILE-SJ-18-X-C,E9_Costa_Norte.gpkg
3670,9,E9_Costa_Norte,80,CHILE-SJ-18-X-D,E9_Costa_Norte.gpkg
3671,9,E9_Costa_Norte,80,CHILE-SJ-18-X-D,E9_Costa_Norte.gpkg
3672,9,E9_Costa_Norte,80,CHILE-SJ-18-X-B,E9_Costa_Norte.gpkg
3673,9,E9_Costa_Norte,80,CHILE-SI-18-Z-D,E9_Costa_Norte.gpkg
3674,9,E9_Costa_Norte,80,CHILE-SJ-18-X-D,E9_Costa_Norte.gpkg
3675,9,E9_Costa_Norte,80,CHILE-SJ-18-X-D,E9_Costa_Norte.gpkg
3676,9,E9_Costa_Norte,80,CHILE-SJ-18-X-D,E9_Costa_Norte.gpkg
3677,9,E9_Costa_Norte,80,CHILE-SJ-18-X-B,E9_Costa_Norte.gpkg
3678,9,E9_Costa_Norte,80,CHILE-SJ-18-X-D,E9_Costa_Norte.gpkg
3679,9,E9_Costa_Norte,80,CHILE-SJ-18-X-D,E9_Costa_Norte.gpkg
3680,9,E9_Costa_Norte,80,CHILE-SJ-18-X-D,E9_Costa_Norte.gpkg
3681,9,E9_Costa_Norte,80,CHILE-SJ-18-X-D,E9_Costa_Norte.gpkg
3682,9,E9_Costa_Norte,80,CHILE-SJ-18-X-D,E9_Costa_Norte.gpkg
3683,9,E9_Costa_Norte,80,CHILE-SJ-18-X-B,E9_Costa_Norte.gpkg
3684,9,E9_Costa_Norte,80,CHILE-SJ-18-X-B,E9_Costa_Norte.gpkg
3685,9,E9_Costa_Norte,80,CHILE-SJ-18-X-D,E9_Costa_Norte.gpkg
3686,9,E9_Costa_Norte,80,CHILE-SJ-18-X-B,E9_Costa_Norte.gpkg
3687,9,E9_Costa_Norte,80,CHILE-SJ-18-X-D,E9_Costa_Norte.gpkg
3688,9,E9_Costa_Norte,80,CHILE-SJ-18-X-D,E9_Costa_Norte.gpkg
3689,9,E9_Costa_Norte,80,CHILE-SJ-18-X-D,E9_Costa_Norte.gpkg
3690,9,E9_Costa_Norte,80,CHILE-SJ-18-X-D,E9_Costa_Norte.gpkg
3691,9,E9_Costa_Norte,80,CHILE-SJ-18-X-B,E9_Costa_Norte.gpkg
3692,9,E9_Costa_Norte,80,CHILE-SJ-18-X-B,E9_Costa_Norte.gpkg
3693,9,E9_Costa_Norte,80,CHILE-SJ-18-X-D,E9_Costa_Norte.gpkg
3694,9,E9_Costa_Norte,80,CHILE-SJ-18-X-B,E9_Costa_Norte.gpkg
3695,9,E9_Costa_Norte,80,CHILE-SJ-18-X-D,E9_Costa_Norte.gpkg
3696,9,E9_Costa_Norte,80,CHILE-SI-18-Z-D,E9_Costa_Norte.gpkg
3697,9,E9_Costa_Norte,80,CHILE-SI-18-Z-D,E9_Costa_Norte.gpkg
3698,9,E9_Costa_Norte,80,CHILE-SJ-18-X-D,E9_Costa_Norte.gpkg
3699,9,E9_Costa_Norte,80,CHILE-SI-18-Z-D,E9_Costa_Norte.gpkg
3700,9,E9_Costa_Norte,80,CHILE-SJ-18-X-B,E9_Costa_Norte.gpkg
3701,9,E9_Costa_Norte,80,CHILE-SJ-18-X-B,E9_Costa_Norte.gpkg
3702,9,E9_Costa_Norte,80,CHILE-SJ-18-X-B,E9_Costa_Norte.gpkg
3703,9,E9_Costa_Norte,80,CHILE-SI-18-Z-D,E9_Costa_Norte.gpkg
3704,9,E9_Costa_Norte,80,CHILE-SI-18-Z-D,E9_Costa_Norte.gpkg
3705,9,E9_Costa_Norte,80,CHILE-SJ-18-X-D,E9_Costa_Norte.gpkg
3706,9,E9_Costa_Norte,80,CHILE-SJ-18-X-D,E9_Costa_Norte.gpkg
3707,9,E9_Costa_Norte,80,CHILE-SI-18-Z-D,E9_Costa_Norte.gpkg
3708,9,E9_Costa_Norte,80,CHILE-SJ-18-X-B,E9_Costa_Norte.gpkg
3709,9,E9_Costa_Norte,80,CHILE-SJ-18-X-B,E9_Costa_Norte.gpkg
3710,9,E9_Costa_Norte,80,CHILE-SJ-18-X-D,E9_Costa_Norte.gpkg
3711,9,E9_Costa_Norte,80,CHILE-SI-18-Z-D,E9_Costa_Norte.gpkg
3712,9,E9_Costa_Norte,80,CHILE-SJ-18-X-D,E9_Costa_Norte.gpkg
3713,9,E9_Costa_Norte,80,CHILE-SJ-18-X-D,E9_Costa_Norte.gpkg
3714,9,E9_Costa_Norte,80,CHILE-SI-18-Z-D,E9_Costa_Norte.gpkg
3715,9,E9_Costa_Norte,80,CHILE-SI-18-Z-D,E9_Costa_Norte.gpkg
3716,9,E9_Costa_Norte,80,CHILE-SI-18-Z-D,E9_Costa_Norte.gpkg
3717,9,E9_Costa_Norte,80,CHILE-SJ-18-X-B,E9_Costa_Norte.gpkg
3718,9,E9_Costa_Norte,80,CHILE-SJ-18-X-D,E9_Costa_Norte.gpkg
3719,9,E9_Costa_Norte,80,CHILE-SJ-18-X-D,E9_Costa_Norte.gpkg
3720,9,E9_Costa_Norte,80,CHILE-SJ-18-X-D,E9_Costa_Norte.gpkg
3721,9,E9_Costa_Norte,80,CHILE-SJ-18-X-D,E9_Costa_Norte.gpkg
3722,9,E9_Costa_Norte,80,CHILE-SJ-18-X-B,E9_Costa_Norte.gpkg
3723,9,E9_Costa_Norte,80,CHILE-SI-18-Z-D,E9_Costa_Norte.gpkg
3724,9,E9_Costa_Norte,80,CHILE-SJ-18-X-D,E9_Costa_Norte.gpkg
3725,9,E9_Costa_Norte,80,CHILE-SJ-18-X-B,E9_Costa_Norte.gpkg
3726,9,E9_Costa_Norte,80,CHILE-SJ-18-X-B,E9_Costa_Norte.gpkg
3727,9,E9_Costa_Norte,80,CHILE-SJ-18-X-B,E9_Costa_Norte.gpkg
3728,9,E9_Costa_Norte,80,CHILE-SJ-18-X-D,E9_Costa_Norte.gpkg
3729,9,E9_Costa_Norte,80,CHILE-SJ-18-X-D,E9_Costa_Norte.gpkg
3730,9,E9_Costa_Norte,80,CHILE-SJ-18-X-D,E9_Costa_Norte.gpkg
3731,9,E9_Costa_Norte,80,CHILE-SJ-18-X-B,E9_Costa_Norte.gpkg
3732,9,E9_Costa_Norte,80,CHILE-SI-18-Z-D,E9_Costa_Norte.gpkg
3733,9,E9_Costa_Norte,80,CHILE-SJ-18-X-C,E9_Costa_Norte.gpkg
3734,9,E9_Costa_Norte,80,CHILE-SJ-18-X-B,E9_Costa_Norte.gpkg
3735,9,E9_Costa_Norte,80,CHILE-SI-18-Z-D,E9_Costa_Norte.gpkg
3736,9,E9_Costa_Norte,80,CHILE-SJ-18-X-D,E9_Costa_Norte.gpkg
3737,9,E9_Costa_Norte,80,CHILE-SJ-18-X-B,E9_Costa_Norte.gpkg
3738,9,E9_Costa_Norte,80,CHILE-SJ-18-X-D,E9_Costa_Norte.gpkg
3739,9,E9_Costa_Norte,80,CHILE-SJ-18-X-D,E9_Costa_Norte.gpkg
3740,9,E9_Costa_Norte,80,CHILE-SJ-18-X-B,E9_Costa_Norte.gpkg
3741,9,E9_Costa_Norte,80,CHILE-SJ-18-X-B,E9_Costa_Norte.gpkg
3742,9,E9_Costa_Norte,80,CHILE-SJ-18-X-D,E9_Costa_Norte.gpkg
3743,9,E9_Costa_Norte,80,CHILE-SJ-18-X-B,E9_Costa_Norte.gpkg
3744,9,E9_Costa_Norte,80,CHILE-SI-18-Z-D,E9_Costa_Norte.gpkg
3745,9,E9_Costa_Norte,80,CHILE-SJ-18-X-C,E9_Costa_Norte.gpkg
3746,9,E9_Costa_Norte,80,CHILE-SJ-18-X-D,E9_Costa_Norte.gpkg
3747,9,E9_Costa_Norte,80,CHILE-SJ-18-X-D,E9_Costa_Norte.gpkg
3748,9,E9_Costa_Norte,80,CHILE-SJ-18-X-B,E9_Costa_Norte.gpkg
3749,9,E9_Costa_Norte,80,CHILE-SJ-18-X-C,E9_Costa_Norte.gpkg
3750,9,E9_Costa_Norte,80,CHILE-SJ-18-X-D,E9_Costa_Norte.gpkg
3751,9,E9_Costa_Norte,80,CHILE-SJ-18-X-B,E9_Costa_Norte.gpkg
3752,9,E9_Costa_Norte,80,CHILE-SJ-18-X-C,E9_Costa_Norte.gpkg
3753,9,E9_Costa_Norte,80,CHILE-SI-18-Z-D,E9_Costa_Norte.gpkg
3754,9,E9_Costa_Norte,80,CHILE-SI-18-Z-D,E9_Costa_Norte.gpkg
3755,9,E9_Costa_Norte,80,CHILE-SJ-18-X-B,E9_Costa_Norte.gpkg
3756,9,E9_Costa_Norte,80,CHILE-SI-18-Z-D,E9_Costa_Norte.gpkg
3757,9,E9_Costa_Norte,80,CHILE-SI-18-Z-D,E9_Costa_Norte.gpkg
3758,9,E9_Costa_Norte,80,CHILE-SJ-18-X-B,E9_Costa_Norte.gpkg
3759,9,E9_Costa_Norte,80,CHILE-SJ-18-X-B,E9_Costa_Norte.gpkg
3760,9,E9_Costa_Norte,80,CHILE-SJ-18-X-D,E9_Costa_Norte.gpkg
3761,9,E9_Costa_Norte,80,CHILE-SJ-18-X-D,E9_Costa_Norte.gpkg
3762,9,E9_Costa_Norte,80,CHILE-SJ-18-X-B,E9_Costa_Norte.gpkg
3763,9,E9_Costa_Norte,80,CHILE-SJ-18-X-D,E9_Costa_Norte.gpkg
3764,9,E9_Costa_Norte,80,CHILE-SJ-18-X-B,E9_Costa_Norte.gpkg
3765,9,E9_Costa_Norte,80,CHILE-SJ-18-X-D,E9_Costa_Norte.gpkg
3766,9,E9_Costa_Norte,80,CHILE-SJ-18-X-B,E9_Costa_Norte.gpkg
3767,9,E9_Costa_Norte,80,CHILE-SJ-18-X-C,E9_Costa_Norte.gpkg
3768,9,E9_Costa_Norte,80,CHILE-SI-18-Z-D,E9_Costa_Norte.gpkg
3769,9,E9_Costa_Norte,80,CHILE-SJ-18-X-B,E9_Costa_Norte.gpkg
3770,9,E9_Costa_Norte,80,CHILE-SI-18-Z-B,E9_Costa_Norte.gpkg
3771,9,E9_Costa_Norte,80,CHILE-SJ-18-X-B,E9_Costa_Norte.gpkg
3772,9,E9_Costa_Norte,80,CHILE-SJ-18-X-B,E9_Costa_Norte.gpkg
3773,9,E9_Costa_Norte,80,CHILE-SJ-18-X-B,E9_Costa_Norte.gpkg
3774,9,E9_Costa_Norte,80,CHILE-SI-18-Z-D,E9_Costa_Norte.gpkg
3775,9,E9_Costa_Norte,80,CHILE-SJ-18-X-D,E9_Costa_Norte.gpkg
3776,9,E9_Costa_Norte,80,CHILE-SJ-18-X-C,E9_Costa_Norte.gpkg
3777,9,E9_Costa_Norte,80,CHILE-SJ-18-X-B,E9_Costa_Norte.gpkg
3778,9,E9_Costa_Norte,80,CHILE-SJ-18-X-B,E9_Costa_Norte.gpkg
3779,9,E9_Costa_Norte,80,CHILE-SI-18-Z-D,E9_Costa_Norte.gpkg
3780,9,E9_Costa_Norte,80,CHILE-SJ-18-X-D,E9_Costa_Norte.gpkg
3781,9,E9_Costa_Norte,80,CHILE-SJ-18-X-D,E9_Costa_Norte.gpkg
3782,9,E9_Costa_Norte,80,CHILE-SJ-18-X-D,E9_Costa_Norte.gpkg
3783,9,E9_Costa_Norte,80,CHILE-SI-18-Z-D,E9_Costa_Norte.gpkg
3784,9,E9_Costa_Norte,80,CHILE-SJ-18-X-D,E9_Costa_Norte.gpkg
3785,9,E9_Costa_Norte,80,CHILE-SJ-18-X-D,E9_Costa_Norte.gpkg
3786,9,E9_Costa_Norte,80,CHILE-SJ-18-X-D,E9_Costa_Norte.gpkg
3787,9,E9_Costa_Norte,80,CHILE-SJ-18-X-D,E9_Costa_Norte.gpkg
3788,9,E9_Costa_Norte,80,CHILE-SJ-18-X-B,E9_Costa_Norte.gpkg
3789,9,E9_Costa_Norte,80,CHILE-SJ-18-X-B,E9_Costa_Norte.gpkg
3790,9,E9_Costa_Norte,80,CHILE-SJ-18-X-B,E9_Costa_Norte.gpkg
3791,9,E9_Costa_Norte,80,CHILE-SJ-18-X-B,E9_Costa_Norte.gpkg
3792,9,E9_Costa_Norte,80,CHILE-SJ-18-X-B,E9_Costa_Norte.gpkg
3793,9,E9_Costa_Norte,80,CHILE-SJ-18-X-B,E9_Costa_Norte.gpkg
3794,9,E9_Costa_Norte,80,CHILE-SJ-18-X-B,E9_Costa_Norte.gpkg
3795,9,E9_Costa_Norte,80,CHILE-SJ-18-X-C,E9_Costa_Norte.gpkg
3796,9,E9_Costa_Norte,80,CHILE-SI-18-Z-D,E9_Costa_Norte.gpkg
3797,9,E9_Costa_Norte,80,CHILE-SJ-18-X-B,E9_Costa_Norte.gpkg
3798,9,E9_Costa_Norte,80,CHILE-SI-18-Z-D,E9_Costa_Norte.gpkg
3799,9,E9_Costa_Norte,80,CHILE-SJ-18-X-D,E9_Costa_Norte.gpkg
3800,9,E9_Costa_Norte,80,CHILE-SJ-18-X-C,E9_Costa_Norte.gpkg
3801,9,E9_Costa_Norte,80,CHILE-SI-18-Z-D,E9_Costa_Norte.gpkg
3802,9,E9_Costa_Norte,80,CHILE-SJ-18-X-B,E9_Costa_Norte.gpkg
3803,9,E9_Costa_Norte,80,CHILE-SJ-18-X-B,E9_Costa_Norte.gpkg
3804,9,E9_Costa_Norte,80,CHILE-SJ-18-X-D,E9_Costa_Norte.gpkg
3805,9,E9_Costa_Norte,80,CHILE-SJ-18-X-D,E9_Costa_Norte.gpkg
3806,9,E9_Costa_Norte,80,CHILE-SJ-18-X-B,E9_Costa_Norte.gpkg
3807,9,E9_Costa_Norte,80,CHILE-SJ-18-X-B,E9_Costa_Norte.gpkg
3808,9,E9_Costa_Norte,80,CHILE-SJ-18-X-C,E9_Costa_Norte.gpkg
3809,9,E9_Costa_Norte,80,CHILE-SJ-18-X-D,E9_Costa_Norte.gpkg
3810,9,E9_Costa_Norte,80,CHILE-SJ-18-X-D,E9_Costa_Norte.gpkg
3811,9,E9_Costa_Norte,80,CHILE-SJ-18-X-B,E9_Costa_Norte.gpkg
3812,9,E9_Costa_Norte,80,CHILE-SJ-18-X-B,E9_Costa_Norte.gpkg
3813,9,E9_Costa_Norte,80,CHILE-SJ-18-X-B,E9_Costa_Norte.gpkg
3814,9,E9_Costa_Norte,80,CHILE-SJ-18-X-B,E9_Costa_Norte.gpkg
3815,9,E9_Costa_Norte,80,CHILE-SJ-18-X-D,E9_Costa_Norte.gpkg
3816,9,E9_Costa_Norte,80,CHILE-SJ-18-X-B,E9_Costa_Norte.gpkg
3817,9,E9_Costa_Norte,80,CHILE-SJ-18-X-B,E9_Costa_Norte.gpkg
3818,9,E9_Costa_Norte,80,CHILE-SJ-18-X-D,E9_Costa_Norte.gpkg
3819,9,E9_Costa_Norte,80,CHILE-SJ-18-X-B,E9_Costa_Norte.gpkg
3820,9,E9_Costa_Norte,80,CHILE-SI-18-Z-D,E9_Costa_Norte.gpkg
3821,9,E9_Costa_Norte,80,CHILE-SJ-18-X-C,E9_Costa_Norte.gpkg
3822,9,E9_Costa_Norte,80,CHILE-SJ-18-X-B,E9_Costa_Norte.gpkg
3823,9,E9_Costa_Norte,80,CHILE-SI-18-Z-D,E9_Costa_Norte.gpkg
3824,9,E9_Costa_Norte,80,CHILE-SJ-18-X-B,E9_Costa_Norte.gpkg
3825,9,E9_Costa_Norte,80,CHILE-SJ-18-X-B,E9_Costa_Norte.gpkg
3826,9,E9_Costa_Norte,80,CHILE-SJ-18-X-B,E9_Costa_Norte.gpkg
3827,9,E9_Costa_Norte,80,CHILE-SJ-18-X-D,E9_Costa_Norte.gpkg
3828,9,E9_Costa_Norte,80,CHILE-SJ-18-X-D,E9_Costa_Norte.gpkg
3829,9,E9_Costa_Norte,80,CHILE-SJ-18-X-D,E9_Costa_Norte.gpkg
3830,9,E9_Costa_Norte,80,CHILE-SI-18-Z-D,E9_Costa_Norte.gpkg
3831,9,E9_Costa_Norte,80,CHILE-SJ-18-X-B,E9_Costa_Norte.gpkg
3832,9,E9_Costa_Norte,80,CHILE-SJ-18-X-D,E9_Costa_Norte.gpkg
3833,9,E9_Costa_Norte,80,CHILE-SI-18-Z-D,E9_Costa_Norte.gpkg
3834,9,E9_Costa_Norte,80,CHILE-SJ-18-X-D,E9_Costa_Norte.gpkg
3835,9,E9_Costa_Norte,80,CHILE-SI-18-Z-D,E9_Costa_Norte.gpkg
3836,9,E9_Costa_Norte,80,CHILE-SJ-18-X-D,E9_Costa_Norte.gpkg
3837,9,E9_Costa_Norte,80,CHILE-SJ-18-X-B,E9_Costa_Norte.gpkg
3838,9,E9_Costa_Norte,80,CHILE-SJ-18-X-D,E9_Costa_Norte.gpkg
3839,9,E9_Costa_Norte,80,CHILE-SJ-18-X-D,E9_Costa_Norte.gpkg
3840,9,E9_Costa_Norte,80,CHILE-SJ-18-X-D,E9_Costa_Norte.gpkg
3841,9,E9_Costa_Norte,80,CHILE-SJ-18-X-D,E9_Costa_Norte.gpkg
3842,9,E9_Costa_Norte,80,CHILE-SI-18-Z-D,E9_Costa_Norte.gpkg
3843,9,E9_Costa_Norte,80,CHILE-SJ-18-X-D,E9_Costa_Norte.gpkg
3844,9,E9_Costa_Norte,80,CHILE-SJ-18-X-B,E9_Costa_Norte.gpkg
3845,9,E9_Costa_Norte,80,CHILE-SJ-18-X-B,E9_Costa_Norte.gpkg
3846,9,E9_Costa_Norte,80,CHILE-SI-18-Z-D,E9_Costa_Norte.gpkg
3847,9,E9_Costa_Norte,80,CHILE-SJ-18-X-D,E9_Costa_Norte.gpkg
3848,9,E9_Costa_Norte,80,CHILE-SJ-18-X-D,E9_Costa_Norte.gpkg
3849,9,E9_Costa_Norte,80,CHILE-SJ-18-X-D,E9_Costa_Norte.gpkg
3850,9,E9_Costa_Norte,80,CHILE-SI-18-Z-D,E9_Costa_Norte.gpkg
3851,9,E9_Costa_Norte,80,CHILE-SJ-18-X-B,E9_Costa_Norte.gpkg
3852,9,E9_Costa_Norte,80,CHILE-SJ-18-X-D,E9_Costa_Norte.gpkg
3853,9,E9_Costa_Norte,80,CHILE-SJ-18-X-C,E9_Costa_Norte.gpkg
3854,9,E9_Costa_Norte,80,CHILE-SJ-18-X-B,E9_Costa_Norte.gpkg
3855,9,E9_Costa_Norte,80,CHILE-SJ-18-X-D,E9_Costa_Norte.gpkg
3856,9,E9_Costa_Norte,80,CHILE-SJ-18-X-C,E9_Costa_Norte.gpkg
3857,9,E9_Costa_Norte,80,CHILE-SI-18-Z-D,E9_Costa_Norte.gpkg
3858,9,E9_Costa_Norte,80,CHILE-SI-18-Z-D,E9_Costa_Norte.gpkg
3859,9,E9_Costa_Norte,80,CHILE-SJ-18-X-D,E9_Costa_Norte.gpkg
3860,9,E9_Costa_Norte,80,CHILE-SI-18-Z-D,E9_Costa_Norte.gpkg
3861,9,E9_Costa_Norte,80,CHILE-SJ-18-X-C,E9_Costa_Norte.gpkg
3862,9,E9_Costa_Norte,80,CHILE-SJ-18-X-B,E9_Costa_Norte.gpkg
3863,9,E9_Costa_Norte,80,CHILE-SJ-18-X-B,E9_Costa_Norte.gpkg
3864,9,E9_Costa_Norte,80,CHILE-SI-18-Z-D,E9_Costa_Norte.gpkg
3865,9,E9_Costa_Norte,80,CHILE-SI-18-Z-D,E9_Costa_Norte.gpkg
3866,9,E9_Costa_Norte,80,CHILE-SI-18-Z-D,E9_Costa_Norte.gpkg
3867,9,E9_Costa_Norte,80,CHILE-SJ-18-X-B,E9_Costa_Norte.gpkg
3868,9,E9_Costa_Norte,80,CHILE-SJ-18-X-B,E9_Costa_Norte.gpkg
3869,9,E9_Costa_Norte,80,CHILE-SJ-18-X-C,E9_Costa_Norte.gpkg
3870,9,E9_Costa_Norte,80,CHILE-SJ-18-X-D,E9_Costa_Norte.gpkg
3871,9,E9_Costa_Norte,80,CHILE-SJ-18-X-D,E9_Costa_Norte.gpkg
3872,9,E9_Costa_Norte,80,CHILE-SJ-18-X-B,E9_Costa_Norte.gpkg
3873,9,E9_Costa_Norte,80,CHILE-SJ-18-X-D,E9_Costa_Norte.gpkg
3874,9,E9_Costa_Norte,80,CHILE-SJ-18-X-D,E9_Costa_Norte.gpkg
3875,9,E9_Costa_Norte,80,CHILE-SJ-18-X-B,E9_Costa_Norte.gpkg
3876,9,E9_Costa_Norte,80,CHILE-SJ-18-X-D,E9_Costa_Norte.gpkg
3877,9,E9_Costa_Norte,80,CHILE-SJ-18-X-B,E9_Costa_Norte.gpkg
3878,9,E9_Costa_Norte,80,CHILE-SJ-18-X-B,E9_Costa_Norte.gpkg
3879,9,E9_Costa_Norte,80,CHILE-SJ-18-X-B,E9_Costa_Norte.gpkg
3880,9,E9_Costa_Norte,80,CHILE-SJ-18-X-D,E9_Costa_Norte.gpkg
3881,9,E9_Costa_Norte,80,CHILE-SJ-18-X-C,E9_Costa_Norte.gpkg
3882,9,E9_Costa_Norte,80,CHILE-SJ-18-X-D,E9_Costa_Norte.gpkg
3883,9,E9_Costa_Norte,80,CHILE-SJ-18-X-D,E9_Costa_Norte.gpkg
3884,9,E9_Costa_Norte,80,CHILE-SJ-18-X-D,E9_Costa_Norte.gpkg
3885,9,E9_Costa_Norte,80,CHILE-SJ-18-X-D,E9_Costa_Norte.gpkg
3886,9,E9_Costa_Norte,80,CHILE-SJ-18-X-B,E9_Costa_Norte.gpkg
3887,9,E9_Costa_Norte,80,CHILE-SJ-18-X-D,E9_Costa_Norte.gpkg
3888,9,E9_Costa_Norte,80,CHILE-SJ-18-X-D,E9_Costa_Norte.gpkg
3889,9,E9_Costa_Norte,80,CHILE-SJ-18-X-D,E9_Costa_Norte.gpkg
3890,9,E9_Costa_Norte,80,CHILE-SJ-18-X-B,E9_Costa_Norte.gpkg
3891,9,E9_Costa_Norte,80,CHILE-SI-18-Z-B,E9_Costa_Norte.gpkg
3892,9,E9_Costa_Norte,80,CHILE-SI-18-Z-D,E9_Costa_Norte.gpkg
3893,9,E9_Costa_Norte,80,CHILE-SI-18-Z-D,E9_Costa_Norte.gpkg
3894,9,E9_Costa_Norte,80,CHILE-SJ-18-X-D,E9_Costa_Norte.gpkg
3895,9,E9_Costa_Norte,80,CHILE-SJ-18-X-C,E9_Costa_Norte.gpkg
3896,9,E9_Costa_Norte,80,CHILE-SI-18-Z-D,E9_Costa_Norte.gpkg
3897,9,E9_Costa_Norte,80,CHILE-SJ-18-X-B,E9_Costa_Norte.gpkg
3898,9,E9_Costa_Norte,80,CHILE-SJ-18-X-B,E9_Costa_Norte.gpkg
3899,9,E9_Costa_Norte,80,CHILE-SJ-18-X-B,E9_Costa_Norte.gpkg
3900,9,E9_Costa_Norte,80,CHILE-SJ-18-X-D,E9_Costa_Norte.gpkg
3901,9,E9_Costa_Norte,80,CHILE-SI-18-Z-D,E9_Costa_Norte.gpkg
3902,9,E9_Costa_Norte,80,CHILE-SI-18-Z-D,E9_Costa_Norte.gpkg
3903,9,E9_Costa_Norte,80,CHILE-SJ-18-X-D,E9_Costa_Norte.gpkg
3904,9,E9_Costa_Norte,80,CHILE-SJ-18-X-D,E9_Costa_Norte.gpkg
3905,9,E9_Costa_Norte,80,CHILE-SI-18-Z-D,E9_Costa_Norte.gpkg
3906,9,E9_Costa_Norte,80,CHILE-SJ-18-X-B,E9_Costa_Norte.gpkg
3907,9,E9_Costa_Norte,80,CHILE-SJ-18-X-D,E9_Costa_Norte.gpkg
3908,9,E9_Costa_Norte,80,CHILE-SJ-18-X-D,E9_Costa_Norte.gpkg
3909,9,E9_Costa_Norte,80,CHILE-SJ-18-X-B,E9_Costa_Norte.gpkg
3910,9,E9_Costa_Norte,80,CHILE-SJ-18-X-D,E9_Costa_Norte.gpkg
3911,9,E9_Costa_Norte,80,CHILE-SJ-18-X-D,E9_Costa_Norte.gpkg
3912,9,E9_Costa_Norte,80,CHILE-SJ-18-X-B,E9_Costa_Norte.gpkg
3913,9,E9_Costa_Norte,80,CHILE-SJ-18-X-B,E9_Costa_Norte.gpkg
3914,9,E9_Costa_Norte,80,CHILE-SI-18-Z-D,E9_Costa_Norte.gpkg
3915,9,E9_Costa_Norte,80,CHILE-SJ-18-X-D,E9_Costa_Norte.gpkg
3916,9,E9_Costa_Norte,80,CHILE-SJ-18-X-D,E9_Costa_Norte.gpkg
3917,9,E9_Costa_Norte,80,CHILE-SJ-18-X-D,E9_Costa_Norte.gpkg
3918,9,E9_Costa_Norte,80,CHILE-SJ-18-X-B,E9_Costa_Norte.gpkg
3919,9,E9_Costa_Norte,80,CHILE-SI-18-Z-D,E9_Costa_Norte.gpkg
3920,9,E9_Costa_Norte,80,CHILE-SJ-18-X-D,E9_Costa_Norte.gpkg
3921,9,E9_Costa_Norte,80,CHILE-SJ-18-X-B,E9_Costa_Norte.gpkg
3922,9,E9_Costa_Norte,80,CHILE-SI-18-Z-D,E9_Costa_Norte.gpkg
3923,9,E9_Costa_Norte,80,CHILE-SJ-18-X-C,E9_Costa_Norte.gpkg
3924,9,E9_Costa_Norte,80,CHILE-SJ-18-X-D,E9_Costa_Norte.gpkg
3925,9,E9_Costa_Norte,80,CHILE-SJ-18-X-B,E9_Costa_Norte.gpkg
3926,9,E9_Costa_Norte,80,CHILE-SJ-18-X-B,E9_Costa_Norte.gpkg
3927,9,E9_Costa_Norte,80,CHILE-SJ-18-X-D,E9_Costa_Norte.gpkg
3928,9,E9_Costa_Norte,80,CHILE-SJ-18-X-B,E9_Costa_Norte.gpkg
3929,9,E9_Costa_Norte,80,CHILE-SJ-18-X-B,E9_Costa_Norte.gpkg
3930,9,E9_Costa_Norte,80,CHILE-SJ-18-X-B,E9_Costa_Norte.gpkg
3931,9,E9_Costa_Norte,80,CHILE-SJ-18-X-D,E9_Costa_Norte.gpkg
3932,9,E9_Costa_Norte,80,CHILE-SI-18-Z-D,E9_Costa_Norte.gpkg
3933,9,E9_Costa_Norte,80,CHILE-SI-18-Z-D,E9_Costa_Norte.gpkg
3934,9,E9_Costa_Norte,80,CHILE-SJ-18-X-B,E9_Costa_Norte.gpkg
3935,9,E9_Costa_Norte,80,CHILE-SJ-18-X-D,E9_Costa_Norte.gpkg
3936,9,E9_Costa_Norte,80,CHILE-SJ-18-Z-B,E9_Costa_Norte.gpkg
3937,9,E9_Costa_Norte,80,CHILE-SI-18-Z-D,E9_Costa_Norte.gpkg
3938,9,E9_Costa_Norte,80,CHILE-SJ-18-X-D,E9_Costa_Norte.gpkg
3939,9,E9_Costa_Norte,80,CHILE-SJ-18-X-D,E9_Costa_Norte.gpkg
3940,9,E9_Costa_Norte,80,CHILE-SI-18-Z-B,E9_Costa_Norte.gpkg
3941,9,E9_Costa_Norte,80,CHILE-SJ-18-X-D,E9_Costa_Norte.gpkg
3942,9,E9_Costa_Norte,80,CHILE-SJ-18-X-B,E9_Costa_Norte.gpkg
3943,9,E9_Costa_Norte,80,CHILE-SJ-18-X-D,E9_Costa_Norte.gpkg
3944,9,E9_Costa_Norte,80,CHILE-SJ-18-X-D,E9_Costa_Norte.gpkg
3945,9,E9_Costa_Norte,80,CHILE-SJ-18-X-B,E9_Costa_Norte.gpkg
3946,9,E9_Costa_Norte,80,CHILE-SJ-18-X-D,E9_Costa_Norte.gpkg
3947,9,E9_Costa_Norte,80,CHILE-SJ-18-X-D,E9_Costa_Norte.gpkg
3948,9,E9_Costa_Norte,80,CHILE-SJ-18-X-C,E9_Costa_Norte.gpkg
3949,9,E9_Costa_Norte,80,CHILE-SJ-18-X-B,E9_Costa_Norte.gpkg
3950,9,E9_Costa_Norte,80,CHILE-SI-18-Z-D,E9_Costa_Norte.gpkg
3951,9,E9_Costa_Norte,80,CHILE-SJ-18-X-B,E9_Costa_Norte.gpkg
3952,9,E9_Costa_Norte,80,CHILE-SJ-18-X-D,E9_Costa_Norte.gpkg
3953,9,E9_Costa_Norte,80,CHILE-SJ-18-X-B,E9_Costa_Norte.gpkg
3954,9,E9_Costa_Norte,80,CHILE-SJ-18-X-B,E9_Costa_Norte.gpkg
3955,9,E9_Costa_Norte,80,CHILE-SJ-18-X-D,E9_Costa_Norte.gpkg
3956,9,E9_Costa_Norte,80,CHILE-SJ-18-X-D,E9_Costa_Norte.gpkg
3957,9,E9_Costa_Norte,80,CHILE-SJ-18-X-C,E9_Costa_Norte.gpkg
3958,9,E9_Costa_Norte,80,CHILE-SJ-18-X-B,E9_Costa_Norte.gpkg
3959,9,E9_Costa_Norte,80,CHILE-SJ-18-X-D,E9_Costa_Norte.gpkg
3960,9,E9_Costa_Norte,80,CHILE-SJ-18-X-B,E9_Costa_Norte.gpkg
3961,9,E9_Costa_Norte,80,CHILE-SJ-18-X-D,E9_Costa_Norte.gpkg
3962,9,E9_Costa_Norte,80,CHILE-SJ-18-X-B,E9_Costa_Norte.gpkg
3963,9,E9_Costa_Norte,80,CHILE-SJ-18-X-B,E9_Costa_Norte.gpkg
3964,9,E9_Costa_Norte,80,CHILE-SJ-18-X-D,E9_Costa_Norte.gpkg
3965,9,E9_Costa_Norte,80,CHILE-SJ-18-X-D,E9_Costa_Norte.gpkg
3966,9,E9_Costa_Norte,80,CHILE-SJ-18-X-B,E9_Costa_Norte.gpkg
3967,9,E9_Costa_Norte,80,CHILE-SJ-18-X-D,E9_Costa_Norte.gpkg
3968,9,E9_Costa_Norte,80,CHILE-SJ-18-X-B,E9_Costa_Norte.gpkg
3969,9,E9_Costa_Norte,80,CHILE-SJ-18-X-B,E9_Costa_Norte.gpkg
3970,9,E9_Costa_Norte,80,CHILE-SI-18-Z-D,E9_Costa_Norte.gpkg
3971,9,E9_Costa_Norte,80,CHILE-SI-18-Z-D,E9_Costa_Norte.gpkg
3972,9,E9_Costa_Norte,80,CHILE-SJ-18-X-B,E9_Costa_Norte.gpkg
3973,9,E9_Costa_Norte,80,CHILE-SJ-18-X-B,E9_Costa_Norte.gpkg
3974,9,E9_Costa_Norte,80,CHILE-SI-18-Z-D,E9_Costa_Norte.gpkg
3975,9,E9_Costa_Norte,80,CHILE-SI-18-Z-D,E9_Costa_Norte.gpkg
3976,9,E9_Costa_Norte,80,CHILE-SJ-18-X-B,E9_Costa_Norte.gpkg
3977,9,E9_Costa_Norte,80,CHILE-SI-18-Z-D,E9_Costa_Norte.gpkg
3978,9,E9_Costa_Norte,80,CHILE-SJ-18-X-B,E9_Costa_Norte.gpkg
3979,9,E9_Costa_Norte,80,CHILE-SJ-18-X-B,E9_Costa_Norte.gpkg
3980,9,E9_Costa_Norte,80,CHILE-SJ-18-X-D,E9_Costa_Norte.gpkg
3981,9,E9_Costa_Norte,80,CHILE-SJ-18-X-B,E9_Costa_Norte.gpkg
3982,9,E9_Costa_Norte,80,CHILE-SJ-18-X-B,E9_Costa_Norte.gpkg
3983,9,E9_Costa_Norte,80,CHILE-SJ-18-X-B,E9_Costa_Norte.gpkg
3984,9,E9_Costa_Norte,80,CHILE-SJ-18-X-D,E9_Costa_Norte.gpkg
3985,9,E9_Costa_Norte,80,CHILE-SJ-18-X-B,E9_Costa_Norte.gpkg
3986,9,E9_Costa_Norte,80,CHILE-SJ-18-X-B,E9_Costa_Norte.gpkg
3987,9,E9_Costa_Norte,80,CHILE-SI-18-Z-D,E9_Costa_Norte.gpkg
3988,9,E9_Costa_Norte,80,CHILE-SJ-18-X-D,E9_Costa_Norte.gpkg
3989,9,E9_Costa_Norte,80,CHILE-SJ-18-X-D,E9_Costa_Norte.gpkg
3990,9,E9_Costa_Norte,80,CHILE-SJ-18-X-B,E9_Costa_Norte.gpkg
3991,9,E9_Costa_Norte,80,CHILE-SJ-18-X-C,E9_Costa_Norte.gpkg
3992,9,E9_Costa_Norte,80,CHILE-SJ-18-X-B,E9_Costa_Norte.gpkg
3993,9,E9_Costa_Norte,80,CHILE-SJ-18-X-B,E9_Costa_Norte.gpkg
3994,9,E9_Costa_Norte,80,CHILE-SJ-18-X-D,E9_Costa_Norte.gpkg
3995,9,E9_Costa_Norte,80,CHILE-SJ-18-X-D,E9_Costa_Norte.gpkg
3996,9,E9_Costa_Norte,80,CHILE-SJ-18-X-D,E9_Costa_Norte.gpkg
3997,9,E9_Costa_Norte,80,CHILE-SJ-18-X-C,E9_Costa_Norte.gpkg
3998,9,E9_Costa_Norte,80,CHILE-SJ-18-X-B,E9_Costa_Norte.gpkg
3999,9,E9_Costa_Norte,80,CHILE-SJ-18-X-B,E9_Costa_Norte.gpkg
4000,9,E9_Costa_Norte,80,CHILE-SJ-18-X-B,E9_Costa_Norte.gpkg
4001,9,E9_Costa_Norte,80,CHILE-SJ-18-X-B,E9_Costa_Norte.gpkg
4002,9,E9_Costa_Norte,80,CHILE-SJ-18-X-D,E9_Costa_Norte.gpkg
4003,9,E9_Costa_Norte,80,CHILE-SJ-18-X-D,E9_Costa_Norte.gpkg
4004,9,E9_Costa_Norte,80,CHILE-SI-18-Z-D,E9_Costa_Norte.gpkg
4005,9,E9_Costa_Norte,80,CHILE-SJ-18-X-B,E9_Costa_Norte.gpkg
4006,9,E9_Costa_Norte,80,CHILE-SJ-18-X-D,E9_Costa_Norte.gpkg
4007,9,E9_Costa_Norte,80,CHILE-SJ-18-X-B,E9_Costa_Norte.gpkg
4008,9,E9_Costa_Norte,80,CHILE-SJ-18-X-B,E9_Costa_Norte.gpkg
4009,9,E9_Costa_Norte,80,CHILE-SJ-18-X-B,E9_Costa_Norte.gpkg
4010,9,E9_Costa_Norte,80,CHILE-SI-18-Z-D,E9_Costa_Norte.gpkg
4011,9,E9_Costa_Norte,80,CHILE-SJ-18-X-B,E9_Costa_Norte.gpkg
4012,9,E9_Costa_Norte,80,CHILE-SJ-18-X-B,E9_Costa_Norte.gpkg
4013,9,E9_Costa_Norte,80,CHILE-SJ-18-X-B,E9_Costa_Norte.gpkg
4014,9,E9_Costa_Norte,80,CHILE-SJ-18-X-D,E9_Costa_Norte.gpkg
4015,9,E9_Costa_Norte,80,CHILE-SJ-18-X-B,E9_Costa_Norte.gpkg
4016,9,E9_Costa_Norte,80,CHILE-SJ-18-X-D,E9_Costa_Norte.gpkg
4017,9,E9_Costa_Norte,80,CHILE-SJ-18-X-B,E9_Costa_Norte.gpkg
4018,9,E9_Costa_Norte,80,CHILE-SJ-18-X-D,E9_Costa_Norte.gpkg
4019,9,E9_Costa_Norte,80,CHILE-SJ-18-X-B,E9_Costa_Norte.gpkg
4020,9,E9_Costa_Norte,80,CHILE-SJ-18-X-B,E9_Costa_Norte.gpkg
4021,9,E9_Costa_Norte,80,CHILE-SJ-18-X-B,E9_Costa_Norte.gpkg
4022,9,E9_Costa_Norte,80,CHILE-SJ-18-X-D,E9_Costa_Norte.gpkg
4023,9,E9_Costa_Norte,80,CHILE-SJ-18-X-D,E9_Costa_Norte.gpkg
4024,9,E9_Costa_Norte,80,CHILE-SJ-18-X-B,E9_Costa_Norte.gpkg
4025,9,E9_Costa_Norte,80,CHILE-SI-18-Z-D,E9_Costa_Norte.gpkg
4026,9,E9_Costa_Norte,80,CHILE-SJ-18-X-D,E9_Costa_Norte.gpkg
4027,9,E9_Costa_Norte,80,CHILE-SJ-18-X-D,E9_Costa_Norte.gpkg
4028,9,E9_Costa_Norte,80,CHILE-SJ-18-X-D,E9_Costa_Norte.gpkg
4029,9,E9_Costa_Norte,80,CHILE-SJ-18-X-D,E9_Costa_Norte.gpkg
4030,9,E9_Costa_Norte,80,CHILE-SJ-18-X-B,E9_Costa_Norte.gpkg
4031,9,E9_Costa_Norte,80,CHILE-SJ-18-X-B,E9_Costa_Norte.gpkg
4032,9,E9_Costa_Norte,80,CHILE-SJ-18-X-D,E9_Costa_Norte.gpkg
4033,9,E9_Costa_Norte,80,CHILE-SJ-18-X-B,E9_Costa_Norte.gpkg
4034,9,E9_Costa_Norte,80,CHILE-SI-18-Z-D,E9_Costa_Norte.gpkg
4035,9,E9_Costa_Norte,80,CHILE-SJ-18-X-B,E9_Costa_Norte.gpkg
4036,9,E9_Costa_Norte,80,CHILE-SJ-18-X-B,E9_Costa_Norte.gpkg
4037,9,E9_Costa_Norte,80,CHILE-SJ-18-X-B,E9_Costa_Norte.gpkg
4038,9,E9_Costa_Norte,80,CHILE-SJ-18-X-C,E9_Costa_Norte.gpkg
4039,9,E9_Costa_Norte,80,CHILE-SJ-18-X-B,E9_Costa_Norte.gpkg
4040,9,E9_Costa_Norte,80,CHILE-SJ-18-X-D,E9_Costa_Norte.gpkg
4041,9,E9_Costa_Norte,80,CHILE-SJ-18-X-B,E9_Costa_Norte.gpkg
4042,9,E9_Costa_Norte,80,CHILE-SJ-18-X-D,E9_Costa_Norte.gpkg
4043,9,E9_Costa_Norte,80,CHILE-SJ-18-X-B,E9_Costa_Norte.gpkg
4044,9,E9_Costa_Norte,80,CHILE-SJ-18-X-D,E9_Costa_Norte.gpkg
4045,9,E9_Costa_Norte,80,CHILE-SI-18-Z-D,E9_Costa_Norte.gpkg
4046,9,E9_Costa_Norte,80,CHILE-SJ-18-X-D,E9_Costa_Norte.gpkg
4047,9,E9_Costa_Norte,80,CHILE-SJ-18-X-B,E9_Costa_Norte.gpkg
4048,9,E9_Costa_Norte,80,CHILE-SI-18-Z-D,E9_Costa_Norte.gpkg
4049,9,E9_Costa_Norte,80,CHILE-SI-18-Z-D,E9_Costa_Norte.gpkg
4050,9,E9_Costa_Norte,80,CHILE-SJ-18-X-D,E9_Costa_Norte.gpkg
4051,9,E9_Costa_Norte,80,CHILE-SJ-18-X-D,E9_Costa_Norte.gpkg
4052,9,E9_Costa_Norte,80,CHILE-SJ-18-X-B,E9_Costa_Norte.gpkg
4053,9,E9_Costa_Norte,80,CHILE-SI-18-Z-D,E9_Costa_Norte.gpkg
4054,9,E9_Costa_Norte,80,CHILE-SJ-18-X-B,E9_Costa_Norte.gpkg
4055,9,E9_Costa_Norte,80,CHILE-SJ-18-X-B,E9_Costa_Norte.gpkg
4056,9,E9_Costa_Norte,80,CHILE-SJ-18-X-D,E9_Costa_Norte.gpkg
4057,9,E9_Costa_Norte,80,CHILE-SJ-18-X-B,E9_Costa_Norte.gpkg
4058,9,E9_Costa_Norte,80,CHILE-SJ-18-X-D,E9_Costa_Norte.gpkg
4059,9,E9_Costa_Norte,80,CHILE-SJ-18-X-B,E9_Costa_Norte.gpkg
4060,9,E9_Costa_Norte,80,CHILE-SJ-18-X-B,E9_Costa_Norte.gpkg
4061,9,E9_Costa_Norte,80,CHILE-SJ-18-X-B,E9_Costa_Norte.gpkg
4062,9,E9_Costa_Norte,80,CHILE-SJ-18-X-D,E9_Costa_Norte.gpkg
4063,9,E9_Costa_Norte,80,CHILE-SJ-18-X-B,E9_Costa_Norte.gpkg
4064,9,E9_Costa_Norte,80,CHILE-SJ-18-X-D,E9_Costa_Norte.gpkg
4065,9,E9_Costa_Norte,80,CHILE-SI-18-Z-D,E9_Costa_Norte.gpkg
4066,9,E9_Costa_Norte,80,CHILE-SI-18-Z-D,E9_Costa_Norte.gpkg
4067,9,E9_Costa_Norte,80,CHILE-SJ-18-X-B,E9_Costa_Norte.gpkg
4068,9,E9_Costa_Norte,80,CHILE-SJ-18-X-B,E9_Costa_Norte.gpkg
4069,9,E9_Costa_Norte,80,CHILE-SJ-18-X-B,E9_Costa_Norte.gpkg
4070,9,E9_Costa_Norte,80,CHILE-SJ-18-X-D,E9_Costa_Norte.gpkg
4071,9,E9_Costa_Norte,80,CHILE-SJ-18-X-B,E9_Costa_Norte.gpkg
4072,9,E9_Costa_Norte,80,CHILE-SJ-18-X-D,E9_Costa_Norte.gpkg
4073,9,E9_Costa_Norte,80,CHILE-SJ-18-X-B,E9_Costa_Norte.gpkg
4074,9,E9_Costa_Norte,80,CHILE-SJ-18-X-D,E9_Costa_Norte.gpkg
4075,9,E9_Costa_Norte,80,CHILE-SI-18-Z-D,E9_Costa_Norte.gpkg
4076,9,E9_Costa_Norte,80,CHILE-SJ-18-X-D,E9_Costa_Norte.gpkg
4077,9,E9_Costa_Norte,80,CHILE-SJ-18-X-C,E9_Costa_Norte.gpkg
4078,9,E9_Costa_Norte,80,CHILE-SJ-18-X-D,E9_Costa_Norte.gpkg
4079,9,E9_Costa_Norte,80,CHILE-SJ-18-X-D,E9_Costa_Norte.gpkg
4080,9,E9_Costa_Norte,80,CHILE-SJ-18-X-D,E9_Costa_Norte.gpkg
4081,9,E9_Costa_Norte,80,CHILE-SJ-18-X-D,E9_Costa_Norte.gpkg
4082,9,E9_Costa_Norte,80,CHILE-SJ-18-X-B,E9_Costa_Norte.gpkg
4083,9,E9_Costa_Norte,80,CHILE-SI-18-Z-D,E9_Costa_Norte.gpkg
4084,9,E9_Costa_Norte,80,CHILE-SI-18-Z-D,E9_Costa_Norte.gpkg
4085,9,E9_Costa_Norte,80,CHILE-SJ-18-X-B,E9_Costa_Norte.gpkg
4086,9,E9_Costa_Norte,80,CHILE-SJ-18-X-D,E9_Costa_Norte.gpkg
4087,9,E9_Costa_Norte,80,CHILE-SJ-18-X-D,E9_Costa_Norte.gpkg
4088,9,E9_Costa_Norte,80,CHILE-SI-18-Z-D,E9_Costa_Norte.gpkg
4089,9,E9_Costa_Norte,80,CHILE-SJ-18-X-D,E9_Costa_Norte.gpkg
4090,9,E9_Costa_Norte,80,CHILE-SJ-18-X-D,E9_Costa_Norte.gpkg
4091,9,E9_Costa_Norte,80,CHILE-SJ-18-X-D,E9_Costa_Norte.gpkg
4092,9,E9_Costa_Norte,80,CHILE-SJ-18-X-D,E9_Costa_Norte.gpkg
4093,9,E9_Costa_Norte,80,CHILE-SJ-18-X-D,E9_Costa_Norte.gpkg
4094,9,E9_Costa_Norte,80,CHILE-SJ-18-X-D,E9_Costa_Norte.gpkg
4095,9,E9_Costa_Norte,80,CHILE-SJ-18-X-D,E9_Costa_Norte.gpkg
4096,9,E9_Costa_Norte,80,CHILE-SI-18-Z-D,E9_Costa_Norte.gpkg
4097,9,E9_Costa_Norte,80,CHILE-SJ-18-X-D,E9_Costa_Norte.gpkg
4098,9,E9_Costa_Norte,80,CHILE-SJ-18-X-D,E9_Costa_Norte.gpkg
4099,9,E9_Costa_Norte,80,CHILE-SJ-18-X-C,E9_Costa_Norte.gpkg
4100,9,E9_Costa_Norte,80,CHILE-SJ-18-X-D,E9_Costa_Norte.gpkg
4101,9,E9_Costa_Norte,80,CHILE-SJ-18-X-B,E9_Costa_Norte.gpkg
4102,9,E9_Costa_Norte,80,CHILE-SJ-18-X-D,E9_Costa_Norte.gpkg
4103,9,E9_Costa_Norte,80,CHILE-SJ-18-X-D,E9_Costa_Norte.gpkg
4104,9,E9_Costa_Norte,80,CHILE-SJ-18-X-B,E9_Costa_Norte.gpkg
4105,9,E9_Costa_Norte,80,CHILE-SJ-18-X-D,E9_Costa_Norte.gpkg
4106,9,E9_Costa_Norte,80,CHILE-SJ-18-X-C,E9_Costa_Norte.gpkg
4107,9,E9_Costa_Norte,80,CHILE-SI-18-Z-D,E9_Costa_Norte.gpkg
4108,9,E9_Costa_Norte,80,CHILE-SJ-18-X-D,E9_Costa_Norte.gpkg
4109,9,E9_Costa_Norte,80,CHILE-SJ-18-X-B,E9_Costa_Norte.gpkg
4110,9,E9_Costa_Norte,80,CHILE-SJ-18-X-D,E9_Costa_Norte.gpkg
4111,9,E9_Costa_Norte,80,CHILE-SJ-18-X-D,E9_Costa_Norte.gpkg
4112,9,E9_Costa_Norte,80,CHILE-SJ-18-X-B,E9_Costa_Norte.gpkg
4113,9,E9_Costa_Norte,80,CHILE-SI-18-Z-D,E9_Costa_Norte.gpkg
4114,9,E9_Costa_Norte,80,CHILE-SJ-18-X-B,E9_Costa_Norte.gpkg
4115,9,E9_Costa_Norte,80,CHILE-SJ-18-X-D,E9_Costa_Norte.gpkg
4116,9,E9_Costa_Norte,80,CHILE-SI-18-Z-D,E9_Costa_Norte.gpkg
4117,9,E9_Costa_Norte,80,CHILE-SJ-18-X-D,E9_Costa_Norte.gpkg
4118,9,E9_Costa_Norte,80,CHILE-SJ-18-X-D,E9_Costa_Norte.gpkg
4119,9,E9_Costa_Norte,80,CHILE-SJ-18-X-B,E9_Costa_Norte.gpkg
4120,9,E9_Costa_Norte,80,CHILE-SI-18-Z-D,E9_Costa_Norte.gpkg
4121,9,E9_Costa_Norte,80,CHILE-SI-18-Z-D,E9_Costa_Norte.gpkg
4122,9,E9_Costa_Norte,80,CHILE-SI-18-Z-D,E9_Costa_Norte.gpkg
4123,9,E9_Costa_Norte,80,CHILE-SJ-18-X-D,E9_Costa_Norte.gpkg
4124,9,E9_Costa_Norte,80,CHILE-SJ-18-X-B,E9_Costa_Norte.gpkg
4125,9,E9_Costa_Norte,80,CHILE-SI-18-Z-D,E9_Costa_Norte.gpkg
4126,9,E9_Costa_Norte,80,CHILE-SJ-18-X-B,E9_Costa_Norte.gpkg
4127,9,E9_Costa_Norte,80,CHILE-SJ-18-X-B,E9_Costa_Norte.gpkg
4128,9,E9_Costa_Norte,80,CHILE-SI-18-Z-D,E9_Costa_Norte.gpkg
4129,9,E9_Costa_Norte,80,CHILE-SI-18-Z-D,E9_Costa_Norte.gpkg
4130,9,E9_Costa_Norte,80,CHILE-SI-18-Z-D,E9_Costa_Norte.gpkg
4131,9,E9_Costa_Norte,80,CHILE-SI-18-Z-B,E9_Costa_Norte.gpkg
4132,9,E9_Costa_Norte,80,CHILE-SJ-18-X-B,E9_Costa_Norte.gpkg
4133,9,E9_Costa_Norte,80,CHILE-SI-18-Z-D,E9_Costa_Norte.gpkg
4134,9,E9_Costa_Norte,80,CHILE-SI-18-Z-D,E9_Costa_Norte.gpkg
4135,9,E9_Costa_Norte,80,CHILE-SJ-18-X-B,E9_Costa_Norte.gpkg
4136,9,E9_Costa_Norte,80,CHILE-SJ-18-X-D,E9_Costa_Norte.gpkg
4137,9,E9_Costa_Norte,80,CHILE-SJ-18-X-D,E9_Costa_Norte.gpkg
4138,9,E9_Costa_Norte,80,CHILE-SJ-18-X-D,E9_Costa_Norte.gpkg
4139,10,E10_Andes_Sur,11,CHILE-SK-18-Z-D,E10_Andes_Sur.gpkg
4140,10,E10_Andes_Sur,11,CHILE-SK-18-Z-D,E10_Andes_Sur.gpkg
4141,10,E10_Andes_Sur,11,CHILE-SK-18-Z-B,E10_Andes_Sur.gpkg
4142,10,E10_Andes_Sur,11,CHILE-SK-18-Z-D,E10_Andes_Sur.gpkg
4143,10,E10_Andes_Sur,11,CHILE-SK-18-X-D,E10_Andes_Sur.gpkg
4144,10,E10_Andes_Sur,11,CHILE-SK-18-Z-D,E10_Andes_Sur.gpkg
4145,10,E10_Andes_Sur,11,CHILE-SK-19-V-A,E10_Andes_Sur.gpkg
4146,10,E10_Andes_Sur,11,CHILE-SK-18-Z-B,E10_Andes_Sur.gpkg
4147,10,E10_Andes_Sur,11,CHILE-SK-18-X-D,E10_Andes_Sur.gpkg
4148,10,E10_Andes_Sur,11,CHILE-SK-19-V-A,E10_Andes_Sur.gpkg
4149,10,E10_Andes_Sur,11,CHILE-SK-18-X-D,E10_Andes_Sur.gpkg
4150,10,E10_Andes_Sur,11,CHILE-SK-18-Z-D,E10_Andes_Sur.gpkg
4151,10,E10_Andes_Sur,11,CHILE-SL-18-X-D,E10_Andes_Sur.gpkg
4152,10,E10_Andes_Sur,11,CHILE-SK-18-Z-D,E10_Andes_Sur.gpkg
4153,10,E10_Andes_Sur,11,CHILE-SK-18-Z-D,E10_Andes_Sur.gpkg
4154,10,E10_Andes_Sur,11,CHILE-SK-18-X-D,E10_Andes_Sur.gpkg
4155,10,E10_Andes_Sur,11,CHILE-SL-18-X-B,E10_Andes_Sur.gpkg
4156,10,E10_Andes_Sur,11,CHILE-SK-18-Z-B,E10_Andes_Sur.gpkg
4157,10,E10_Andes_Sur,11,CHILE-SL-18-X-B,E10_Andes_Sur.gpkg
4158,10,E10_Andes_Sur,11,CHILE-SL-18-X-D,E10_Andes_Sur.gpkg
4159,10,E10_Andes_Sur,11,CHILE-SK-18-X-D,E10_Andes_Sur.gpkg
4160,10,E10_Andes_Sur,11,CHILE-SK-19-V-C,E10_Andes_Sur.gpkg
4161,10,E10_Andes_Sur,11,CHILE-SK-18-Z-D,E10_Andes_Sur.gpkg
4162,10,E10_Andes_Sur,11,CHILE-SL-18-X-B,E10_Andes_Sur.gpkg
4163,10,E10_Andes_Sur,11,CHILE-SK-18-Z-D,E10_Andes_Sur.gpkg
4164,10,E10_Andes_Sur,11,CHILE-SK-18-Z-B,E10_Andes_Sur.gpkg
4165,10,E10_Andes_Sur,11,CHILE-SK-18-Z-D,E10_Andes_Sur.gpkg
4166,10,E10_Andes_Sur,11,CHILE-SK-18-Z-D,E10_Andes_Sur.gpkg
4167,10,E10_Andes_Sur,11,CHILE-SL-18-X-B,E10_Andes_Sur.gpkg
4168,10,E10_Andes_Sur,11,CHILE-SK-18-Z-D,E10_Andes_Sur.gpkg
4169,10,E10_Andes_Sur,11,CHILE-SK-18-Z-B,E10_Andes_Sur.gpkg
4170,10,E10_Andes_Sur,11,CHILE-SL-18-X-B,E10_Andes_Sur.gpkg
4171,10,E10_Andes_Sur,11,CHILE-SK-19-V-A,E10_Andes_Sur.gpkg
4172,10,E10_Andes_Sur,11,CHILE-SK-18-Z-B,E10_Andes_Sur.gpkg
4173,10,E10_Andes_Sur,11,CHILE-SK-18-Z-D,E10_Andes_Sur.gpkg
4174,10,E10_Andes_Sur,11,CHILE-SL-18-X-B,E10_Andes_Sur.gpkg
4175,10,E10_Andes_Sur,11,CHILE-SK-19-V-A,E10_Andes_Sur.gpkg
4176,10,E10_Andes_Sur,11,CHILE-SK-19-V-A,E10_Andes_Sur.gpkg
4177,10,E10_Andes_Sur,11,CHILE-SK-18-Z-D,E10_Andes_Sur.gpkg
4178,10,E10_Andes_Sur,11,CHILE-SK-18-Z-B,E10_Andes_Sur.gpkg
4179,10,E10_Andes_Sur,11,CHILE-SK-19-V-A,E10_Andes_Sur.gpkg
4180,10,E10_Andes_Sur,11,CHILE-SK-18-Z-D,E10_Andes_Sur.gpkg
4181,10,E10_Andes_Sur,11,CHILE-SK-18-X-D,E10_Andes_Sur.gpkg
4182,10,E10_Andes_Sur,11,CHILE-SK-18-X-D,E10_Andes_Sur.gpkg
4183,10,E10_Andes_Sur,11,CHILE-SK-18-Z-B,E10_Andes_Sur.gpkg
4184,10,E10_Andes_Sur,11,CHILE-SK-18-X-D,E10_Andes_Sur.gpkg
4185,10,E10_Andes_Sur,11,CHILE-SK-18-Z-D,E10_Andes_Sur.gpkg
4186,10,E10_Andes_Sur,11,CHILE-SK-18-Z-D,E10_Andes_Sur.gpkg
4187,10,E10_Andes_Sur,11,CHILE-SK-18-Z-D,E10_Andes_Sur.gpkg
4188,10,E10_Andes_Sur,11,CHILE-SL-18-X-B,E10_Andes_Sur.gpkg
4189,10,E10_Andes_Sur,11,CHILE-SK-18-Z-D,E10_Andes_Sur.gpkg
4190,10,E10_Andes_Sur,11,CHILE-SK-18-X-D,E10_Andes_Sur.gpkg
4191,10,E10_Andes_Sur,11,CHILE-SK-18-Z-B,E10_Andes_Sur.gpkg
4192,10,E10_Andes_Sur,11,CHILE-SK-18-X-D,E10_Andes_Sur.gpkg
4193,10,E10_Andes_Sur,11,CHILE-SK-18-Z-D,E10_Andes_Sur.gpkg
4194,10,E10_Andes_Sur,11,CHILE-SK-18-X-D,E10_Andes_Sur.gpkg
4195,10,E10_Andes_Sur,11,CHILE-SK-18-Z-B,E10_Andes_Sur.gpkg
4196,10,E10_Andes_Sur,11,CHILE-SK-18-Z-D,E10_Andes_Sur.gpkg
4197,10,E10_Andes_Sur,11,CHILE-SK-18-Z-D,E10_Andes_Sur.gpkg
4198,10,E10_Andes_Sur,11,CHILE-SK-18-Z-D,E10_Andes_Sur.gpkg
4199,10,E10_Andes_Sur,11,CHILE-SK-18-X-D,E10_Andes_Sur.gpkg
4200,10,E10_Andes_Sur,11,CHILE-SL-18-X-B,E10_Andes_Sur.gpkg
4201,10,E10_Andes_Sur,11,CHILE-SL-18-X-B,E10_Andes_Sur.gpkg
4202,10,E10_Andes_Sur,11,CHILE-SK-18-X-D,E10_Andes_Sur.gpkg
4203,10,E10_Andes_Sur,11,CHILE-SK-18-Z-D,E10_Andes_Sur.gpkg
4204,10,E10_Andes_Sur,11,CHILE-SK-18-X-D,E10_Andes_Sur.gpkg
4205,10,E10_Andes_Sur,11,CHILE-SK-18-Z-D,E10_Andes_Sur.gpkg
4206,10,E10_Andes_Sur,12,CHILE-SK-18-X-B,E10_Andes_Sur.gpkg
4207,10,E10_Andes_Sur,12,CHILE-SK-18-X-B,E10_Andes_Sur.gpkg
4208,10,E10_Andes_Sur,12,CHILE-SJ-19-Y-C,E10_Andes_Sur.gpkg
4209,10,E10_Andes_Sur,12,CHILE-SJ-18-Z-D,E10_Andes_Sur.gpkg
4210,10,E10_Andes_Sur,12,CHILE-SJ-19-Y-A,E10_Andes_Sur.gpkg
4211,10,E10_Andes_Sur,12,CHILE-SK-18-X-B,E10_Andes_Sur.gpkg
4212,10,E10_Andes_Sur,12,CHILE-SJ-19-Y-A,E10_Andes_Sur.gpkg
4213,10,E10_Andes_Sur,12,CHILE-SJ-19-Y-A,E10_Andes_Sur.gpkg
4214,10,E10_Andes_Sur,12,CHILE-SK-18-X-B,E10_Andes_Sur.gpkg
4215,10,E10_Andes_Sur,12,CHILE-SJ-19-Y-C,E10_Andes_Sur.gpkg
4216,10,E10_Andes_Sur,12,CHILE-SJ-19-Y-C,E10_Andes_Sur.gpkg
4217,10,E10_Andes_Sur,12,CHILE-SJ-19-Y-A,E10_Andes_Sur.gpkg
4218,10,E10_Andes_Sur,12,CHILE-SJ-19-Y-C,E10_Andes_Sur.gpkg
4219,10,E10_Andes_Sur,12,CHILE-SK-18-Z-D,E10_Andes_Sur.gpkg
4220,10,E10_Andes_Sur,12,CHILE-SJ-19-Y-A,E10_Andes_Sur.gpkg
4221,10,E10_Andes_Sur,12,CHILE-SJ-19-Y-C,E10_Andes_Sur.gpkg
4222,10,E10_Andes_Sur,12,CHILE-SJ-19-Y-C,E10_Andes_Sur.gpkg
4223,10,E10_Andes_Sur,12,CHILE-SJ-19-Y-A,E10_Andes_Sur.gpkg
4224,10,E10_Andes_Sur,12,CHILE-SJ-19-Y-A,E10_Andes_Sur.gpkg
4225,10,E10_Andes_Sur,12,CHILE-SJ-19-Y-C,E10_Andes_Sur.gpkg
4226,10,E10_Andes_Sur,12,CHILE-SK-18-X-B,E10_Andes_Sur.gpkg
4227,10,E10_Andes_Sur,12,CHILE-SJ-18-Z-D,E10_Andes_Sur.gpkg
4228,10,E10_Andes_Sur,15,CHILE-SJ-19-Y-C,E10_Andes_Sur.gpkg
4229,10,E10_Andes_Sur,15,CHILE-SJ-19-Y-A,E10_Andes_Sur.gpkg
4230,10,E10_Andes_Sur,15,CHILE-SJ-19-Y-C,E10_Andes_Sur.gpkg
4231,10,E10_Andes_Sur,15,CHILE-SJ-19-Y-C,E10_Andes_Sur.gpkg
4232,10,E10_Andes_Sur,15,CHILE-SJ-18-Z-D,E10_Andes_Sur.gpkg
4233,10,E10_Andes_Sur,15,CHILE-SK-18-X-B,E10_Andes_Sur.gpkg
4234,10,E10_Andes_Sur,15,CHILE-SK-18-X-B,E10_Andes_Sur.gpkg
4235,10,E10_Andes_Sur,15,CHILE-SJ-19-Y-A,E10_Andes_Sur.gpkg
4236,10,E10_Andes_Sur,15,CHILE-SJ-18-Z-D,E10_Andes_Sur.gpkg
4237,10,E10_Andes_Sur,15,CHILE-SK-18-X-B,E10_Andes_Sur.gpkg
4238,10,E10_Andes_Sur,15,CHILE-SK-18-X-B,E10_Andes_Sur.gpkg
4239,10,E10_Andes_Sur,15,CHILE-SK-18-X-B,E10_Andes_Sur.gpkg
4240,10,E10_Andes_Sur,15,CHILE-SJ-19-Y-C,E10_Andes_Sur.gpkg
4241,10,E10_Andes_Sur,15,CHILE-SJ-18-Z-D,E10_Andes_Sur.gpkg
4242,10,E10_Andes_Sur,15,CHILE-SK-18-X-B,E10_Andes_Sur.gpkg
4243,10,E10_Andes_Sur,15,CHILE-SK-18-X-B,E10_Andes_Sur.gpkg
4244,10,E10_Andes_Sur,15,CHILE-SK-18-X-B,E10_Andes_Sur.gpkg
4245,10,E10_Andes_Sur,15,CHILE-SJ-19-Y-C,E10_Andes_Sur.gpkg
4246,10,E10_Andes_Sur,15,CHILE-SJ-18-Z-D,E10_Andes_Sur.gpkg
4247,10,E10_Andes_Sur,15,CHILE-SJ-18-Z-D,E10_Andes_Sur.gpkg
4248,10,E10_Andes_Sur,15,CHILE-SK-18-X-B,E10_Andes_Sur.gpkg
4249,10,E10_Andes_Sur,15,CHILE-SK-18-X-B,E10_Andes_Sur.gpkg
4250,10,E10_Andes_Sur,15,CHILE-SK-18-X-B,E10_Andes_Sur.gpkg
4251,10,E10_Andes_Sur,15,CHILE-SK-18-X-B,E10_Andes_Sur.gpkg
4252,10,E10_Andes_Sur,15,CHILE-SK-18-X-B,E10_Andes_Sur.gpkg
4253,10,E10_Andes_Sur,15,CHILE-SK-18-X-B,E10_Andes_Sur.gpkg
4254,10,E10_Andes_Sur,15,CHILE-SJ-19-Y-C,E10_Andes_Sur.gpkg
4255,10,E10_Andes_Sur,15,CHILE-SK-18-X-B,E10_Andes_Sur.gpkg
4256,10,E10_Andes_Sur,23,CHILE-SK-18-Z-B,E10_Andes_Sur.gpkg
4257,10,E10_Andes_Sur,23,CHILE-SK-18-Z-B,E10_Andes_Sur.gpkg
4258,10,E10_Andes_Sur,23,CHILE-SL-18-Z-B,E10_Andes_Sur.gpkg
4259,10,E10_Andes_Sur,23,CHILE-SL-18-X-D,E10_Andes_Sur.gpkg
4260,10,E10_Andes_Sur,23,CHILE-SL-18-Z-B,E10_Andes_Sur.gpkg
4261,10,E10_Andes_Sur,23,CHILE-SL-18-Z-B,E10_Andes_Sur.gpkg
4262,10,E10_Andes_Sur,23,CHILE-SK-18-Z-D,E10_Andes_Sur.gpkg
4263,10,E10_Andes_Sur,23,CHILE-SL-18-X-D,E10_Andes_Sur.gpkg
4264,10,E10_Andes_Sur,23,CHILE-SK-18-Z-D,E10_Andes_Sur.gpkg
4265,10,E10_Andes_Sur,23,CHILE-SK-18-Z-D,E10_Andes_Sur.gpkg
4266,10,E10_Andes_Sur,23,CHILE-SK-18-Z-D,E10_Andes_Sur.gpkg
4267,10,E10_Andes_Sur,23,CHILE-SK-18-Z-D,E10_Andes_Sur.gpkg
4268,10,E10_Andes_Sur,23,CHILE-SL-18-X-D,E10_Andes_Sur.gpkg
4269,10,E10_Andes_Sur,23,CHILE-SL-18-Z-B,E10_Andes_Sur.gpkg
4270,10,E10_Andes_Sur,23,CHILE-SL-18-Z-B,E10_Andes_Sur.gpkg
4271,10,E10_Andes_Sur,23,CHILE-SK-18-Z-D,E10_Andes_Sur.gpkg
4272,10,E10_Andes_Sur,23,CHILE-SL-18-X-D,E10_Andes_Sur.gpkg
4273,10,E10_Andes_Sur,23,CHILE-SL-18-Z-B,E10_Andes_Sur.gpkg
4274,10,E10_Andes_Sur,23,CHILE-SK-18-Z-D,E10_Andes_Sur.gpkg
4275,10,E10_Andes_Sur,23,CHILE-SL-18-Z-B,E10_Andes_Sur.gpkg
4276,10,E10_Andes_Sur,23,CHILE-SK-18-X-D,E10_Andes_Sur.gpkg
4277,10,E10_Andes_Sur,23,CHILE-SK-18-X-D,E10_Andes_Sur.gpkg
4278,10,E10_Andes_Sur,23,CHILE-SL-18-Z-B,E10_Andes_Sur.gpkg
4279,10,E10_Andes_Sur,23,CHILE-SK-18-Z-D,E10_Andes_Sur.gpkg
4280,10,E10_Andes_Sur,23,CHILE-SK-18-Z-D,E10_Andes_Sur.gpkg
4281,10,E10_Andes_Sur,23,CHILE-SK-18-Z-D,E10_Andes_Sur.gpkg
4282,10,E10_Andes_Sur,23,CHILE-SK-18-Z-D,E10_Andes_Sur.gpkg
4283,10,E10_Andes_Sur,23,CHILE-SL-18-X-D,E10_Andes_Sur.gpkg
4284,10,E10_Andes_Sur,23,CHILE-SK-18-Z-D,E10_Andes_Sur.gpkg
4285,10,E10_Andes_Sur,24,CHILE-SJ-18-Z-B,E10_Andes_Sur.gpkg
4286,10,E10_Andes_Sur,24,CHILE-SK-18-X-D,E10_Andes_Sur.gpkg
4287,10,E10_Andes_Sur,24,CHILE-SL-18-X-D,E10_Andes_Sur.gpkg
4288,10,E10_Andes_Sur,24,CHILE-SL-19-V-C,E10_Andes_Sur.gpkg
4289,10,E10_Andes_Sur,24,CHILE-SK-19-Y-C,E10_Andes_Sur.gpkg
4290,10,E10_Andes_Sur,24,CHILE-SL-18-X-D,E10_Andes_Sur.gpkg
4291,10,E10_Andes_Sur,24,CHILE-SL-18-X-D,E10_Andes_Sur.gpkg
4292,10,E10_Andes_Sur,24,CHILE-SK-19-Y-C,E10_Andes_Sur.gpkg
4293,10,E10_Andes_Sur,24,CHILE-SJ-19-Y-C,E10_Andes_Sur.gpkg
4294,10,E10_Andes_Sur,24,CHILE-SL-18-X-D,E10_Andes_Sur.gpkg
4295,10,E10_Andes_Sur,24,CHILE-SL-18-X-D,E10_Andes_Sur.gpkg
4296,10,E10_Andes_Sur,24,CHILE-SL-18-X-D,E10_Andes_Sur.gpkg
4297,10,E10_Andes_Sur,24,CHILE-SK-19-Y-C,E10_Andes_Sur.gpkg
4298,10,E10_Andes_Sur,24,CHILE-SL-18-X-C,E10_Andes_Sur.gpkg
4299,10,E10_Andes_Sur,24,CHILE-SK-18-X-D,E10_Andes_Sur.gpkg
4300,10,E10_Andes_Sur,24,CHILE-SK-18-Z-D,E10_Andes_Sur.gpkg
4301,10,E10_Andes_Sur,24,CHILE-SK-18-X-D,E10_Andes_Sur.gpkg
4302,10,E10_Andes_Sur,24,CHILE-SJ-18-Z-B,E10_Andes_Sur.gpkg
4303,10,E10_Andes_Sur,24,CHILE-SK-18-Z-B,E10_Andes_Sur.gpkg
4304,10,E10_Andes_Sur,24,CHILE-SL-19-V-C,E10_Andes_Sur.gpkg
4305,10,E10_Andes_Sur,24,CHILE-SL-18-Z-B,E10_Andes_Sur.gpkg
4306,10,E10_Andes_Sur,24,CHILE-SK-18-Z-D,E10_Andes_Sur.gpkg
4307,10,E10_Andes_Sur,24,CHILE-SJ-19-Y-C,E10_Andes_Sur.gpkg
4308,10,E10_Andes_Sur,24,CHILE-SJ-19-Y-C,E10_Andes_Sur.gpkg
4309,10,E10_Andes_Sur,24,CHILE-SL-18-X-D,E10_Andes_Sur.gpkg
4310,10,E10_Andes_Sur,24,CHILE-SK-18-X-D,E10_Andes_Sur.gpkg
4311,10,E10_Andes_Sur,24,CHILE-SL-18-X-C,E10_Andes_Sur.gpkg
4312,10,E10_Andes_Sur,24,CHILE-SL-19-V-C,E10_Andes_Sur.gpkg
4313,10,E10_Andes_Sur,24,CHILE-SK-18-Z-B,E10_Andes_Sur.gpkg
4314,10,E10_Andes_Sur,24,CHILE-SL-18-X-D,E10_Andes_Sur.gpkg
4315,10,E10_Andes_Sur,24,CHILE-SL-18-Z-B,E10_Andes_Sur.gpkg
4316,10,E10_Andes_Sur,24,CHILE-SL-18-X-D,E10_Andes_Sur.gpkg
4317,10,E10_Andes_Sur,25,CHILE-SJ-18-Z-D,E10_Andes_Sur.gpkg
4318,10,E10_Andes_Sur,25,CHILE-SJ-18-Z-D,E10_Andes_Sur.gpkg
4319,10,E10_Andes_Sur,25,CHILE-SJ-18-Z-D,E10_Andes_Sur.gpkg
4320,10,E10_Andes_Sur,25,CHILE-SJ-19-Y-C,E10_Andes_Sur.gpkg
4321,10,E10_Andes_Sur,25,CHILE-SK-18-X-B,E10_Andes_Sur.gpkg
4322,10,E10_Andes_Sur,25,CHILE-SK-18-X-B,E10_Andes_Sur.gpkg
4323,10,E10_Andes_Sur,29,CHILE-SJ-19-Y-C,E10_Andes_Sur.gpkg
4324,10,E10_Andes_Sur,29,CHILE-SK-19-Y-C,E10_Andes_Sur.gpkg
4325,10,E10_Andes_Sur,29,CHILE-SK-19-Y-C,E10_Andes_Sur.gpkg
4326,10,E10_Andes_Sur,29,CHILE-SJ-19-Y-C,E10_Andes_Sur.gpkg
4327,10,E10_Andes_Sur,29,CHILE-SK-19-Y-C,E10_Andes_Sur.gpkg
4328,10,E10_Andes_Sur,29,CHILE-SK-19-Y-C,E10_Andes_Sur.gpkg
4329,10,E10_Andes_Sur,59,CHILE-SL-18-X-D,E10_Andes_Sur.gpkg
4330,10,E10_Andes_Sur,59,CHILE-SK-18-X-B,E10_Andes_Sur.gpkg
4331,10,E10_Andes_Sur,59,CHILE-SK-18-X-B,E10_Andes_Sur.gpkg
4332,10,E10_Andes_Sur,59,CHILE-SK-18-X-D,E10_Andes_Sur.gpkg
4333,10,E10_Andes_Sur,59,CHILE-SL-18-X-D,E10_Andes_Sur.gpkg
4334,10,E10_Andes_Sur,59,CHILE-SK-18-X-B,E10_Andes_Sur.gpkg
4335,10,E10_Andes_Sur,59,CHILE-SK-18-X-B,E10_Andes_Sur.gpkg
4336,10,E10_Andes_Sur,59,CHILE-SK-18-X-D,E10_Andes_Sur.gpkg
4337,10,E10_Andes_Sur,59,CHILE-SL-18-X-B,E10_Andes_Sur.gpkg
4338,10,E10_Andes_Sur,59,CHILE-SK-18-X-D,E10_Andes_Sur.gpkg
4339,10,E10_Andes_Sur,59,CHILE-SL-18-X-B,E10_Andes_Sur.gpkg
4340,10,E10_Andes_Sur,59,CHILE-SJ-19-Y-A,E10_Andes_Sur.gpkg
4341,10,E10_Andes_Sur,59,CHILE-SK-19-Y-A,E10_Andes_Sur.gpkg
4342,10,E10_Andes_Sur,59,CHILE-SK-18-X-B,E10_Andes_Sur.gpkg
4343,10,E10_Andes_Sur,59,CHILE-SJ-18-Z-D,E10_Andes_Sur.gpkg
4344,10,E10_Andes_Sur,59,CHILE-SK-19-V-C,E10_Andes_Sur.gpkg
4345,10,E10_Andes_Sur,59,CHILE-SL-18-X-B,E10_Andes_Sur.gpkg
4346,10,E10_Andes_Sur,59,CHILE-SK-18-X-D,E10_Andes_Sur.gpkg
4347,10,E10_Andes_Sur,59,CHILE-SJ-18-Z-D,E10_Andes_Sur.gpkg
4348,10,E10_Andes_Sur,59,CHILE-SK-18-X-D,E10_Andes_Sur.gpkg
4349,10,E10_Andes_Sur,59,CHILE-SL-18-X-B,E10_Andes_Sur.gpkg
4350,10,E10_Andes_Sur,59,CHILE-SL-18-X-B,E10_Andes_Sur.gpkg
4351,10,E10_Andes_Sur,59,CHILE-SJ-19-Y-A,E10_Andes_Sur.gpkg
4352,10,E10_Andes_Sur,59,CHILE-SK-18-X-D,E10_Andes_Sur.gpkg
4353,10,E10_Andes_Sur,59,CHILE-SK-18-X-D,E10_Andes_Sur.gpkg
4354,10,E10_Andes_Sur,59,CHILE-SL-18-X-B,E10_Andes_Sur.gpkg
4355,10,E10_Andes_Sur,59,CHILE-SL-18-X-B,E10_Andes_Sur.gpkg
4356,10,E10_Andes_Sur,59,CHILE-SL-18-X-D,E10_Andes_Sur.gpkg
4357,10,E10_Andes_Sur,59,CHILE-SL-18-X-D,E10_Andes_Sur.gpkg
4358,10,E10_Andes_Sur,59,CHILE-SK-19-Y-A,E10_Andes_Sur.gpkg
4359,10,E10_Andes_Sur,59,CHILE-SL-18-X-B,E10_Andes_Sur.gpkg
4360,10,E10_Andes_Sur,59,CHILE-SJ-18-Z-D,E10_Andes_Sur.gpkg
4361,10,E10_Andes_Sur,59,CHILE-SK-18-X-D,E10_Andes_Sur.gpkg
4362,10,E10_Andes_Sur,59,CHILE-SK-18-X-D,E10_Andes_Sur.gpkg
4363,10,E10_Andes_Sur,59,CHILE-SK-18-Z-D,E10_Andes_Sur.gpkg
4364,10,E10_Andes_Sur,59,CHILE-SL-18-X-B,E10_Andes_Sur.gpkg
4365,10,E10_Andes_Sur,59,CHILE-SK-18-X-B,E10_Andes_Sur.gpkg
4366,10,E10_Andes_Sur,59,CHILE-SL-18-X-B,E10_Andes_Sur.gpkg
4367,10,E10_Andes_Sur,59,CHILE-SK-18-Z-D,E10_Andes_Sur.gpkg
4368,10,E10_Andes_Sur,59,CHILE-SJ-18-Z-D,E10_Andes_Sur.gpkg
4369,10,E10_Andes_Sur,59,CHILE-SJ-19-Y-C,E10_Andes_Sur.gpkg
4370,10,E10_Andes_Sur,59,CHILE-SK-19-Y-A,E10_Andes_Sur.gpkg
4371,10,E10_Andes_Sur,59,CHILE-SK-18-Z-D,E10_Andes_Sur.gpkg
4372,10,E10_Andes_Sur,59,CHILE-SL-18-X-B,E10_Andes_Sur.gpkg
4373,10,E10_Andes_Sur,59,CHILE-SL-18-X-D,E10_Andes_Sur.gpkg
4374,10,E10_Andes_Sur,59,CHILE-SJ-18-Z-D,E10_Andes_Sur.gpkg
4375,10,E10_Andes_Sur,59,CHILE-SK-18-X-D,E10_Andes_Sur.gpkg
4376,10,E10_Andes_Sur,59,CHILE-SK-18-X-D,E10_Andes_Sur.gpkg
4377,10,E10_Andes_Sur,60,CHILE-SK-18-X-D,E10_Andes_Sur.gpkg
4378,10,E10_Andes_Sur,60,CHILE-SK-18-X-D,E10_Andes_Sur.gpkg
4379,10,E10_Andes_Sur,60,CHILE-SK-19-Y-A,E10_Andes_Sur.gpkg
4380,10,E10_Andes_Sur,60,CHILE-SK-18-X-B,E10_Andes_Sur.gpkg
4381,10,E10_Andes_Sur,60,CHILE-SK-18-X-B,E10_Andes_Sur.gpkg
4382,10,E10_Andes_Sur,60,CHILE-SK-18-X-D,E10_Andes_Sur.gpkg
4383,10,E10_Andes_Sur,60,CHILE-SK-18-X-D,E10_Andes_Sur.gpkg
4384,10,E10_Andes_Sur,60,CHILE-SK-18-X-B,E10_Andes_Sur.gpkg
4385,10,E10_Andes_Sur,60,CHILE-SK-19-Y-C,E10_Andes_Sur.gpkg
4386,10,E10_Andes_Sur,60,CHILE-SL-18-X-B,E10_Andes_Sur.gpkg
4387,10,E10_Andes_Sur,60,CHILE-SK-19-Y-C,E10_Andes_Sur.gpkg
4388,10,E10_Andes_Sur,60,CHILE-SK-18-X-D,E10_Andes_Sur.gpkg
4389,10,E10_Andes_Sur,60,CHILE-SK-18-X-D,E10_Andes_Sur.gpkg
4390,10,E10_Andes_Sur,60,CHILE-SK-18-X-D,E10_Andes_Sur.gpkg
4391,10,E10_Andes_Sur,60,CHILE-SJ-19-Y-A,E10_Andes_Sur.gpkg
4392,10,E10_Andes_Sur,60,CHILE-SK-18-X-D,E10_Andes_Sur.gpkg
4393,10,E10_Andes_Sur,60,CHILE-SK-18-Z-D,E10_Andes_Sur.gpkg
4394,10,E10_Andes_Sur,60,CHILE-SK-18-X-D,E10_Andes_Sur.gpkg
4395,10,E10_Andes_Sur,60,CHILE-SK-18-X-B,E10_Andes_Sur.gpkg
4396,10,E10_Andes_Sur,60,CHILE-SK-18-X-D,E10_Andes_Sur.gpkg
4397,10,E10_Andes_Sur,60,CHILE-SL-18-X-D,E10_Andes_Sur.gpkg
4398,10,E10_Andes_Sur,60,CHILE-SL-18-X-B,E10_Andes_Sur.gpkg
4399,10,E10_Andes_Sur,60,CHILE-SK-18-X-B,E10_Andes_Sur.gpkg
4400,10,E10_Andes_Sur,60,CHILE-SJ-19-Y-C,E10_Andes_Sur.gpkg
4401,10,E10_Andes_Sur,60,CHILE-SK-19-Y-A,E10_Andes_Sur.gpkg
4402,10,E10_Andes_Sur,60,CHILE-SL-18-X-B,E10_Andes_Sur.gpkg
4403,10,E10_Andes_Sur,60,CHILE-SK-18-X-D,E10_Andes_Sur.gpkg
4404,10,E10_Andes_Sur,60,CHILE-SL-18-X-B,E10_Andes_Sur.gpkg
4405,10,E10_Andes_Sur,60,CHILE-SK-18-X-D,E10_Andes_Sur.gpkg
4406,10,E10_Andes_Sur,60,CHILE-SJ-19-Y-A,E10_Andes_Sur.gpkg
4407,10,E10_Andes_Sur,60,CHILE-SK-18-X-D,E10_Andes_Sur.gpkg
4408,10,E10_Andes_Sur,60,CHILE-SK-18-X-D,E10_Andes_Sur.gpkg
4409,10,E10_Andes_Sur,60,CHILE-SL-18-X-B,E10_Andes_Sur.gpkg
4410,10,E10_Andes_Sur,60,CHILE-SK-18-X-D,E10_Andes_Sur.gpkg
4411,10,E10_Andes_Sur,60,CHILE-SJ-19-Y-A,E10_Andes_Sur.gpkg
4412,10,E10_Andes_Sur,60,CHILE-SK-18-X-D,E10_Andes_Sur.gpkg
4413,10,E10_Andes_Sur,60,CHILE-SK-18-X-D,E10_Andes_Sur.gpkg
4414,10,E10_Andes_Sur,60,CHILE-SK-18-X-D,E10_Andes_Sur.gpkg
4415,10,E10_Andes_Sur,60,CHILE-SJ-19-Y-C,E10_Andes_Sur.gpkg
4416,10,E10_Andes_Sur,60,CHILE-SJ-19-Y-C,E10_Andes_Sur.gpkg
4417,10,E10_Andes_Sur,66,CHILE-SK-19-Y-A,E10_Andes_Sur.gpkg
4418,10,E10_Andes_Sur,66,CHILE-SK-18-X-B,E10_Andes_Sur.gpkg
4419,10,E10_Andes_Sur,66,CHILE-SK-19-Y-A,E10_Andes_Sur.gpkg
4420,10,E10_Andes_Sur,66,CHILE-SJ-19-Y-C,E10_Andes_Sur.gpkg
4421,10,E10_Andes_Sur,66,CHILE-SJ-19-Y-A,E10_Andes_Sur.gpkg
4422,10,E10_Andes_Sur,66,CHILE-SJ-19-Y-C,E10_Andes_Sur.gpkg
4423,10,E10_Andes_Sur,66,CHILE-SK-19-Y-A,E10_Andes_Sur.gpkg
4424,10,E10_Andes_Sur,66,CHILE-SK-19-Y-A,E10_Andes_Sur.gpkg
4425,10,E10_Andes_Sur,66,CHILE-SK-18-Z-B,E10_Andes_Sur.gpkg
4426,10,E10_Andes_Sur,66,CHILE-SJ-19-Y-A,E10_Andes_Sur.gpkg
4427,10,E10_Andes_Sur,66,CHILE-SK-19-V-C,E10_Andes_Sur.gpkg
4428,10,E10_Andes_Sur,66,CHILE-SJ-19-Y-C,E10_Andes_Sur.gpkg
4429,10,E10_Andes_Sur,66,CHILE-SJ-19-Y-C,E10_Andes_Sur.gpkg
4430,10,E10_Andes_Sur,66,CHILE-SK-19-Y-A,E10_Andes_Sur.gpkg
4431,10,E10_Andes_Sur,66,CHILE-SJ-19-Y-C,E10_Andes_Sur.gpkg
4432,10,E10_Andes_Sur,66,CHILE-SJ-19-Y-A,E10_Andes_Sur.gpkg
4433,10,E10_Andes_Sur,66,CHILE-SK-19-Y-A,E10_Andes_Sur.gpkg
4434,10,E10_Andes_Sur,66,CHILE-SK-18-Z-B,E10_Andes_Sur.gpkg
4435,10,E10_Andes_Sur,66,CHILE-SK-18-Z-B,E10_Andes_Sur.gpkg
4436,10,E10_Andes_Sur,66,CHILE-SJ-19-Y-C,E10_Andes_Sur.gpkg
4437,10,E10_Andes_Sur,66,CHILE-SK-18-X-B,E10_Andes_Sur.gpkg
4438,10,E10_Andes_Sur,66,CHILE-SJ-19-Y-C,E10_Andes_Sur.gpkg
4439,10,E10_Andes_Sur,66,CHILE-SK-18-Z-B,E10_Andes_Sur.gpkg
4440,10,E10_Andes_Sur,66,CHILE-SK-19-Y-C,E10_Andes_Sur.gpkg
4441,10,E10_Andes_Sur,66,CHILE-SL-18-Z-B,E10_Andes_Sur.gpkg
4442,10,E10_Andes_Sur,67,CHILE-SL-18-X-D,E10_Andes_Sur.gpkg
4443,10,E10_Andes_Sur,67,CHILE-SK-18-X-D,E10_Andes_Sur.gpkg
4444,10,E10_Andes_Sur,67,CHILE-SK-18-X-D,E10_Andes_Sur.gpkg
4445,10,E10_Andes_Sur,67,CHILE-SL-18-X-B,E10_Andes_Sur.gpkg
4446,10,E10_Andes_Sur,67,CHILE-SL-18-X-B,E10_Andes_Sur.gpkg
4447,10,E10_Andes_Sur,67,CHILE-SL-18-X-B,E10_Andes_Sur.gpkg
4448,10,E10_Andes_Sur,67,CHILE-SK-19-Y-A,E10_Andes_Sur.gpkg
4449,10,E10_Andes_Sur,67,CHILE-SL-18-X-B,E10_Andes_Sur.gpkg
4450,10,E10_Andes_Sur,67,CHILE-SL-18-X-D,E10_Andes_Sur.gpkg
4451,10,E10_Andes_Sur,67,CHILE-SL-18-X-B,E10_Andes_Sur.gpkg
4452,10,E10_Andes_Sur,67,CHILE-SK-19-Y-C,E10_Andes_Sur.gpkg
4453,10,E10_Andes_Sur,67,CHILE-SJ-19-Y-C,E10_Andes_Sur.gpkg
4454,10,E10_Andes_Sur,67,CHILE-SJ-19-Y-C,E10_Andes_Sur.gpkg
4455,10,E10_Andes_Sur,67,CHILE-SJ-18-Z-D,E10_Andes_Sur.gpkg
4456,10,E10_Andes_Sur,67,CHILE-SL-18-X-B,E10_Andes_Sur.gpkg
4457,10,E10_Andes_Sur,67,CHILE-SL-18-X-D,E10_Andes_Sur.gpkg
4458,10,E10_Andes_Sur,67,CHILE-SJ-18-Z-D,E10_Andes_Sur.gpkg
4459,10,E10_Andes_Sur,67,CHILE-SJ-18-Z-D,E10_Andes_Sur.gpkg
4460,10,E10_Andes_Sur,67,CHILE-SL-18-X-B,E10_Andes_Sur.gpkg
4461,10,E10_Andes_Sur,67,CHILE-SL-18-X-D,E10_Andes_Sur.gpkg
4462,10,E10_Andes_Sur,67,CHILE-SK-18-Z-D,E10_Andes_Sur.gpkg
4463,10,E10_Andes_Sur,67,CHILE-SL-18-X-D,E10_Andes_Sur.gpkg
4464,10,E10_Andes_Sur,67,CHILE-SK-18-X-D,E10_Andes_Sur.gpkg
4465,10,E10_Andes_Sur,67,CHILE-SJ-18-Z-D,E10_Andes_Sur.gpkg
4466,10,E10_Andes_Sur,67,CHILE-SL-18-X-D,E10_Andes_Sur.gpkg
4467,10,E10_Andes_Sur,67,CHILE-SJ-19-Y-C,E10_Andes_Sur.gpkg
4468,10,E10_Andes_Sur,67,CHILE-SL-18-X-D,E10_Andes_Sur.gpkg
4469,10,E10_Andes_Sur,67,CHILE-SK-19-V-A,E10_Andes_Sur.gpkg
4470,10,E10_Andes_Sur,67,CHILE-SK-19-V-A,E10_Andes_Sur.gpkg
4471,10,E10_Andes_Sur,67,CHILE-SK-18-X-D,E10_Andes_Sur.gpkg
4472,10,E10_Andes_Sur,67,CHILE-SK-18-X-D,E10_Andes_Sur.gpkg
4473,10,E10_Andes_Sur,67,CHILE-SL-18-X-B,E10_Andes_Sur.gpkg
4474,10,E10_Andes_Sur,67,CHILE-SJ-19-Y-A,E10_Andes_Sur.gpkg
4475,10,E10_Andes_Sur,67,CHILE-SK-19-Y-C,E10_Andes_Sur.gpkg
4476,10,E10_Andes_Sur,67,CHILE-SJ-18-Z-D,E10_Andes_Sur.gpkg
4477,10,E10_Andes_Sur,67,CHILE-SK-19-V-A,E10_Andes_Sur.gpkg
4478,10,E10_Andes_Sur,67,CHILE-SK-19-V-C,E10_Andes_Sur.gpkg
4479,10,E10_Andes_Sur,67,CHILE-SL-18-X-B,E10_Andes_Sur.gpkg
4480,10,E10_Andes_Sur,67,CHILE-SJ-18-Z-D,E10_Andes_Sur.gpkg
4481,10,E10_Andes_Sur,67,CHILE-SL-18-X-B,E10_Andes_Sur.gpkg
4482,10,E10_Andes_Sur,67,CHILE-SL-18-X-D,E10_Andes_Sur.gpkg
4483,10,E10_Andes_Sur,67,CHILE-SL-18-X-B,E10_Andes_Sur.gpkg
4484,10,E10_Andes_Sur,67,CHILE-SK-18-X-D,E10_Andes_Sur.gpkg
4485,10,E10_Andes_Sur,67,CHILE-SK-18-Z-D,E10_Andes_Sur.gpkg
4486,10,E10_Andes_Sur,67,CHILE-SL-18-X-B,E10_Andes_Sur.gpkg
4487,10,E10_Andes_Sur,79,CHILE-SL-19-V-C,E10_Andes_Sur.gpkg
4488,10,E10_Andes_Sur,79,CHILE-SL-19-V-C,E10_Andes_Sur.gpkg
4489,10,E10_Andes_Sur,79,CHILE-SL-19-V-C,E10_Andes_Sur.gpkg
4490,10,E10_Andes_Sur,79,CHILE-SL-19-V-C,E10_Andes_Sur.gpkg
4491,10,E10_Andes_Sur,79,CHILE-SL-19-V-C,E10_Andes_Sur.gpkg
4492,10,E10_Andes_Sur,79,CHILE-SL-19-V-C,E10_Andes_Sur.gpkg
4493,10,E10_Andes_Sur,79,CHILE-SL-19-V-C,E10_Andes_Sur.gpkg
4494,10,E10_Andes_Sur,79,CHILE-SL-19-V-C,E10_Andes_Sur.gpkg
4495,10,E10_Andes_Sur,79,CHILE-SL-19-V-C,E10_Andes_Sur.gpkg
4496,10,E10_Andes_Sur,79,CHILE-SL-19-V-C,E10_Andes_Sur.gpkg
4497,10,E10_Andes_Sur,79,CHILE-SL-19-V-C,E10_Andes_Sur.gpkg
4498,10,E10_Andes_Sur,79,CHILE-SL-19-V-C,E10_Andes_Sur.gpkg
4499,10,E10_Andes_Sur,79,CHILE-SL-19-V-C,E10_Andes_Sur.gpkg
4500,10,E10_Andes_Sur,79,CHILE-SL-19-V-C,E10_Andes_Sur.gpkg
4501,10,E10_Andes_Sur,79,CHILE-SL-19-V-C,E10_Andes_Sur.gpkg
4502,10,E10_Andes_Sur,79,CHILE-SL-19-V-C,E10_Andes_Sur.gpkg
4503,10,E10_Andes_Sur,79,CHILE-SL-19-V-C,E10_Andes_Sur.gpkg
4504,10,E10_Andes_Sur,79,CHILE-SL-19-V-C,E10_Andes_Sur.gpkg
4505,10,E10_Andes_Sur,79,CHILE-SL-19-V-C,E10_Andes_Sur.gpkg
4506,10,E10_Andes_Sur,79,CHILE-SL-19-V-C,E10_Andes_Sur.gpkg
4507,10,E10_Andes_Sur,79,CHILE-SL-19-V-C,E10_Andes_Sur.gpkg
4508,10,E10_Andes_Sur,79,CHILE-SL-19-V-C,E10_Andes_Sur.gpkg
4509,10,E10_Andes_Sur,79,CHILE-SL-19-V-C,E10_Andes_Sur.gpkg
4510,10,E10_Andes_Sur,79,CHILE-SL-19-V-C,E10_Andes_Sur.gpkg
4511,10,E10_Andes_Sur,79,CHILE-SL-19-V-C,E10_Andes_Sur.gpkg
4512,10,E10_Andes_Sur,79,CHILE-SL-19-V-C,E10_Andes_Sur.gpkg
4513,10,E10_Andes_Sur,79,CHILE-SL-19-V-C,E10_Andes_Sur.gpkg
4514,10,E10_Andes_Sur,79,CHILE-SL-19-V-C,E10_Andes_Sur.gpkg
4515,10,E10_Andes_Sur,79,CHILE-SL-19-V-C,E10_Andes_Sur.gpkg
4516,10,E10_Andes_Sur,79,CHILE-SL-19-V-C,E10_Andes_Sur.gpkg
4517,10,E10_Andes_Sur,79,CHILE-SL-19-V-C,E10_Andes_Sur.gpkg
4518,10,E10_Andes_Sur,79,CHILE-SL-19-V-C,E10_Andes_Sur.gpkg
4519,10,E10_Andes_Sur,79,CHILE-SL-19-V-C,E10_Andes_Sur.gpkg
4520,10,E10_Andes_Sur,79,CHILE-SL-19-V-C,E10_Andes_Sur.gpkg
4521,10,E10_Andes_Sur,79,CHILE-SL-19-V-C,E10_Andes_Sur.gpkg
4522,10,E10_Andes_Sur,79,CHILE-SL-19-V-C,E10_Andes_Sur.gpkg
4523,10,E10_Andes_Sur,79,CHILE-SL-18-X-D,E10_Andes_Sur.gpkg
4524,10,E10_Andes_Sur,79,CHILE-SL-19-V-C,E10_Andes_Sur.gpkg
4525,10,E10_Andes_Sur,79,CHILE-SL-19-V-C,E10_Andes_Sur.gpkg
4526,10,E10_Andes_Sur,79,CHILE-SL-19-V-C,E10_Andes_Sur.gpkg
4527,10,E10_Andes_Sur,79,CHILE-SL-19-V-C,E10_Andes_Sur.gpkg
4528,10,E10_Andes_Sur,79,CHILE-SL-19-V-C,E10_Andes_Sur.gpkg
4529,10,E10_Andes_Sur,79,CHILE-SL-19-V-C,E10_Andes_Sur.gpkg
4530,10,E10_Andes_Sur,79,CHILE-SL-19-V-C,E10_Andes_Sur.gpkg
4531,10,E10_Andes_Sur,79,CHILE-SL-19-V-C,E10_Andes_Sur.gpkg
4532,10,E10_Andes_Sur,79,CHILE-SL-19-V-C,E10_Andes_Sur.gpkg
4533,10,E10_Andes_Sur,79,CHILE-SL-19-V-C,E10_Andes_Sur.gpkg
4534,10,E10_Andes_Sur,79,CHILE-SL-19-V-C,E10_Andes_Sur.gpkg
4535,10,E10_Andes_Sur,79,CHILE-SL-19-V-C,E10_Andes_Sur.gpkg
4536,10,E10_Andes_Sur,79,CHILE-SL-18-X-D,E10_Andes_Sur.gpkg
4537,10,E10_Andes_Sur,79,CHILE-SL-19-V-C,E10_Andes_Sur.gpkg
4538,10,E10_Andes_Sur,79,CHILE-SL-19-V-C,E10_Andes_Sur.gpkg
4539,10,E10_Andes_Sur,79,CHILE-SL-19-V-C,E10_Andes_Sur.gpkg
4540,10,E10_Andes_Sur,79,CHILE-SL-18-X-D,E10_Andes_Sur.gpkg
4541,10,E10_Andes_Sur,79,CHILE-SL-19-V-C,E10_Andes_Sur.gpkg
4542,10,E10_Andes_Sur,79,CHILE-SL-19-V-C,E10_Andes_Sur.gpkg
4543,10,E10_Andes_Sur,79,CHILE-SL-19-V-C,E10_Andes_Sur.gpkg
4544,10,E10_Andes_Sur,80,CHILE-SJ-18-Z-D,E10_Andes_Sur.gpkg
4545,10,E10_Andes_Sur,80,CHILE-SK-18-X-B,E10_Andes_Sur.gpkg
4546,10,E10_Andes_Sur,80,CHILE-SJ-18-Z-D,E10_Andes_Sur.gpkg
4547,10,E10_Andes_Sur,80,CHILE-SK-18-X-B,E10_Andes_Sur.gpkg
4548,10,E10_Andes_Sur,80,CHILE-SJ-19-Y-C,E10_Andes_Sur.gpkg
4549,10,E10_Andes_Sur,80,CHILE-SK-18-X-B,E10_Andes_Sur.gpkg
4550,10,E10_Andes_Sur,80,CHILE-SK-18-X-B,E10_Andes_Sur.gpkg
4551,10,E10_Andes_Sur,80,CHILE-SK-18-X-B,E10_Andes_Sur.gpkg
4552,10,E10_Andes_Sur,80,CHILE-SK-18-X-B,E10_Andes_Sur.gpkg
4553,10,E10_Andes_Sur,80,CHILE-SK-18-X-B,E10_Andes_Sur.gpkg
4554,10,E10_Andes_Sur,80,CHILE-SK-18-X-B,E10_Andes_Sur.gpkg
4555,10,E10_Andes_Sur,80,CHILE-SK-18-X-B,E10_Andes_Sur.gpkg
4556,10,E10_Andes_Sur,80,CHILE-SK-18-X-B,E10_Andes_Sur.gpkg
4557,10,E10_Andes_Sur,80,CHILE-SK-18-X-B,E10_Andes_Sur.gpkg
4558,10,E10_Andes_Sur,80,CHILE-SK-18-X-B,E10_Andes_Sur.gpkg
4559,10,E10_Andes_Sur,80,CHILE-SK-18-X-B,E10_Andes_Sur.gpkg
4560,10,E10_Andes_Sur,80,CHILE-SK-18-X-B,E10_Andes_Sur.gpkg
4561,10,E10_Andes_Sur,80,CHILE-SK-18-X-B,E10_Andes_Sur.gpkg
4562,10,E10_Andes_Sur,80,CHILE-SK-18-X-B,E10_Andes_Sur.gpkg
4563,10,E10_Andes_Sur,80,CHILE-SJ-19-Y-C,E10_Andes_Sur.gpkg
4564,10,E10_Andes_Sur,80,CHILE-SK-18-X-B,E10_Andes_Sur.gpkg
4565,10,E10_Andes_Sur,80,CHILE-SJ-18-Z-D,E10_Andes_Sur.gpkg
4566,10,E10_Andes_Sur,80,CHILE-SK-18-X-B,E10_Andes_Sur.gpkg
4567,10,E10_Andes_Sur,80,CHILE-SK-18-X-B,E10_Andes_Sur.gpkg
4568,10,E10_Andes_Sur,80,CHILE-SK-18-X-B,E10_Andes_Sur.gpkg
4569,11,E11_Costa_Sur_1,11,CHILE-SK-18-X-D,E11_Costa_Sur_1.gpkg
4570,11,E11_Costa_Sur_1,11,CHILE-SJ-18-Z-D,E11_Costa_Sur_1.gpkg
4571,11,E11_Costa_Sur_1,11,CHILE-SK-18-X-C,E11_Costa_Sur_1.gpkg
4572,11,E11_Costa_Sur_1,11,CHILE-SJ-18-Z-D,E11_Costa_Sur_1.gpkg
4573,11,E11_Costa_Sur_1,11,CHILE-SJ-18-Z-D,E11_Costa_Sur_1.gpkg
4574,11,E11_Costa_Sur_1,11,CHILE-SK-18-X-D,E11_Costa_Sur_1.gpkg
4575,11,E11_Costa_Sur_1,11,CHILE-SK-18-X-A,E11_Costa_Sur_1.gpkg
4576,11,E11_Costa_Sur_1,11,CHILE-SK-18-X-C,E11_Costa_Sur_1.gpkg
4577,11,E11_Costa_Sur_1,11,CHILE-SK-18-X-C,E11_Costa_Sur_1.gpkg
4578,11,E11_Costa_Sur_1,11,CHILE-SK-18-X-B,E11_Costa_Sur_1.gpkg
4579,11,E11_Costa_Sur_1,11,CHILE-SK-18-X-D,E11_Costa_Sur_1.gpkg
4580,11,E11_Costa_Sur_1,11,CHILE-SJ-18-Z-D,E11_Costa_Sur_1.gpkg
4581,11,E11_Costa_Sur_1,11,CHILE-SJ-18-Z-D,E11_Costa_Sur_1.gpkg
4582,11,E11_Costa_Sur_1,11,CHILE-SK-18-X-A,E11_Costa_Sur_1.gpkg
4583,11,E11_Costa_Sur_1,11,CHILE-SJ-18-Z-D,E11_Costa_Sur_1.gpkg
4584,11,E11_Costa_Sur_1,11,CHILE-SK-18-X-C,E11_Costa_Sur_1.gpkg
4585,11,E11_Costa_Sur_1,11,CHILE-SK-18-X-C,E11_Costa_Sur_1.gpkg
4586,11,E11_Costa_Sur_1,11,CHILE-SK-18-X-D,E11_Costa_Sur_1.gpkg
4587,11,E11_Costa_Sur_1,11,CHILE-SK-18-X-A,E11_Costa_Sur_1.gpkg
4588,11,E11_Costa_Sur_1,11,CHILE-SK-18-X-D,E11_Costa_Sur_1.gpkg
4589,11,E11_Costa_Sur_1,11,CHILE-SK-18-X-B,E11_Costa_Sur_1.gpkg
4590,11,E11_Costa_Sur_1,11,CHILE-SK-18-X-D,E11_Costa_Sur_1.gpkg
4591,11,E11_Costa_Sur_1,11,CHILE-SJ-18-Z-D,E11_Costa_Sur_1.gpkg
4592,11,E11_Costa_Sur_1,11,CHILE-SJ-18-Z-D,E11_Costa_Sur_1.gpkg
4593,11,E11_Costa_Sur_1,11,CHILE-SJ-18-Z-D,E11_Costa_Sur_1.gpkg
4594,11,E11_Costa_Sur_1,11,CHILE-SK-18-X-D,E11_Costa_Sur_1.gpkg
4595,11,E11_Costa_Sur_1,11,CHILE-SK-18-X-B,E11_Costa_Sur_1.gpkg
4596,11,E11_Costa_Sur_1,11,CHILE-SK-18-X-D,E11_Costa_Sur_1.gpkg
4597,11,E11_Costa_Sur_1,11,CHILE-SK-18-X-C,E11_Costa_Sur_1.gpkg
4598,11,E11_Costa_Sur_1,11,CHILE-SK-18-X-C,E11_Costa_Sur_1.gpkg
4599,11,E11_Costa_Sur_1,11,CHILE-SK-18-X-C,E11_Costa_Sur_1.gpkg
4600,11,E11_Costa_Sur_1,11,CHILE-SJ-18-Z-D,E11_Costa_Sur_1.gpkg
4601,11,E11_Costa_Sur_1,11,CHILE-SJ-18-Z-D,E11_Costa_Sur_1.gpkg
4602,11,E11_Costa_Sur_1,11,CHILE-SK-18-X-D,E11_Costa_Sur_1.gpkg
4603,11,E11_Costa_Sur_1,11,CHILE-SJ-18-Z-D,E11_Costa_Sur_1.gpkg
4604,11,E11_Costa_Sur_1,11,CHILE-SK-18-X-A,E11_Costa_Sur_1.gpkg
4605,11,E11_Costa_Sur_1,11,CHILE-SK-18-X-D,E11_Costa_Sur_1.gpkg
4606,11,E11_Costa_Sur_1,11,CHILE-SJ-18-Z-D,E11_Costa_Sur_1.gpkg
4607,11,E11_Costa_Sur_1,11,CHILE-SJ-18-Z-D,E11_Costa_Sur_1.gpkg
4608,11,E11_Costa_Sur_1,11,CHILE-SK-18-X-C,E11_Costa_Sur_1.gpkg
4609,11,E11_Costa_Sur_1,11,CHILE-SJ-18-Z-D,E11_Costa_Sur_1.gpkg
4610,11,E11_Costa_Sur_1,11,CHILE-SJ-18-Z-D,E11_Costa_Sur_1.gpkg
4611,11,E11_Costa_Sur_1,11,CHILE-SK-18-X-D,E11_Costa_Sur_1.gpkg
4612,11,E11_Costa_Sur_1,11,CHILE-SK-18-X-B,E11_Costa_Sur_1.gpkg
4613,11,E11_Costa_Sur_1,11,CHILE-SJ-18-Z-D,E11_Costa_Sur_1.gpkg
4614,11,E11_Costa_Sur_1,11,CHILE-SK-18-X-C,E11_Costa_Sur_1.gpkg
4615,11,E11_Costa_Sur_1,11,CHILE-SK-18-X-C,E11_Costa_Sur_1.gpkg
4616,11,E11_Costa_Sur_1,11,CHILE-SJ-18-Z-D,E11_Costa_Sur_1.gpkg
4617,11,E11_Costa_Sur_1,11,CHILE-SK-18-X-B,E11_Costa_Sur_1.gpkg
4618,11,E11_Costa_Sur_1,11,CHILE-SJ-18-Z-D,E11_Costa_Sur_1.gpkg
4619,11,E11_Costa_Sur_1,11,CHILE-SK-18-X-C,E11_Costa_Sur_1.gpkg
4620,11,E11_Costa_Sur_1,11,CHILE-SK-18-X-C,E11_Costa_Sur_1.gpkg
4621,11,E11_Costa_Sur_1,11,CHILE-SJ-18-Z-D,E11_Costa_Sur_1.gpkg
4622,11,E11_Costa_Sur_1,11,CHILE-SJ-18-Z-D,E11_Costa_Sur_1.gpkg
4623,11,E11_Costa_Sur_1,11,CHILE-SK-18-X-D,E11_Costa_Sur_1.gpkg
4624,11,E11_Costa_Sur_1,11,CHILE-SK-18-X-C,E11_Costa_Sur_1.gpkg
4625,11,E11_Costa_Sur_1,11,CHILE-SK-18-X-C,E11_Costa_Sur_1.gpkg
4626,11,E11_Costa_Sur_1,11,CHILE-SJ-18-Z-D,E11_Costa_Sur_1.gpkg
4627,11,E11_Costa_Sur_1,11,CHILE-SJ-18-Z-D,E11_Costa_Sur_1.gpkg
4628,11,E11_Costa_Sur_1,11,CHILE-SK-18-X-C,E11_Costa_Sur_1.gpkg
4629,11,E11_Costa_Sur_1,11,CHILE-SJ-18-Z-D,E11_Costa_Sur_1.gpkg
4630,11,E11_Costa_Sur_1,11,CHILE-SK-18-X-B,E11_Costa_Sur_1.gpkg
4631,11,E11_Costa_Sur_1,11,CHILE-SK-18-X-B,E11_Costa_Sur_1.gpkg
4632,11,E11_Costa_Sur_1,11,CHILE-SK-18-X-D,E11_Costa_Sur_1.gpkg
4633,11,E11_Costa_Sur_1,11,CHILE-SK-18-X-C,E11_Costa_Sur_1.gpkg
4634,11,E11_Costa_Sur_1,11,CHILE-SK-18-X-D,E11_Costa_Sur_1.gpkg
4635,11,E11_Costa_Sur_1,11,CHILE-SJ-18-Z-D,E11_Costa_Sur_1.gpkg
4636,11,E11_Costa_Sur_1,11,CHILE-SK-18-X-D,E11_Costa_Sur_1.gpkg
4637,11,E11_Costa_Sur_1,11,CHILE-SK-18-X-C,E11_Costa_Sur_1.gpkg
4638,11,E11_Costa_Sur_1,11,CHILE-SK-18-X-C,E11_Costa_Sur_1.gpkg
4639,11,E11_Costa_Sur_1,11,CHILE-SK-18-X-C,E11_Costa_Sur_1.gpkg
4640,11,E11_Costa_Sur_1,11,CHILE-SJ-18-Z-D,E11_Costa_Sur_1.gpkg
4641,11,E11_Costa_Sur_1,11,CHILE-SJ-18-Z-D,E11_Costa_Sur_1.gpkg
4642,11,E11_Costa_Sur_1,11,CHILE-SK-18-X-D,E11_Costa_Sur_1.gpkg
4643,11,E11_Costa_Sur_1,11,CHILE-SK-18-X-B,E11_Costa_Sur_1.gpkg
4644,11,E11_Costa_Sur_1,11,CHILE-SK-18-X-A,E11_Costa_Sur_1.gpkg
4645,11,E11_Costa_Sur_1,12,CHILE-SK-18-X-A,E11_Costa_Sur_1.gpkg
4646,11,E11_Costa_Sur_1,12,CHILE-SJ-18-Z-D,E11_Costa_Sur_1.gpkg
4647,11,E11_Costa_Sur_1,12,CHILE-SK-18-X-C,E11_Costa_Sur_1.gpkg
4648,11,E11_Costa_Sur_1,12,CHILE-SK-18-X-A,E11_Costa_Sur_1.gpkg
4649,11,E11_Costa_Sur_1,12,CHILE-SK-18-X-A,E11_Costa_Sur_1.gpkg
4650,11,E11_Costa_Sur_1,12,CHILE-SK-18-X-C,E11_Costa_Sur_1.gpkg
4651,11,E11_Costa_Sur_1,12,CHILE-SK-18-X-C,E11_Costa_Sur_1.gpkg
4652,11,E11_Costa_Sur_1,12,CHILE-SK-18-X-A,E11_Costa_Sur_1.gpkg
4653,11,E11_Costa_Sur_1,12,CHILE-SK-18-X-A,E11_Costa_Sur_1.gpkg
4654,11,E11_Costa_Sur_1,12,CHILE-SK-18-X-C,E11_Costa_Sur_1.gpkg
4655,11,E11_Costa_Sur_1,12,CHILE-SK-18-X-C,E11_Costa_Sur_1.gpkg
4656,11,E11_Costa_Sur_1,15,CHILE-SK-18-X-B,E11_Costa_Sur_1.gpkg
4657,11,E11_Costa_Sur_1,15,CHILE-SK-18-X-D,E11_Costa_Sur_1.gpkg
4658,11,E11_Costa_Sur_1,15,CHILE-SK-18-X-C,E11_Costa_Sur_1.gpkg
4659,11,E11_Costa_Sur_1,15,CHILE-SK-18-X-C,E11_Costa_Sur_1.gpkg
4660,11,E11_Costa_Sur_1,15,CHILE-SK-18-X-C,E11_Costa_Sur_1.gpkg
4661,11,E11_Costa_Sur_1,15,CHILE-SK-18-X-A,E11_Costa_Sur_1.gpkg
4662,11,E11_Costa_Sur_1,15,CHILE-SK-18-X-B,E11_Costa_Sur_1.gpkg
4663,11,E11_Costa_Sur_1,15,CHILE-SK-18-X-D,E11_Costa_Sur_1.gpkg
4664,11,E11_Costa_Sur_1,15,CHILE-SK-18-X-C,E11_Costa_Sur_1.gpkg
4665,11,E11_Costa_Sur_1,15,CHILE-SK-18-X-C,E11_Costa_Sur_1.gpkg
4666,11,E11_Costa_Sur_1,15,CHILE-SK-18-X-B,E11_Costa_Sur_1.gpkg
4667,11,E11_Costa_Sur_1,15,CHILE-SK-18-X-C,E11_Costa_Sur_1.gpkg
4668,11,E11_Costa_Sur_1,15,CHILE-SK-18-X-C,E11_Costa_Sur_1.gpkg
4669,11,E11_Costa_Sur_1,15,CHILE-SK-18-X-C,E11_Costa_Sur_1.gpkg
4670,11,E11_Costa_Sur_1,15,CHILE-SK-18-X-C,E11_Costa_Sur_1.gpkg
4671,11,E11_Costa_Sur_1,15,CHILE-SK-18-X-C,E11_Costa_Sur_1.gpkg
4672,11,E11_Costa_Sur_1,15,CHILE-SK-18-X-C,E11_Costa_Sur_1.gpkg
4673,11,E11_Costa_Sur_1,15,CHILE-SK-18-X-C,E11_Costa_Sur_1.gpkg
4674,11,E11_Costa_Sur_1,15,CHILE-SK-18-X-C,E11_Costa_Sur_1.gpkg
4675,11,E11_Costa_Sur_1,15,CHILE-SK-18-X-C,E11_Costa_Sur_1.gpkg
4676,11,E11_Costa_Sur_1,15,CHILE-SK-18-X-B,E11_Costa_Sur_1.gpkg
4677,11,E11_Costa_Sur_1,15,CHILE-SK-18-X-D,E11_Costa_Sur_1.gpkg
4678,11,E11_Costa_Sur_1,18,CHILE-SK-18-X-B,E11_Costa_Sur_1.gpkg
4679,11,E11_Costa_Sur_1,23,CHILE-SJ-18-Z-D,E11_Costa_Sur_1.gpkg
4680,11,E11_Costa_Sur_1,23,CHILE-SK-18-X-C,E11_Costa_Sur_1.gpkg
4681,11,E11_Costa_Sur_1,23,CHILE-SK-18-X-D,E11_Costa_Sur_1.gpkg
4682,11,E11_Costa_Sur_1,23,CHILE-SJ-18-Z-D,E11_Costa_Sur_1.gpkg
4683,11,E11_Costa_Sur_1,23,CHILE-SK-18-X-C,E11_Costa_Sur_1.gpkg
4684,11,E11_Costa_Sur_1,23,CHILE-SJ-18-Z-D,E11_Costa_Sur_1.gpkg
4685,11,E11_Costa_Sur_1,23,CHILE-SJ-18-Z-D,E11_Costa_Sur_1.gpkg
4686,11,E11_Costa_Sur_1,23,CHILE-SJ-18-Z-D,E11_Costa_Sur_1.gpkg
4687,11,E11_Costa_Sur_1,23,CHILE-SJ-18-Z-D,E11_Costa_Sur_1.gpkg
4688,11,E11_Costa_Sur_1,23,CHILE-SJ-18-Z-D,E11_Costa_Sur_1.gpkg
4689,11,E11_Costa_Sur_1,23,CHILE-SJ-18-Z-D,E11_Costa_Sur_1.gpkg
4690,11,E11_Costa_Sur_1,23,CHILE-SK-18-X-C,E11_Costa_Sur_1.gpkg
4691,11,E11_Costa_Sur_1,23,CHILE-SJ-18-Z-D,E11_Costa_Sur_1.gpkg
4692,11,E11_Costa_Sur_1,23,CHILE-SK-18-X-D,E11_Costa_Sur_1.gpkg
4693,11,E11_Costa_Sur_1,23,CHILE-SJ-18-Z-D,E11_Costa_Sur_1.gpkg
4694,11,E11_Costa_Sur_1,23,CHILE-SJ-18-Z-D,E11_Costa_Sur_1.gpkg
4695,11,E11_Costa_Sur_1,24,CHILE-SK-18-X-D,E11_Costa_Sur_1.gpkg
4696,11,E11_Costa_Sur_1,24,CHILE-SK-18-X-B,E11_Costa_Sur_1.gpkg
4697,11,E11_Costa_Sur_1,24,CHILE-SK-18-X-D,E11_Costa_Sur_1.gpkg
4698,11,E11_Costa_Sur_1,24,CHILE-SK-18-X-B,E11_Costa_Sur_1.gpkg
4699,11,E11_Costa_Sur_1,24,CHILE-SJ-18-Z-D,E11_Costa_Sur_1.gpkg
4700,11,E11_Costa_Sur_1,24,CHILE-SK-18-X-B,E11_Costa_Sur_1.gpkg
4701,11,E11_Costa_Sur_1,24,CHILE-SK-18-X-D,E11_Costa_Sur_1.gpkg
4702,11,E11_Costa_Sur_1,24,CHILE-SK-18-X-B,E11_Costa_Sur_1.gpkg
4703,11,E11_Costa_Sur_1,24,CHILE-SJ-18-Z-D,E11_Costa_Sur_1.gpkg
4704,11,E11_Costa_Sur_1,24,CHILE-SK-18-X-C,E11_Costa_Sur_1.gpkg
4705,11,E11_Costa_Sur_1,24,CHILE-SJ-18-Z-D,E11_Costa_Sur_1.gpkg
4706,11,E11_Costa_Sur_1,24,CHILE-SJ-18-Z-D,E11_Costa_Sur_1.gpkg
4707,11,E11_Costa_Sur_1,24,CHILE-SK-18-X-B,E11_Costa_Sur_1.gpkg
4708,11,E11_Costa_Sur_1,24,CHILE-SJ-19-Y-C,E11_Costa_Sur_1.gpkg
4709,11,E11_Costa_Sur_1,24,CHILE-SJ-19-Y-C,E11_Costa_Sur_1.gpkg
4710,11,E11_Costa_Sur_1,24,CHILE-SJ-18-Z-D,E11_Costa_Sur_1.gpkg
4711,11,E11_Costa_Sur_1,24,CHILE-SK-18-X-D,E11_Costa_Sur_1.gpkg
4712,11,E11_Costa_Sur_1,24,CHILE-SJ-18-Z-D,E11_Costa_Sur_1.gpkg
4713,11,E11_Costa_Sur_1,24,CHILE-SJ-18-Z-D,E11_Costa_Sur_1.gpkg
4714,11,E11_Costa_Sur_1,24,CHILE-SK-18-X-B,E11_Costa_Sur_1.gpkg
4715,11,E11_Costa_Sur_1,24,CHILE-SJ-18-Z-D,E11_Costa_Sur_1.gpkg
4716,11,E11_Costa_Sur_1,24,CHILE-SK-18-X-D,E11_Costa_Sur_1.gpkg
4717,11,E11_Costa_Sur_1,24,CHILE-SJ-18-Z-D,E11_Costa_Sur_1.gpkg
4718,11,E11_Costa_Sur_1,24,CHILE-SK-18-X-B,E11_Costa_Sur_1.gpkg
4719,11,E11_Costa_Sur_1,24,CHILE-SJ-18-Z-D,E11_Costa_Sur_1.gpkg
4720,11,E11_Costa_Sur_1,24,CHILE-SK-18-X-B,E11_Costa_Sur_1.gpkg
4721,11,E11_Costa_Sur_1,24,CHILE-SJ-18-Z-D,E11_Costa_Sur_1.gpkg
4722,11,E11_Costa_Sur_1,24,CHILE-SJ-18-Z-D,E11_Costa_Sur_1.gpkg
4723,11,E11_Costa_Sur_1,24,CHILE-SK-18-X-D,E11_Costa_Sur_1.gpkg
4724,11,E11_Costa_Sur_1,24,CHILE-SJ-18-Z-D,E11_Costa_Sur_1.gpkg
4725,11,E11_Costa_Sur_1,24,CHILE-SK-18-X-B,E11_Costa_Sur_1.gpkg
4726,11,E11_Costa_Sur_1,24,CHILE-SK-18-X-D,E11_Costa_Sur_1.gpkg
4727,11,E11_Costa_Sur_1,24,CHILE-SJ-18-Z-D,E11_Costa_Sur_1.gpkg
4728,11,E11_Costa_Sur_1,24,CHILE-SJ-18-Z-D,E11_Costa_Sur_1.gpkg
4729,11,E11_Costa_Sur_1,24,CHILE-SK-18-X-C,E11_Costa_Sur_1.gpkg
4730,11,E11_Costa_Sur_1,24,CHILE-SK-18-X-D,E11_Costa_Sur_1.gpkg
4731,11,E11_Costa_Sur_1,24,CHILE-SK-18-X-D,E11_Costa_Sur_1.gpkg
4732,11,E11_Costa_Sur_1,25,CHILE-SJ-18-Z-D,E11_Costa_Sur_1.gpkg
4733,11,E11_Costa_Sur_1,25,CHILE-SJ-18-Z-D,E11_Costa_Sur_1.gpkg
4734,11,E11_Costa_Sur_1,25,CHILE-SJ-18-Z-D,E11_Costa_Sur_1.gpkg
4735,11,E11_Costa_Sur_1,59,CHILE-SK-18-X-A,E11_Costa_Sur_1.gpkg
4736,11,E11_Costa_Sur_1,59,CHILE-SK-18-X-C,E11_Costa_Sur_1.gpkg
4737,11,E11_Costa_Sur_1,59,CHILE-SJ-18-Z-D,E11_Costa_Sur_1.gpkg
4738,11,E11_Costa_Sur_1,59,CHILE-SJ-18-Z-D,E11_Costa_Sur_1.gpkg
4739,11,E11_Costa_Sur_1,59,CHILE-SK-18-X-C,E11_Costa_Sur_1.gpkg
4740,11,E11_Costa_Sur_1,59,CHILE-SK-18-X-C,E11_Costa_Sur_1.gpkg
4741,11,E11_Costa_Sur_1,59,CHILE-SK-18-X-C,E11_Costa_Sur_1.gpkg
4742,11,E11_Costa_Sur_1,59,CHILE-SJ-18-Z-D,E11_Costa_Sur_1.gpkg
4743,11,E11_Costa_Sur_1,59,CHILE-SK-18-X-C,E11_Costa_Sur_1.gpkg
4744,11,E11_Costa_Sur_1,59,CHILE-SK-18-X-C,E11_Costa_Sur_1.gpkg
4745,11,E11_Costa_Sur_1,59,CHILE-SK-18-X-C,E11_Costa_Sur_1.gpkg
4746,11,E11_Costa_Sur_1,59,CHILE-SK-18-X-A,E11_Costa_Sur_1.gpkg
4747,11,E11_Costa_Sur_1,59,CHILE-SK-18-X-A,E11_Costa_Sur_1.gpkg
4748,11,E11_Costa_Sur_1,59,CHILE-SJ-18-Z-D,E11_Costa_Sur_1.gpkg
4749,11,E11_Costa_Sur_1,59,CHILE-SJ-18-Z-D,E11_Costa_Sur_1.gpkg
4750,11,E11_Costa_Sur_1,59,CHILE-SJ-18-Z-D,E11_Costa_Sur_1.gpkg
4751,11,E11_Costa_Sur_1,59,CHILE-SJ-18-Z-D,E11_Costa_Sur_1.gpkg
4752,11,E11_Costa_Sur_1,59,CHILE-SK-18-X-C,E11_Costa_Sur_1.gpkg
4753,11,E11_Costa_Sur_1,59,CHILE-SK-18-X-C,E11_Costa_Sur_1.gpkg
4754,11,E11_Costa_Sur_1,59,CHILE-SK-18-X-A,E11_Costa_Sur_1.gpkg
4755,11,E11_Costa_Sur_1,59,CHILE-SK-18-X-A,E11_Costa_Sur_1.gpkg
4756,11,E11_Costa_Sur_1,59,CHILE-SJ-18-Z-D,E11_Costa_Sur_1.gpkg
4757,11,E11_Costa_Sur_1,59,CHILE-SK-18-X-A,E11_Costa_Sur_1.gpkg
4758,11,E11_Costa_Sur_1,59,CHILE-SK-18-X-A,E11_Costa_Sur_1.gpkg
4759,11,E11_Costa_Sur_1,59,CHILE-SJ-18-Z-D,E11_Costa_Sur_1.gpkg
4760,11,E11_Costa_Sur_1,59,CHILE-SJ-18-Z-D,E11_Costa_Sur_1.gpkg
4761,11,E11_Costa_Sur_1,59,CHILE-SK-18-X-C,E11_Costa_Sur_1.gpkg
4762,11,E11_Costa_Sur_1,59,CHILE-SJ-18-Z-D,E11_Costa_Sur_1.gpkg
4763,11,E11_Costa_Sur_1,59,CHILE-SK-18-X-C,E11_Costa_Sur_1.gpkg
4764,11,E11_Costa_Sur_1,59,CHILE-SK-18-X-A,E11_Costa_Sur_1.gpkg
4765,11,E11_Costa_Sur_1,59,CHILE-SK-18-X-C,E11_Costa_Sur_1.gpkg
4766,11,E11_Costa_Sur_1,59,CHILE-SK-18-X-C,E11_Costa_Sur_1.gpkg
4767,11,E11_Costa_Sur_1,59,CHILE-SK-18-X-C,E11_Costa_Sur_1.gpkg
4768,11,E11_Costa_Sur_1,60,CHILE-SJ-18-Z-D,E11_Costa_Sur_1.gpkg
4769,11,E11_Costa_Sur_1,60,CHILE-SK-18-X-A,E11_Costa_Sur_1.gpkg
4770,11,E11_Costa_Sur_1,60,CHILE-SK-18-X-A,E11_Costa_Sur_1.gpkg
4771,11,E11_Costa_Sur_1,60,CHILE-SK-18-X-C,E11_Costa_Sur_1.gpkg
4772,11,E11_Costa_Sur_1,60,CHILE-SK-18-X-A,E11_Costa_Sur_1.gpkg
4773,11,E11_Costa_Sur_1,60,CHILE-SK-18-X-C,E11_Costa_Sur_1.gpkg
4774,11,E11_Costa_Sur_1,60,CHILE-SK-18-X-A,E11_Costa_Sur_1.gpkg
4775,11,E11_Costa_Sur_1,60,CHILE-SK-18-X-A,E11_Costa_Sur_1.gpkg
4776,11,E11_Costa_Sur_1,60,CHILE-SK-18-X-C,E11_Costa_Sur_1.gpkg
4777,11,E11_Costa_Sur_1,60,CHILE-SK-18-X-A,E11_Costa_Sur_1.gpkg
4778,11,E11_Costa_Sur_1,60,CHILE-SK-18-X-C,E11_Costa_Sur_1.gpkg
4779,11,E11_Costa_Sur_1,60,CHILE-SK-18-X-A,E11_Costa_Sur_1.gpkg
4780,11,E11_Costa_Sur_1,60,CHILE-SJ-18-Z-D,E11_Costa_Sur_1.gpkg
4781,11,E11_Costa_Sur_1,60,CHILE-SK-18-X-C,E11_Costa_Sur_1.gpkg
4782,11,E11_Costa_Sur_1,60,CHILE-SK-18-X-C,E11_Costa_Sur_1.gpkg
4783,11,E11_Costa_Sur_1,60,CHILE-SK-18-X-C,E11_Costa_Sur_1.gpkg
4784,11,E11_Costa_Sur_1,60,CHILE-SK-18-X-C,E11_Costa_Sur_1.gpkg
4785,11,E11_Costa_Sur_1,60,CHILE-SK-18-X-A,E11_Costa_Sur_1.gpkg
4786,11,E11_Costa_Sur_1,60,CHILE-SK-18-X-A,E11_Costa_Sur_1.gpkg
4787,11,E11_Costa_Sur_1,60,CHILE-SK-18-X-C,E11_Costa_Sur_1.gpkg
4788,11,E11_Costa_Sur_1,60,CHILE-SK-18-X-C,E11_Costa_Sur_1.gpkg
4789,11,E11_Costa_Sur_1,60,CHILE-SK-18-X-C,E11_Costa_Sur_1.gpkg
4790,11,E11_Costa_Sur_1,60,CHILE-SK-18-X-C,E11_Costa_Sur_1.gpkg
4791,11,E11_Costa_Sur_1,60,CHILE-SJ-18-Z-D,E11_Costa_Sur_1.gpkg
4792,11,E11_Costa_Sur_1,60,CHILE-SK-18-X-A,E11_Costa_Sur_1.gpkg
4793,11,E11_Costa_Sur_1,60,CHILE-SK-18-X-C,E11_Costa_Sur_1.gpkg
4794,11,E11_Costa_Sur_1,60,CHILE-SK-18-X-A,E11_Costa_Sur_1.gpkg
4795,11,E11_Costa_Sur_1,60,CHILE-SK-18-X-C,E11_Costa_Sur_1.gpkg
4796,11,E11_Costa_Sur_1,60,CHILE-SJ-18-Z-D,E11_Costa_Sur_1.gpkg
4797,11,E11_Costa_Sur_1,60,CHILE-SK-18-X-A,E11_Costa_Sur_1.gpkg
4798,11,E11_Costa_Sur_1,60,CHILE-SJ-18-Z-D,E11_Costa_Sur_1.gpkg
4799,11,E11_Costa_Sur_1,60,CHILE-SK-18-X-C,E11_Costa_Sur_1.gpkg
4800,11,E11_Costa_Sur_1,60,CHILE-SK-18-X-C,E11_Costa_Sur_1.gpkg
4801,11,E11_Costa_Sur_1,60,CHILE-SJ-18-Z-D,E11_Costa_Sur_1.gpkg
4802,11,E11_Costa_Sur_1,60,CHILE-SK-18-X-C,E11_Costa_Sur_1.gpkg
4803,11,E11_Costa_Sur_1,66,CHILE-SJ-18-Z-D,E11_Costa_Sur_1.gpkg
4804,11,E11_Costa_Sur_1,66,CHILE-SK-18-X-C,E11_Costa_Sur_1.gpkg
4805,11,E11_Costa_Sur_1,66,CHILE-SK-18-X-A,E11_Costa_Sur_1.gpkg
4806,11,E11_Costa_Sur_1,66,CHILE-SJ-18-Z-D,E11_Costa_Sur_1.gpkg
4807,11,E11_Costa_Sur_1,66,CHILE-SK-18-X-C,E11_Costa_Sur_1.gpkg
4808,11,E11_Costa_Sur_1,66,CHILE-SJ-18-Z-D,E11_Costa_Sur_1.gpkg
4809,11,E11_Costa_Sur_1,66,CHILE-SJ-18-Z-D,E11_Costa_Sur_1.gpkg
4810,11,E11_Costa_Sur_1,66,CHILE-SJ-18-Z-D,E11_Costa_Sur_1.gpkg
4811,11,E11_Costa_Sur_1,66,CHILE-SJ-18-Z-D,E11_Costa_Sur_1.gpkg
4812,11,E11_Costa_Sur_1,66,CHILE-SJ-18-Z-D,E11_Costa_Sur_1.gpkg
4813,11,E11_Costa_Sur_1,66,CHILE-SK-18-X-A,E11_Costa_Sur_1.gpkg
4814,11,E11_Costa_Sur_1,66,CHILE-SJ-18-Z-D,E11_Costa_Sur_1.gpkg
4815,11,E11_Costa_Sur_1,66,CHILE-SJ-18-Z-D,E11_Costa_Sur_1.gpkg
4816,11,E11_Costa_Sur_1,66,CHILE-SJ-18-Z-D,E11_Costa_Sur_1.gpkg
4817,11,E11_Costa_Sur_1,66,CHILE-SJ-18-Z-D,E11_Costa_Sur_1.gpkg
4818,11,E11_Costa_Sur_1,66,CHILE-SJ-18-Z-D,E11_Costa_Sur_1.gpkg
4819,11,E11_Costa_Sur_1,66,CHILE-SK-18-X-A,E11_Costa_Sur_1.gpkg
4820,11,E11_Costa_Sur_1,66,CHILE-SJ-18-Z-D,E11_Costa_Sur_1.gpkg
4821,11,E11_Costa_Sur_1,66,CHILE-SJ-18-Z-D,E11_Costa_Sur_1.gpkg
4822,11,E11_Costa_Sur_1,66,CHILE-SJ-18-Z-D,E11_Costa_Sur_1.gpkg
4823,11,E11_Costa_Sur_1,66,CHILE-SJ-18-Z-D,E11_Costa_Sur_1.gpkg
4824,11,E11_Costa_Sur_1,66,CHILE-SK-18-X-C,E11_Costa_Sur_1.gpkg
4825,11,E11_Costa_Sur_1,66,CHILE-SJ-18-Z-D,E11_Costa_Sur_1.gpkg
4826,11,E11_Costa_Sur_1,66,CHILE-SK-18-X-A,E11_Costa_Sur_1.gpkg
4827,11,E11_Costa_Sur_1,66,CHILE-SK-18-X-A,E11_Costa_Sur_1.gpkg
4828,11,E11_Costa_Sur_1,80,CHILE-SJ-18-Z-D,E11_Costa_Sur_1.gpkg
4829,11,E11_Costa_Sur_1,80,CHILE-SJ-18-Z-D,E11_Costa_Sur_1.gpkg
4830,11,E11_Costa_Sur_1,80,CHILE-SK-18-X-B,E11_Costa_Sur_1.gpkg
4831,11,E11_Costa_Sur_1,80,CHILE-SK-18-X-B,E11_Costa_Sur_1.gpkg
4832,11,E11_Costa_Sur_1,80,CHILE-SJ-18-Z-D,E11_Costa_Sur_1.gpkg
4833,11,E11_Costa_Sur_1,80,CHILE-SK-18-X-B,E11_Costa_Sur_1.gpkg
4834,11,E11_Costa_Sur_1,80,CHILE-SJ-18-Z-D,E11_Costa_Sur_1.gpkg
4835,11,E11_Costa_Sur_1,80,CHILE-SJ-18-Z-D,E11_Costa_Sur_1.gpkg
4836,11,E11_Costa_Sur_1,80,CHILE-SJ-18-Z-D,E11_Costa_Sur_1.gpkg
4837,11,E11_Costa_Sur_1,80,CHILE-SK-18-X-B,E11_Costa_Sur_1.gpkg
4838,11,E11_Costa_Sur_1,80,CHILE-SJ-18-Z-D,E11_Costa_Sur_1.gpkg
4839,11,E11_Costa_Sur_1,80,CHILE-SK-18-X-B,E11_Costa_Sur_1.gpkg
4840,11,E11_Costa_Sur_1,80,CHILE-SJ-18-Z-D,E11_Costa_Sur_1.gpkg
4841,11,E11_Costa_Sur_1,80,CHILE-SK-18-X-B,E11_Costa_Sur_1.gpkg
4842,11,E11_Costa_Sur_1,80,CHILE-SK-18-X-B,E11_Costa_Sur_1.gpkg
4843,11,E11_Costa_Sur_1,80,CHILE-SJ-18-Z-D,E11_Costa_Sur_1.gpkg
4844,11,E11_Costa_Sur_1,80,CHILE-SK-18-X-B,E11_Costa_Sur_1.gpkg
4845,11,E11_Costa_Sur_1,80,CHILE-SJ-18-Z-D,E11_Costa_Sur_1.gpkg
4846,11,E11_Costa_Sur_1,80,CHILE-SJ-18-Z-D,E11_Costa_Sur_1.gpkg
4847,11,E11_Costa_Sur_1,80,CHILE-SK-18-X-B,E11_Costa_Sur_1.gpkg
4848,11,E11_Costa_Sur_1,80,CHILE-SK-18-X-B,E11_Costa_Sur_1.gpkg
4849,11,E11_Costa_Sur_1,80,CHILE-SJ-18-Z-D,E11_Costa_Sur_1.gpkg
4850,11,E11_Costa_Sur_1,80,CHILE-SK-18-X-A,E11_Costa_Sur_1.gpkg
4851,11,E11_Costa_Sur_1,80,CHILE-SJ-18-Z-D,E11_Costa_Sur_1.gpkg
4852,11,E11_Costa_Sur_1,80,CHILE-SJ-18-Z-D,E11_Costa_Sur_1.gpkg
4853,11,E11_Costa_Sur_1,80,CHILE-SK-18-X-B,E11_Costa_Sur_1.gpkg
4854,11,E11_Costa_Sur_1,80,CHILE-SK-18-X-B,E11_Costa_Sur_1.gpkg
4855,11,E11_Costa_Sur_1,80,CHILE-SK-18-X-B,E11_Costa_Sur_1.gpkg
4856,11,E11_Costa_Sur_1,80,CHILE-SJ-18-Z-D,E11_Costa_Sur_1.gpkg
4857,11,E11_Costa_Sur_1,80,CHILE-SJ-18-Z-D,E11_Costa_Sur_1.gpkg
4858,11,E11_Costa_Sur_1,80,CHILE-SK-18-X-B,E11_Costa_Sur_1.gpkg
4859,11,E11_Costa_Sur_1,80,CHILE-SK-18-X-B,E11_Costa_Sur_1.gpkg
4860,11,E11_Costa_Sur_1,80,CHILE-SJ-18-Z-D,E11_Costa_Sur_1.gpkg
4861,11,E11_Costa_Sur_1,80,CHILE-SJ-18-Z-D,E11_Costa_Sur_1.gpkg
4862,11,E11_Costa_Sur_1,80,CHILE-SK-18-X-B,E11_Costa_Sur_1.gpkg
4863,11,E11_Costa_Sur_1,80,CHILE-SJ-18-Z-D,E11_Costa_Sur_1.gpkg
4864,11,E11_Costa_Sur_1,80,CHILE-SJ-18-Z-D,E11_Costa_Sur_1.gpkg
4865,11,E11_Costa_Sur_1,80,CHILE-SJ-18-Z-D,E11_Costa_Sur_1.gpkg
4866,11,E11_Costa_Sur_1,80,CHILE-SK-18-X-B,E11_Costa_Sur_1.gpkg
4867,11,E11_Costa_Sur_1,80,CHILE-SJ-18-Z-D,E11_Costa_Sur_1.gpkg
4868,11,E11_Costa_Sur_1,80,CHILE-SJ-18-Z-D,E11_Costa_Sur_1.gpkg
4869,11,E11_Costa_Sur_1,80,CHILE-SK-18-X-B,E11_Costa_Sur_1.gpkg
4870,11,E11_Costa_Sur_1,80,CHILE-SK-18-X-B,E11_Costa_Sur_1.gpkg
4871,11,E11_Costa_Sur_1,80,CHILE-SJ-18-Z-D,E11_Costa_Sur_1.gpkg
4872,11,E11_Costa_Sur_1,80,CHILE-SK-18-X-B,E11_Costa_Sur_1.gpkg
4873,11,E11_Costa_Sur_1,80,CHILE-SK-18-X-B,E11_Costa_Sur_1.gpkg
4874,11,E11_Costa_Sur_1,80,CHILE-SJ-18-Z-D,E11_Costa_Sur_1.gpkg
4875,11,E11_Costa_Sur_1,80,CHILE-SK-18-X-B,E11_Costa_Sur_1.gpkg
4876,11,E11_Costa_Sur_1,80,CHILE-SJ-18-Z-D,E11_Costa_Sur_1.gpkg
4877,11,E11_Costa_Sur_1,80,CHILE-SJ-18-Z-D,E11_Costa_Sur_1.gpkg
4878,11,E11_Costa_Sur_1,80,CHILE-SK-18-X-B,E11_Costa_Sur_1.gpkg
4879,11,E11_Costa_Sur_1,80,CHILE-SJ-18-Z-D,E11_Costa_Sur_1.gpkg
4880,11,E11_Costa_Sur_1,80,CHILE-SJ-18-Z-D,E11_Costa_Sur_1.gpkg
4881,11,E11_Costa_Sur_1,80,CHILE-SK-18-X-B,E11_Costa_Sur_1.gpkg
4882,11,E11_Costa_Sur_1,80,CHILE-SK-18-X-B,E11_Costa_Sur_1.gpkg
4883,11,E11_Costa_Sur_1,80,CHILE-SJ-18-Z-D,E11_Costa_Sur_1.gpkg
4884,11,E11_Costa_Sur_1,80,CHILE-SK-18-X-B,E11_Costa_Sur_1.gpkg
4885,11,E11_Costa_Sur_1,80,CHILE-SK-18-X-B,E11_Costa_Sur_1.gpkg
4886,11,E11_Costa_Sur_1,80,CHILE-SK-18-X-B,E11_Costa_Sur_1.gpkg
4887,11,E11_Costa_Sur_1,80,CHILE-SJ-18-Z-D,E11_Costa_Sur_1.gpkg
4888,11,E11_Costa_Sur_1,80,CHILE-SJ-18-Z-D,E11_Costa_Sur_1.gpkg
4889,11,E11_Costa_Sur_1,80,CHILE-SJ-18-Z-D,E11_Costa_Sur_1.gpkg
4890,11,E11_Costa_Sur_1,80,CHILE-SJ-18-Z-D,E11_Costa_Sur_1.gpkg
4891,11,E11_Costa_Sur_1,80,CHILE-SJ-18-Z-D,E11_Costa_Sur_1.gpkg
4892,11,E11_Costa_Sur_1,80,CHILE-SK-18-X-B,E11_Costa_Sur_1.gpkg
4893,11,E11_Costa_Sur_1,80,CHILE-SK-18-X-B,E11_Costa_Sur_1.gpkg
4894,11,E11_Costa_Sur_1,80,CHILE-SJ-18-Z-D,E11_Costa_Sur_1.gpkg
4895,11,E11_Costa_Sur_1,80,CHILE-SJ-18-Z-D,E11_Costa_Sur_1.gpkg
4896,11,E11_Costa_Sur_1,80,CHILE-SJ-18-Z-D,E11_Costa_Sur_1.gpkg
4897,11,E11_Costa_Sur_1,80,CHILE-SK-18-X-B,E11_Costa_Sur_1.gpkg
4898,11,E11_Costa_Sur_1,80,CHILE-SJ-18-Z-D,E11_Costa_Sur_1.gpkg
4899,11,E11_Costa_Sur_1,80,CHILE-SK-18-X-B,E11_Costa_Sur_1.gpkg
4900,11,E11_Costa_Sur_1,80,CHILE-SJ-18-Z-D,E11_Costa_Sur_1.gpkg
4901,11,E11_Costa_Sur_1,80,CHILE-SJ-18-Z-D,E11_Costa_Sur_1.gpkg
4902,11,E11_Costa_Sur_1,80,CHILE-SK-18-X-B,E11_Costa_Sur_1.gpkg
4903,11,E11_Costa_Sur_1,80,CHILE-SJ-18-Z-D,E11_Costa_Sur_1.gpkg
4904,11,E11_Costa_Sur_1,80,CHILE-SJ-18-Z-D,E11_Costa_Sur_1.gpkg
4905,11,E11_Costa_Sur_1,80,CHILE-SK-18-X-B,E11_Costa_Sur_1.gpkg
4906,11,E11_Costa_Sur_1,80,CHILE-SJ-18-Z-D,E11_Costa_Sur_1.gpkg
4907,11,E11_Costa_Sur_1,80,CHILE-SJ-18-Z-D,E11_Costa_Sur_1.gpkg
4908,11,E11_Costa_Sur_1,80,CHILE-SJ-18-Z-D,E11_Costa_Sur_1.gpkg
4909,11,E11_Costa_Sur_1,80,CHILE-SJ-18-Z-D,E11_Costa_Sur_1.gpkg
4910,11,E11_Costa_Sur_1,80,CHILE-SK-18-X-B,E11_Costa_Sur_1.gpkg
4911,11,E11_Costa_Sur_1,80,CHILE-SK-18-X-B,E11_Costa_Sur_1.gpkg
4912,11,E11_Costa_Sur_1,80,CHILE-SJ-18-Z-D,E11_Costa_Sur_1.gpkg
4913,11,E11_Costa_Sur_1,80,CHILE-SK-18-X-B,E11_Costa_Sur_1.gpkg
4914,11,E11_Costa_Sur_1,80,CHILE-SJ-18-Z-D,E11_Costa_Sur_1.gpkg
4915,11,E11_Costa_Sur_1,80,CHILE-SJ-18-Z-D,E11_Costa_Sur_1.gpkg
4916,11,E11_Costa_Sur_1,80,CHILE-SJ-18-Z-D,E11_Costa_Sur_1.gpkg
4917,11,E11_Costa_Sur_1,80,CHILE-SK-18-X-B,E11_Costa_Sur_1.gpkg
4918,11,E11_Costa_Sur_1,80,CHILE-SK-18-X-B,E11_Costa_Sur_1.gpkg
4919,11,E11_Costa_Sur_1,80,CHILE-SK-18-X-B,E11_Costa_Sur_1.gpkg
4920,11,E11_Costa_Sur_1,80,CHILE-SJ-18-Z-D,E11_Costa_Sur_1.gpkg
4921,11,E11_Costa_Sur_1,80,CHILE-SK-18-X-B,E11_Costa_Sur_1.gpkg
4922,11,E11_Costa_Sur_1,80,CHILE-SJ-18-Z-D,E11_Costa_Sur_1.gpkg
4923,11,E11_Costa_Sur_1,80,CHILE-SJ-18-Z-D,E11_Costa_Sur_1.gpkg
4924,11,E11_Costa_Sur_1,80,CHILE-SJ-18-Z-D,E11_Costa_Sur_1.gpkg
4925,11,E11_Costa_Sur_1,80,CHILE-SJ-18-Z-D,E11_Costa_Sur_1.gpkg
4926,11,E11_Costa_Sur_1,80,CHILE-SK-18-X-B,E11_Costa_Sur_1.gpkg
4927,11,E11_Costa_Sur_1,80,CHILE-SK-18-X-B,E11_Costa_Sur_1.gpkg
4928,11,E11_Costa_Sur_1,80,CHILE-SJ-18-Z-D,E11_Costa_Sur_1.gpkg
4929,11,E11_Costa_Sur_1,80,CHILE-SJ-18-Z-D,E11_Costa_Sur_1.gpkg
4930,11,E11_Costa_Sur_1,80,CHILE-SJ-18-Z-D,E11_Costa_Sur_1.gpkg
4931,11,E11_Costa_Sur_1,80,CHILE-SK-18-X-B,E11_Costa_Sur_1.gpkg
4932,11,E11_Costa_Sur_1,80,CHILE-SJ-18-Z-D,E11_Costa_Sur_1.gpkg
4933,11,E11_Costa_Sur_1,80,CHILE-SJ-18-Z-D,E11_Costa_Sur_1.gpkg
4934,11,E11_Costa_Sur_1,80,CHILE-SJ-18-Z-D,E11_Costa_Sur_1.gpkg
4935,11,E11_Costa_Sur_1,80,CHILE-SJ-18-Z-D,E11_Costa_Sur_1.gpkg
4936,11,E11_Costa_Sur_1,80,CHILE-SJ-18-Z-D,E11_Costa_Sur_1.gpkg
4937,11,E11_Costa_Sur_1,80,CHILE-SK-18-X-B,E11_Costa_Sur_1.gpkg
4938,11,E11_Costa_Sur_1,80,CHILE-SK-18-X-B,E11_Costa_Sur_1.gpkg
4939,11,E11_Costa_Sur_1,80,CHILE-SJ-18-Z-D,E11_Costa_Sur_1.gpkg
4940,11,E11_Costa_Sur_1,80,CHILE-SK-18-X-B,E11_Costa_Sur_1.gpkg
4941,11,E11_Costa_Sur_1,80,CHILE-SJ-18-Z-D,E11_Costa_Sur_1.gpkg
4942,11,E11_Costa_Sur_1,80,CHILE-SJ-18-Z-D,E11_Costa_Sur_1.gpkg
4943,11,E11_Costa_Sur_1,80,CHILE-SK-18-X-B,E11_Costa_Sur_1.gpkg
4944,11,E11_Costa_Sur_1,80,CHILE-SJ-18-Z-D,E11_Costa_Sur_1.gpkg
4945,11,E11_Costa_Sur_1,80,CHILE-SJ-18-Z-D,E11_Costa_Sur_1.gpkg
4946,11,E11_Costa_Sur_1,80,CHILE-SK-18-X-B,E11_Costa_Sur_1.gpkg
4947,11,E11_Costa_Sur_1,80,CHILE-SK-18-X-B,E11_Costa_Sur_1.gpkg
4948,11,E11_Costa_Sur_1,80,CHILE-SK-18-X-B,E11_Costa_Sur_1.gpkg
4949,11,E11_Costa_Sur_1,80,CHILE-SJ-18-Z-D,E11_Costa_Sur_1.gpkg
4950,11,E11_Costa_Sur_1,80,CHILE-SJ-18-Z-D,E11_Costa_Sur_1.gpkg
4951,11,E11_Costa_Sur_1,80,CHILE-SK-18-X-B,E11_Costa_Sur_1.gpkg
4952,11,E11_Costa_Sur_1,80,CHILE-SK-18-X-B,E11_Costa_Sur_1.gpkg
4953,11,E11_Costa_Sur_1,80,CHILE-SK-18-X-B,E11_Costa_Sur_1.gpkg
4954,11,E11_Costa_Sur_1,80,CHILE-SK-18-X-B,E11_Costa_Sur_1.gpkg
4955,11,E11_Costa_Sur_1,80,CHILE-SJ-18-Z-D,E11_Costa_Sur_1.gpkg
4956,11,E11_Costa_Sur_1,80,CHILE-SK-18-X-A,E11_Costa_Sur_1.gpkg
4957,11,E11_Costa_Sur_1,80,CHILE-SJ-18-Z-D,E11_Costa_Sur_1.gpkg
4958,11,E11_Costa_Sur_1,80,CHILE-SJ-18-Z-D,E11_Costa_Sur_1.gpkg
4959,11,E11_Costa_Sur_1,80,CHILE-SK-18-X-B,E11_Costa_Sur_1.gpkg
4960,11,E11_Costa_Sur_1,80,CHILE-SK-18-X-B,E11_Costa_Sur_1.gpkg
4961,11,E11_Costa_Sur_1,80,CHILE-SK-18-X-B,E11_Costa_Sur_1.gpkg
4962,11,E11_Costa_Sur_1,80,CHILE-SJ-18-Z-D,E11_Costa_Sur_1.gpkg
4963,11,E11_Costa_Sur_1,80,CHILE-SK-18-X-B,E11_Costa_Sur_1.gpkg
4964,11,E11_Costa_Sur_1,80,CHILE-SK-18-X-B,E11_Costa_Sur_1.gpkg
4965,11,E11_Costa_Sur_1,80,CHILE-SK-18-X-B,E11_Costa_Sur_1.gpkg
4966,11,E11_Costa_Sur_1,80,CHILE-SJ-18-Z-D,E11_Costa_Sur_1.gpkg
4967,11,E11_Costa_Sur_1,80,CHILE-SJ-18-Z-D,E11_Costa_Sur_1.gpkg
4968,11,E11_Costa_Sur_1,80,CHILE-SK-18-X-B,E11_Costa_Sur_1.gpkg
4969,11,E11_Costa_Sur_1,80,CHILE-SJ-18-Z-D,E11_Costa_Sur_1.gpkg
4970,11,E11_Costa_Sur_1,80,CHILE-SJ-18-Z-D,E11_Costa_Sur_1.gpkg
4971,11,E11_Costa_Sur_1,80,CHILE-SK-18-X-B,E11_Costa_Sur_1.gpkg
4972,11,E11_Costa_Sur_1,80,CHILE-SJ-18-Z-D,E11_Costa_Sur_1.gpkg
4973,11,E11_Costa_Sur_1,80,CHILE-SJ-18-Z-D,E11_Costa_Sur_1.gpkg
4974,11,E11_Costa_Sur_1,80,CHILE-SK-18-X-B,E11_Costa_Sur_1.gpkg
4975,11,E11_Costa_Sur_1,80,CHILE-SJ-18-Z-D,E11_Costa_Sur_1.gpkg
4976,11,E11_Costa_Sur_1,80,CHILE-SJ-18-Z-D,E11_Costa_Sur_1.gpkg
4977,11,E11_Costa_Sur_1,80,CHILE-SJ-18-Z-D,E11_Costa_Sur_1.gpkg
4978,11,E11_Costa_Sur_1,80,CHILE-SK-18-X-B,E11_Costa_Sur_1.gpkg
4979,11,E11_Costa_Sur_1,80,CHILE-SJ-18-Z-D,E11_Costa_Sur_1.gpkg
4980,11,E11_Costa_Sur_1,80,CHILE-SJ-18-Z-D,E11_Costa_Sur_1.gpkg
4981,11,E11_Costa_Sur_1,80,CHILE-SJ-18-Z-D,E11_Costa_Sur_1.gpkg
4982,11,E11_Costa_Sur_1,80,CHILE-SJ-18-Z-D,E11_Costa_Sur_1.gpkg
4983,11,E11_Costa_Sur_1,80,CHILE-SJ-18-Z-D,E11_Costa_Sur_1.gpkg
4984,11,E11_Costa_Sur_1,80,CHILE-SK-18-X-B,E11_Costa_Sur_1.gpkg
4985,11,E11_Costa_Sur_1,80,CHILE-SK-18-X-B,E11_Costa_Sur_1.gpkg
4986,11,E11_Costa_Sur_1,80,CHILE-SJ-18-Z-D,E11_Costa_Sur_1.gpkg
4987,11,E11_Costa_Sur_1,80,CHILE-SK-18-X-B,E11_Costa_Sur_1.gpkg
4988,11,E11_Costa_Sur_1,80,CHILE-SJ-18-Z-D,E11_Costa_Sur_1.gpkg
4989,11,E11_Costa_Sur_1,80,CHILE-SK-18-X-B,E11_Costa_Sur_1.gpkg
4990,11,E11_Costa_Sur_1,80,CHILE-SJ-18-Z-D,E11_Costa_Sur_1.gpkg
4991,11,E11_Costa_Sur_1,80,CHILE-SJ-18-Z-D,E11_Costa_Sur_1.gpkg
4992,11,E11_Costa_Sur_1,80,CHILE-SJ-18-Z-D,E11_Costa_Sur_1.gpkg
4993,11,E11_Costa_Sur_1,80,CHILE-SJ-18-Z-D,E11_Costa_Sur_1.gpkg
4994,11,E11_Costa_Sur_1,80,CHILE-SJ-18-Z-D,E11_Costa_Sur_1.gpkg
4995,11,E11_Costa_Sur_1,80,CHILE-SK-18-X-B,E11_Costa_Sur_1.gpkg
4996,11,E11_Costa_Sur_1,80,CHILE-SJ-18-Z-D,E11_Costa_Sur_1.gpkg
4997,11,E11_Costa_Sur_1,80,CHILE-SJ-18-Z-D,E11_Costa_Sur_1.gpkg
4998,11,E11_Costa_Sur_1,80,CHILE-SJ-18-Z-D,E11_Costa_Sur_1.gpkg
4999,11,E11_Costa_Sur_1,80,CHILE-SK-18-X-B,E11_Costa_Sur_1.gpkg
5000,11,E11_Costa_Sur_1,80,CHILE-SJ-18-Z-D,E11_Costa_Sur_1.gpkg
5001,11,E11_Costa_Sur_1,80,CHILE-SJ-18-Z-D,E11_Costa_Sur_1.gpkg
5002,11,E11_Costa_Sur_1,80,CHILE-SK-18-X-B,E11_Costa_Sur_1.gpkg
5003,11,E11_Costa_Sur_1,80,CHILE-SK-18-X-B,E11_Costa_Sur_1.gpkg
5004,11,E11_Costa_Sur_1,80,CHILE-SK-18-X-B,E11_Costa_Sur_1.gpkg
5005,11,E11_Costa_Sur_1,80,CHILE-SK-18-X-B,E11_Costa_Sur_1.gpkg
5006,11,E11_Costa_Sur_1,80,CHILE-SJ-18-Z-D,E11_Costa_Sur_1.gpkg
5007,11,E11_Costa_Sur_1,80,CHILE-SK-18-X-B,E11_Costa_Sur_1.gpkg
5008,11,E11_Costa_Sur_1,80,CHILE-SJ-18-Z-D,E11_Costa_Sur_1.gpkg
5009,11,E11_Costa_Sur_1,80,CHILE-SJ-18-Z-D,E11_Costa_Sur_1.gpkg
5010,11,E11_Costa_Sur_1,80,CHILE-SJ-18-Z-D,E11_Costa_Sur_1.gpkg
5011,11,E11_Costa_Sur_1,80,CHILE-SJ-18-Z-D,E11_Costa_Sur_1.gpkg
5012,11,E11_Costa_Sur_1,80,CHILE-SJ-18-Z-D,E11_Costa_Sur_1.gpkg
5013,11,E11_Costa_Sur_1,80,CHILE-SJ-18-Z-D,E11_Costa_Sur_1.gpkg
5014,11,E11_Costa_Sur_1,80,CHILE-SJ-18-Z-D,E11_Costa_Sur_1.gpkg
5015,11,E11_Costa_Sur_1,80,CHILE-SJ-18-Z-D,E11_Costa_Sur_1.gpkg
5016,11,E11_Costa_Sur_1,80,CHILE-SJ-18-Z-D,E11_Costa_Sur_1.gpkg
5017,11,E11_Costa_Sur_1,80,CHILE-SJ-18-Z-D,E11_Costa_Sur_1.gpkg
5018,11,E11_Costa_Sur_1,80,CHILE-SJ-18-Z-D,E11_Costa_Sur_1.gpkg
5019,11,E11_Costa_Sur_1,80,CHILE-SK-18-X-B,E11_Costa_Sur_1.gpkg
5020,11,E11_Costa_Sur_1,80,CHILE-SJ-18-Z-D,E11_Costa_Sur_1.gpkg
5021,11,E11_Costa_Sur_1,80,CHILE-SJ-18-Z-D,E11_Costa_Sur_1.gpkg
5022,11,E11_Costa_Sur_1,80,CHILE-SK-18-X-B,E11_Costa_Sur_1.gpkg
5023,11,E11_Costa_Sur_1,80,CHILE-SK-18-X-B,E11_Costa_Sur_1.gpkg
5024,11,E11_Costa_Sur_1,80,CHILE-SJ-18-Z-D,E11_Costa_Sur_1.gpkg
5025,11,E11_Costa_Sur_1,80,CHILE-SJ-18-Z-D,E11_Costa_Sur_1.gpkg
5026,11,E11_Costa_Sur_1,80,CHILE-SJ-18-Z-D,E11_Costa_Sur_1.gpkg
5027,11,E11_Costa_Sur_1,80,CHILE-SJ-18-Z-D,E11_Costa_Sur_1.gpkg
5028,11,E11_Costa_Sur_1,80,CHILE-SK-18-X-B,E11_Costa_Sur_1.gpkg
5029,11,E11_Costa_Sur_1,80,CHILE-SK-18-X-B,E11_Costa_Sur_1.gpkg
5030,11,E11_Costa_Sur_1,80,CHILE-SJ-18-Z-D,E11_Costa_Sur_1.gpkg
5031,11,E11_Costa_Sur_1,80,CHILE-SJ-18-Z-D,E11_Costa_Sur_1.gpkg
5032,11,E11_Costa_Sur_1,80,CHILE-SK-18-X-B,E11_Costa_Sur_1.gpkg
5033,11,E11_Costa_Sur_1,80,CHILE-SJ-18-Z-D,E11_Costa_Sur_1.gpkg
5034,11,E11_Costa_Sur_1,80,CHILE-SK-18-X-B,E11_Costa_Sur_1.gpkg
5035,11,E11_Costa_Sur_1,80,CHILE-SK-18-X-B,E11_Costa_Sur_1.gpkg
5036,11,E11_Costa_Sur_1,80,CHILE-SJ-18-Z-D,E11_Costa_Sur_1.gpkg
5037,11,E11_Costa_Sur_1,80,CHILE-SK-18-X-B,E11_Costa_Sur_1.gpkg
5038,11,E11_Costa_Sur_1,80,CHILE-SJ-18-Z-D,E11_Costa_Sur_1.gpkg
5039,11,E11_Costa_Sur_1,80,CHILE-SJ-18-Z-D,E11_Costa_Sur_1.gpkg
5040,11,E11_Costa_Sur_1,80,CHILE-SK-18-X-B,E11_Costa_Sur_1.gpkg
5041,11,E11_Costa_Sur_1,80,CHILE-SK-18-X-B,E11_Costa_Sur_1.gpkg
5042,11,E11_Costa_Sur_1,80,CHILE-SJ-18-Z-D,E11_Costa_Sur_1.gpkg
5043,11,E11_Costa_Sur_1,80,CHILE-SJ-18-Z-D,E11_Costa_Sur_1.gpkg
5044,11,E11_Costa_Sur_1,80,CHILE-SJ-18-Z-D,E11_Costa_Sur_1.gpkg
5045,11,E11_Costa_Sur_1,80,CHILE-SK-18-X-B,E11_Costa_Sur_1.gpkg
5046,11,E11_Costa_Sur_1,80,CHILE-SJ-18-Z-D,E11_Costa_Sur_1.gpkg
5047,11,E11_Costa_Sur_1,80,CHILE-SK-18-X-B,E11_Costa_Sur_1.gpkg
5048,11,E11_Costa_Sur_1,80,CHILE-SJ-18-Z-D,E11_Costa_Sur_1.gpkg
5049,11,E11_Costa_Sur_1,80,CHILE-SK-18-X-B,E11_Costa_Sur_1.gpkg
5050,11,E11_Costa_Sur_1,80,CHILE-SJ-18-Z-D,E11_Costa_Sur_1.gpkg
5051,11,E11_Costa_Sur_1,80,CHILE-SJ-18-Z-D,E11_Costa_Sur_1.gpkg
5052,11,E11_Costa_Sur_1,80,CHILE-SJ-18-Z-D,E11_Costa_Sur_1.gpkg
5053,11,E11_Costa_Sur_1,80,CHILE-SJ-18-Z-D,E11_Costa_Sur_1.gpkg
5054,11,E11_Costa_Sur_1,80,CHILE-SK-18-X-B,E11_Costa_Sur_1.gpkg
5055,11,E11_Costa_Sur_1,80,CHILE-SJ-18-Z-D,E11_Costa_Sur_1.gpkg
5056,11,E11_Costa_Sur_1,80,CHILE-SJ-18-Z-D,E11_Costa_Sur_1.gpkg
5057,11,E11_Costa_Sur_1,80,CHILE-SJ-18-Z-D,E11_Costa_Sur_1.gpkg
5058,11,E11_Costa_Sur_1,80,CHILE-SJ-18-Z-D,E11_Costa_Sur_1.gpkg
5059,11,E11_Costa_Sur_1,80,CHILE-SJ-18-Z-D,E11_Costa_Sur_1.gpkg
5060,11,E11_Costa_Sur_1,80,CHILE-SK-18-X-B,E11_Costa_Sur_1.gpkg
5061,11,E11_Costa_Sur_1,80,CHILE-SJ-18-Z-D,E11_Costa_Sur_1.gpkg
5062,11,E11_Costa_Sur_1,80,CHILE-SJ-18-Z-D,E11_Costa_Sur_1.gpkg
5063,11,E11_Costa_Sur_1,80,CHILE-SJ-18-Z-D,E11_Costa_Sur_1.gpkg
5064,11,E11_Costa_Sur_1,80,CHILE-SJ-18-Z-D,E11_Costa_Sur_1.gpkg
5065,11,E11_Costa_Sur_1,80,CHILE-SJ-18-Z-D,E11_Costa_Sur_1.gpkg
5066,11,E11_Costa_Sur_1,80,CHILE-SJ-18-Z-D,E11_Costa_Sur_1.gpkg
5067,11,E11_Costa_Sur_1,80,CHILE-SJ-18-Z-D,E11_Costa_Sur_1.gpkg
5068,11,E11_Costa_Sur_1,80,CHILE-SK-18-X-B,E11_Costa_Sur_1.gpkg
5069,11,E11_Costa_Sur_1,80,CHILE-SK-18-X-A,E11_Costa_Sur_1.gpkg
5070,11,E11_Costa_Sur_1,80,CHILE-SJ-18-Z-D,E11_Costa_Sur_1.gpkg
5071,11,E11_Costa_Sur_1,80,CHILE-SJ-18-Z-D,E11_Costa_Sur_1.gpkg
5072,11,E11_Costa_Sur_1,80,CHILE-SJ-18-Z-D,E11_Costa_Sur_1.gpkg
5073,11,E11_Costa_Sur_1,80,CHILE-SJ-18-Z-D,E11_Costa_Sur_1.gpkg
5074,11,E11_Costa_Sur_1,80,CHILE-SJ-18-Z-D,E11_Costa_Sur_1.gpkg
5075,11,E11_Costa_Sur_1,80,CHILE-SK-18-X-B,E11_Costa_Sur_1.gpkg
5076,11,E11_Costa_Sur_1,80,CHILE-SJ-18-Z-D,E11_Costa_Sur_1.gpkg
5077,11,E11_Costa_Sur_1,80,CHILE-SJ-18-Z-D,E11_Costa_Sur_1.gpkg
5078,11,E11_Costa_Sur_1,80,CHILE-SJ-18-Z-D,E11_Costa_Sur_1.gpkg
5079,11,E11_Costa_Sur_1,80,CHILE-SJ-18-Z-D,E11_Costa_Sur_1.gpkg
5080,11,E11_Costa_Sur_1,80,CHILE-SK-18-X-B,E11_Costa_Sur_1.gpkg
5081,11,E11_Costa_Sur_1,80,CHILE-SJ-18-Z-D,E11_Costa_Sur_1.gpkg
5082,11,E11_Costa_Sur_1,80,CHILE-SJ-18-Z-D,E11_Costa_Sur_1.gpkg
5083,11,E11_Costa_Sur_1,80,CHILE-SK-18-X-B,E11_Costa_Sur_1.gpkg
5084,11,E11_Costa_Sur_1,80,CHILE-SJ-18-Z-D,E11_Costa_Sur_1.gpkg
5085,11,E11_Costa_Sur_1,80,CHILE-SK-18-X-B,E11_Costa_Sur_1.gpkg
5086,11,E11_Costa_Sur_1,80,CHILE-SK-18-X-B,E11_Costa_Sur_1.gpkg
5087,11,E11_Costa_Sur_1,80,CHILE-SJ-18-Z-D,E11_Costa_Sur_1.gpkg
5088,11,E11_Costa_Sur_1,80,CHILE-SJ-18-Z-D,E11_Costa_Sur_1.gpkg
5089,11,E11_Costa_Sur_1,80,CHILE-SJ-18-Z-D,E11_Costa_Sur_1.gpkg
5090,11,E11_Costa_Sur_1,80,CHILE-SJ-18-Z-D,E11_Costa_Sur_1.gpkg
5091,11,E11_Costa_Sur_1,80,CHILE-SK-18-X-B,E11_Costa_Sur_1.gpkg
5092,11,E11_Costa_Sur_1,80,CHILE-SK-18-X-B,E11_Costa_Sur_1.gpkg
5093,11,E11_Costa_Sur_1,80,CHILE-SJ-18-Z-D,E11_Costa_Sur_1.gpkg
5094,11,E11_Costa_Sur_1,80,CHILE-SJ-18-Z-D,E11_Costa_Sur_1.gpkg
5095,11,E11_Costa_Sur_1,80,CHILE-SJ-18-Z-D,E11_Costa_Sur_1.gpkg
5096,11,E11_Costa_Sur_1,80,CHILE-SJ-18-Z-D,E11_Costa_Sur_1.gpkg
5097,11,E11_Costa_Sur_1,80,CHILE-SJ-18-Z-D,E11_Costa_Sur_1.gpkg
5098,11,E11_Costa_Sur_1,80,CHILE-SJ-18-Z-D,E11_Costa_Sur_1.gpkg
5099,11,E11_Costa_Sur_1,80,CHILE-SK-18-X-B,E11_Costa_Sur_1.gpkg
5100,11,E11_Costa_Sur_1,80,CHILE-SJ-18-Z-D,E11_Costa_Sur_1.gpkg
5101,11,E11_Costa_Sur_1,80,CHILE-SJ-18-Z-D,E11_Costa_Sur_1.gpkg
5102,11,E11_Costa_Sur_1,80,CHILE-SJ-18-Z-D,E11_Costa_Sur_1.gpkg
5103,11,E11_Costa_Sur_1,80,CHILE-SJ-18-Z-D,E11_Costa_Sur_1.gpkg
5104,11,E11_Costa_Sur_1,80,CHILE-SJ-18-Z-D,E11_Costa_Sur_1.gpkg
5105,11,E11_Costa_Sur_1,80,CHILE-SK-18-X-B,E11_Costa_Sur_1.gpkg
5106,11,E11_Costa_Sur_1,80,CHILE-SJ-18-Z-D,E11_Costa_Sur_1.gpkg
5107,11,E11_Costa_Sur_1,80,CHILE-SK-18-X-B,E11_Costa_Sur_1.gpkg
5108,11,E11_Costa_Sur_1,80,CHILE-SK-18-X-B,E11_Costa_Sur_1.gpkg
5109,11,E11_Costa_Sur_1,80,CHILE-SJ-18-Z-D,E11_Costa_Sur_1.gpkg
5110,11,E11_Costa_Sur_1,80,CHILE-SK-18-X-B,E11_Costa_Sur_1.gpkg
5111,11,E11_Costa_Sur_1,80,CHILE-SJ-18-Z-D,E11_Costa_Sur_1.gpkg
5112,11,E11_Costa_Sur_1,80,CHILE-SK-18-X-B,E11_Costa_Sur_1.gpkg
5113,11,E11_Costa_Sur_1,80,CHILE-SJ-18-Z-D,E11_Costa_Sur_1.gpkg
5114,11,E11_Costa_Sur_1,80,CHILE-SJ-18-Z-D,E11_Costa_Sur_1.gpkg
5115,11,E11_Costa_Sur_1,80,CHILE-SJ-18-Z-D,E11_Costa_Sur_1.gpkg
5116,11,E11_Costa_Sur_1,80,CHILE-SK-18-X-B,E11_Costa_Sur_1.gpkg
5117,11,E11_Costa_Sur_1,80,CHILE-SJ-18-Z-D,E11_Costa_Sur_1.gpkg
5118,11,E11_Costa_Sur_1,80,CHILE-SJ-18-Z-D,E11_Costa_Sur_1.gpkg
5119,11,E11_Costa_Sur_1,80,CHILE-SJ-18-Z-D,E11_Costa_Sur_1.gpkg
5120,11,E11_Costa_Sur_1,80,CHILE-SK-18-X-A,E11_Costa_Sur_1.gpkg
5121,11,E11_Costa_Sur_1,80,CHILE-SJ-18-Z-D,E11_Costa_Sur_1.gpkg
5122,11,E11_Costa_Sur_1,80,CHILE-SJ-18-Z-D,E11_Costa_Sur_1.gpkg
5123,11,E11_Costa_Sur_1,80,CHILE-SK-18-X-B,E11_Costa_Sur_1.gpkg
5124,11,E11_Costa_Sur_1,80,CHILE-SK-18-X-B,E11_Costa_Sur_1.gpkg
5125,11,E11_Costa_Sur_1,80,CHILE-SJ-18-Z-D,E11_Costa_Sur_1.gpkg
5126,11,E11_Costa_Sur_1,80,CHILE-SJ-18-Z-D,E11_Costa_Sur_1.gpkg
5127,11,E11_Costa_Sur_1,80,CHILE-SJ-18-Z-D,E11_Costa_Sur_1.gpkg
5128,11,E11_Costa_Sur_1,80,CHILE-SK-18-X-B,E11_Costa_Sur_1.gpkg
5129,11,E11_Costa_Sur_1,80,CHILE-SK-18-X-B,E11_Costa_Sur_1.gpkg
5130,11,E11_Costa_Sur_1,80,CHILE-SK-18-X-B,E11_Costa_Sur_1.gpkg
5131,11,E11_Costa_Sur_1,80,CHILE-SJ-18-Z-D,E11_Costa_Sur_1.gpkg
5132,11,E11_Costa_Sur_1,80,CHILE-SJ-18-Z-D,E11_Costa_Sur_1.gpkg
5133,11,E11_Costa_Sur_1,80,CHILE-SK-18-X-B,E11_Costa_Sur_1.gpkg
5134,11,E11_Costa_Sur_1,80,CHILE-SJ-18-Z-D,E11_Costa_Sur_1.gpkg
5135,11,E11_Costa_Sur_1,80,CHILE-SJ-18-Z-D,E11_Costa_Sur_1.gpkg
5136,11,E11_Costa_Sur_1,80,CHILE-SJ-18-Z-D,E11_Costa_Sur_1.gpkg
5137,11,E11_Costa_Sur_1,80,CHILE-SJ-18-Z-D,E11_Costa_Sur_1.gpkg
5138,11,E11_Costa_Sur_1,80,CHILE-SJ-18-Z-D,E11_Costa_Sur_1.gpkg
5139,12,E12_Costa_Sur_2,11,CHILE-SK-18-Z-A,E12_Costa_Sur_2.gpkg
5140,12,E12_Costa_Sur_2,11,CHILE-SK-18-Z-A,E12_Costa_Sur_2.gpkg
5141,12,E12_Costa_Sur_2,11,CHILE-SK-18-Z-A,E12_Costa_Sur_2.gpkg
5142,12,E12_Costa_Sur_2,11,CHILE-SK-18-Z-A,E12_Costa_Sur_2.gpkg
5143,12,E12_Costa_Sur_2,11,CHILE-SK-18-Z-A,E12_Costa_Sur_2.gpkg
5144,12,E12_Costa_Sur_2,11,CHILE-SK-18-Z-A,E12_Costa_Sur_2.gpkg
5145,12,E12_Costa_Sur_2,11,CHILE-SK-18-Z-A,E12_Costa_Sur_2.gpkg
5146,12,E12_Costa_Sur_2,11,CHILE-SK-18-X-C,E12_Costa_Sur_2.gpkg
5147,12,E12_Costa_Sur_2,11,CHILE-SK-18-Z-A,E12_Costa_Sur_2.gpkg
5148,12,E12_Costa_Sur_2,11,CHILE-SK-18-Z-C,E12_Costa_Sur_2.gpkg
5149,12,E12_Costa_Sur_2,11,CHILE-SK-18-X-C,E12_Costa_Sur_2.gpkg
5150,12,E12_Costa_Sur_2,11,CHILE-SK-18-X-C,E12_Costa_Sur_2.gpkg
5151,12,E12_Costa_Sur_2,11,CHILE-SK-18-X-C,E12_Costa_Sur_2.gpkg
5152,12,E12_Costa_Sur_2,11,CHILE-SK-18-Z-A,E12_Costa_Sur_2.gpkg
5153,12,E12_Costa_Sur_2,11,CHILE-SK-18-X-C,E12_Costa_Sur_2.gpkg
5154,12,E12_Costa_Sur_2,11,CHILE-SK-18-Z-A,E12_Costa_Sur_2.gpkg
5155,12,E12_Costa_Sur_2,11,CHILE-SK-18-Z-A,E12_Costa_Sur_2.gpkg
5156,12,E12_Costa_Sur_2,11,CHILE-SK-18-Z-C,E12_Costa_Sur_2.gpkg
5157,12,E12_Costa_Sur_2,11,CHILE-SK-18-Z-A,E12_Costa_Sur_2.gpkg
5158,12,E12_Costa_Sur_2,11,CHILE-SK-18-X-C,E12_Costa_Sur_2.gpkg
5159,12,E12_Costa_Sur_2,11,CHILE-SK-18-X-C,E12_Costa_Sur_2.gpkg
5160,12,E12_Costa_Sur_2,11,CHILE-SK-18-Z-A,E12_Costa_Sur_2.gpkg
5161,12,E12_Costa_Sur_2,11,CHILE-SK-18-Z-C,E12_Costa_Sur_2.gpkg
5162,12,E12_Costa_Sur_2,11,CHILE-SK-18-Z-A,E12_Costa_Sur_2.gpkg
5163,12,E12_Costa_Sur_2,11,CHILE-SK-18-Z-A,E12_Costa_Sur_2.gpkg
5164,12,E12_Costa_Sur_2,11,CHILE-SK-18-Z-A,E12_Costa_Sur_2.gpkg
5165,12,E12_Costa_Sur_2,11,CHILE-SK-18-Z-C,E12_Costa_Sur_2.gpkg
5166,12,E12_Costa_Sur_2,11,CHILE-SK-18-Z-A,E12_Costa_Sur_2.gpkg
5167,12,E12_Costa_Sur_2,11,CHILE-SK-18-Z-A,E12_Costa_Sur_2.gpkg
5168,12,E12_Costa_Sur_2,11,CHILE-SK-18-Z-A,E12_Costa_Sur_2.gpkg
5169,12,E12_Costa_Sur_2,11,CHILE-SK-18-Z-C,E12_Costa_Sur_2.gpkg
5170,12,E12_Costa_Sur_2,11,CHILE-SK-18-Z-A,E12_Costa_Sur_2.gpkg
5171,12,E12_Costa_Sur_2,11,CHILE-SK-18-Z-C,E12_Costa_Sur_2.gpkg
5172,12,E12_Costa_Sur_2,11,CHILE-SK-18-Z-A,E12_Costa_Sur_2.gpkg
5173,12,E12_Costa_Sur_2,11,CHILE-SK-18-Z-A,E12_Costa_Sur_2.gpkg
5174,12,E12_Costa_Sur_2,11,CHILE-SK-18-Z-A,E12_Costa_Sur_2.gpkg
5175,12,E12_Costa_Sur_2,11,CHILE-SK-18-Z-C,E12_Costa_Sur_2.gpkg
5176,12,E12_Costa_Sur_2,11,CHILE-SK-18-Z-A,E12_Costa_Sur_2.gpkg
5177,12,E12_Costa_Sur_2,11,CHILE-SK-18-Z-A,E12_Costa_Sur_2.gpkg
5178,12,E12_Costa_Sur_2,11,CHILE-SK-18-X-C,E12_Costa_Sur_2.gpkg
5179,12,E12_Costa_Sur_2,11,CHILE-SK-18-Z-A,E12_Costa_Sur_2.gpkg
5180,12,E12_Costa_Sur_2,11,CHILE-SK-18-Z-C,E12_Costa_Sur_2.gpkg
5181,12,E12_Costa_Sur_2,11,CHILE-SK-18-Z-A,E12_Costa_Sur_2.gpkg
5182,12,E12_Costa_Sur_2,11,CHILE-SK-18-Z-A,E12_Costa_Sur_2.gpkg
5183,12,E12_Costa_Sur_2,12,CHILE-SK-18-Z-A,E12_Costa_Sur_2.gpkg
5184,12,E12_Costa_Sur_2,12,CHILE-SK-18-Z-A,E12_Costa_Sur_2.gpkg
5185,12,E12_Costa_Sur_2,12,CHILE-SK-18-Z-A,E12_Costa_Sur_2.gpkg
5186,12,E12_Costa_Sur_2,12,CHILE-SK-18-Z-A,E12_Costa_Sur_2.gpkg
5187,12,E12_Costa_Sur_2,12,CHILE-SK-18-Z-A,E12_Costa_Sur_2.gpkg
5188,12,E12_Costa_Sur_2,12,CHILE-SK-18-Z-A,E12_Costa_Sur_2.gpkg
5189,12,E12_Costa_Sur_2,12,CHILE-SK-18-Z-A,E12_Costa_Sur_2.gpkg
5190,12,E12_Costa_Sur_2,12,CHILE-SK-18-Z-A,E12_Costa_Sur_2.gpkg
5191,12,E12_Costa_Sur_2,12,CHILE-SK-18-Z-A,E12_Costa_Sur_2.gpkg
5192,12,E12_Costa_Sur_2,12,CHILE-SK-18-Z-A,E12_Costa_Sur_2.gpkg
5193,12,E12_Costa_Sur_2,12,CHILE-SK-18-Z-A,E12_Costa_Sur_2.gpkg
5194,12,E12_Costa_Sur_2,12,CHILE-SK-18-Z-A,E12_Costa_Sur_2.gpkg
5195,12,E12_Costa_Sur_2,12,CHILE-SK-18-Z-A,E12_Costa_Sur_2.gpkg
5196,12,E12_Costa_Sur_2,12,CHILE-SK-18-Z-A,E12_Costa_Sur_2.gpkg
5197,12,E12_Costa_Sur_2,12,CHILE-SK-18-Z-A,E12_Costa_Sur_2.gpkg
5198,12,E12_Costa_Sur_2,12,CHILE-SK-18-Z-A,E12_Costa_Sur_2.gpkg
5199,12,E12_Costa_Sur_2,12,CHILE-SK-18-Z-A,E12_Costa_Sur_2.gpkg
5200,12,E12_Costa_Sur_2,12,CHILE-SK-18-Z-A,E12_Costa_Sur_2.gpkg
5201,12,E12_Costa_Sur_2,23,CHILE-SK-18-Z-A,E12_Costa_Sur_2.gpkg
5202,12,E12_Costa_Sur_2,23,CHILE-SK-18-Z-A,E12_Costa_Sur_2.gpkg
5203,12,E12_Costa_Sur_2,23,CHILE-SK-18-X-C,E12_Costa_Sur_2.gpkg
5204,12,E12_Costa_Sur_2,23,CHILE-SK-18-X-C,E12_Costa_Sur_2.gpkg
5205,12,E12_Costa_Sur_2,23,CHILE-SK-18-Z-C,E12_Costa_Sur_2.gpkg
5206,12,E12_Costa_Sur_2,23,CHILE-SK-18-Z-A,E12_Costa_Sur_2.gpkg
5207,12,E12_Costa_Sur_2,23,CHILE-SK-18-Z-A,E12_Costa_Sur_2.gpkg
5208,12,E12_Costa_Sur_2,23,CHILE-SK-18-X-C,E12_Costa_Sur_2.gpkg
5209,12,E12_Costa_Sur_2,23,CHILE-SK-18-Z-C,E12_Costa_Sur_2.gpkg
5210,12,E12_Costa_Sur_2,23,CHILE-SK-18-Z-A,E12_Costa_Sur_2.gpkg
5211,12,E12_Costa_Sur_2,23,CHILE-SK-18-X-C,E12_Costa_Sur_2.gpkg
5212,12,E12_Costa_Sur_2,23,CHILE-SK-18-Z-A,E12_Costa_Sur_2.gpkg
5213,12,E12_Costa_Sur_2,24,CHILE-SK-18-Z-C,E12_Costa_Sur_2.gpkg
5214,12,E12_Costa_Sur_2,24,CHILE-SK-18-Z-A,E12_Costa_Sur_2.gpkg
5215,12,E12_Costa_Sur_2,24,CHILE-SK-18-Z-C,E12_Costa_Sur_2.gpkg
5216,12,E12_Costa_Sur_2,24,CHILE-SK-18-X-C,E12_Costa_Sur_2.gpkg
5217,12,E12_Costa_Sur_2,24,CHILE-SK-18-Z-A,E12_Costa_Sur_2.gpkg
5218,12,E12_Costa_Sur_2,24,CHILE-SK-18-Z-A,E12_Costa_Sur_2.gpkg
5219,12,E12_Costa_Sur_2,24,CHILE-SK-18-X-C,E12_Costa_Sur_2.gpkg
5220,12,E12_Costa_Sur_2,24,CHILE-SK-18-Z-A,E12_Costa_Sur_2.gpkg
5221,12,E12_Costa_Sur_2,24,CHILE-SK-18-Z-A,E12_Costa_Sur_2.gpkg
5222,12,E12_Costa_Sur_2,24,CHILE-SK-18-X-C,E12_Costa_Sur_2.gpkg
5223,12,E12_Costa_Sur_2,59,CHILE-SK-18-Z-A,E12_Costa_Sur_2.gpkg
5224,12,E12_Costa_Sur_2,59,CHILE-SK-18-Z-A,E12_Costa_Sur_2.gpkg
5225,12,E12_Costa_Sur_2,59,CHILE-SK-18-Z-A,E12_Costa_Sur_2.gpkg
5226,12,E12_Costa_Sur_2,59,CHILE-SK-18-Z-A,E12_Costa_Sur_2.gpkg
5227,12,E12_Costa_Sur_2,59,CHILE-SK-18-Z-A,E12_Costa_Sur_2.gpkg
5228,12,E12_Costa_Sur_2,59,CHILE-SK-18-Z-A,E12_Costa_Sur_2.gpkg
5229,12,E12_Costa_Sur_2,59,CHILE-SK-18-Z-A,E12_Costa_Sur_2.gpkg
5230,12,E12_Costa_Sur_2,59,CHILE-SK-18-Z-A,E12_Costa_Sur_2.gpkg
5231,12,E12_Costa_Sur_2,59,CHILE-SK-18-Z-A,E12_Costa_Sur_2.gpkg
5232,12,E12_Costa_Sur_2,60,CHILE-SK-18-Z-C,E12_Costa_Sur_2.gpkg
5233,12,E12_Costa_Sur_2,60,CHILE-SK-18-Z-C,E12_Costa_Sur_2.gpkg
5234,12,E12_Costa_Sur_2,60,CHILE-SK-18-Z-A,E12_Costa_Sur_2.gpkg
5235,12,E12_Costa_Sur_2,60,CHILE-SK-18-Z-A,E12_Costa_Sur_2.gpkg
5236,12,E12_Costa_Sur_2,60,CHILE-SK-18-Z-A,E12_Costa_Sur_2.gpkg
5237,12,E12_Costa_Sur_2,60,CHILE-SK-18-Z-C,E12_Costa_Sur_2.gpkg
5238,12,E12_Costa_Sur_2,60,CHILE-SK-18-Z-C,E12_Costa_Sur_2.gpkg
5239,12,E12_Costa_Sur_2,66,CHILE-SK-18-X-C,E12_Costa_Sur_2.gpkg
5240,12,E12_Costa_Sur_2,66,CHILE-SK-18-Z-A,E12_Costa_Sur_2.gpkg
5241,12,E12_Costa_Sur_2,66,CHILE-SK-18-Z-A,E12_Costa_Sur_2.gpkg
5242,13,E13_Andes_Sur_Costa,11,CHILE-SK-18-Z-C,E13_Andes_Sur_Costa.gpkg
5243,13,E13_Andes_Sur_Costa,11,CHILE-SL-18-X-C,E13_Andes_Sur_Costa.gpkg
5244,13,E13_Andes_Sur_Costa,11,CHILE-SK-18-Z-C,E13_Andes_Sur_Costa.gpkg
5245,13,E13_Andes_Sur_Costa,11,CHILE-SL-18-X-A,E13_Andes_Sur_Costa.gpkg
5246,13,E13_Andes_Sur_Costa,11,CHILE-SL-18-Z-A,E13_Andes_Sur_Costa.gpkg
5247,13,E13_Andes_Sur_Costa,11,CHILE-SK-18-Z-C,E13_Andes_Sur_Costa.gpkg
5248,13,E13_Andes_Sur_Costa,11,CHILE-SL-18-X-A,E13_Andes_Sur_Costa.gpkg
5249,13,E13_Andes_Sur_Costa,11,CHILE-SL-18-Z-A,E13_Andes_Sur_Costa.gpkg
5250,13,E13_Andes_Sur_Costa,11,CHILE-SK-18-Z-C,E13_Andes_Sur_Costa.gpkg
5251,13,E13_Andes_Sur_Costa,11,CHILE-SL-18-X-A,E13_Andes_Sur_Costa.gpkg
5252,13,E13_Andes_Sur_Costa,11,CHILE-SK-18-Z-C,E13_Andes_Sur_Costa.gpkg
5253,13,E13_Andes_Sur_Costa,11,CHILE-SK-18-Z-C,E13_Andes_Sur_Costa.gpkg
5254,13,E13_Andes_Sur_Costa,11,CHILE-SL-18-Z-A,E13_Andes_Sur_Costa.gpkg
5255,13,E13_Andes_Sur_Costa,11,CHILE-SL-18-X-A,E13_Andes_Sur_Costa.gpkg
5256,13,E13_Andes_Sur_Costa,11,CHILE-SK-18-Z-C,E13_Andes_Sur_Costa.gpkg
5257,13,E13_Andes_Sur_Costa,11,CHILE-SK-18-Z-C,E13_Andes_Sur_Costa.gpkg
5258,13,E13_Andes_Sur_Costa,11,CHILE-SL-18-X-A,E13_Andes_Sur_Costa.gpkg
5259,13,E13_Andes_Sur_Costa,11,CHILE-SK-18-Z-C,E13_Andes_Sur_Costa.gpkg
5260,13,E13_Andes_Sur_Costa,11,CHILE-SK-18-Z-C,E13_Andes_Sur_Costa.gpkg
5261,13,E13_Andes_Sur_Costa,11,CHILE-SK-18-Z-C,E13_Andes_Sur_Costa.gpkg
5262,13,E13_Andes_Sur_Costa,11,CHILE-SK-18-Z-C,E13_Andes_Sur_Costa.gpkg
5263,13,E13_Andes_Sur_Costa,11,CHILE-SL-18-X-A,E13_Andes_Sur_Costa.gpkg
5264,13,E13_Andes_Sur_Costa,11,CHILE-SK-18-Z-C,E13_Andes_Sur_Costa.gpkg
5265,13,E13_Andes_Sur_Costa,11,CHILE-SL-18-X-A,E13_Andes_Sur_Costa.gpkg
5266,13,E13_Andes_Sur_Costa,11,CHILE-SK-18-Z-C,E13_Andes_Sur_Costa.gpkg
5267,13,E13_Andes_Sur_Costa,11,CHILE-SK-18-Z-C,E13_Andes_Sur_Costa.gpkg
5268,13,E13_Andes_Sur_Costa,11,CHILE-SL-18-Z-A,E13_Andes_Sur_Costa.gpkg
5269,13,E13_Andes_Sur_Costa,12,CHILE-SL-18-Z-A,E13_Andes_Sur_Costa.gpkg
5270,13,E13_Andes_Sur_Costa,23,CHILE-SL-18-X-C,E13_Andes_Sur_Costa.gpkg
5271,13,E13_Andes_Sur_Costa,23,CHILE-SL-18-Z-A,E13_Andes_Sur_Costa.gpkg
5272,13,E13_Andes_Sur_Costa,23,CHILE-SL-18-X-A,E13_Andes_Sur_Costa.gpkg
5273,13,E13_Andes_Sur_Costa,23,CHILE-SL-18-X-C,E13_Andes_Sur_Costa.gpkg
5274,13,E13_Andes_Sur_Costa,23,CHILE-SL-18-Y-B,E13_Andes_Sur_Costa.gpkg
5275,13,E13_Andes_Sur_Costa,23,CHILE-SL-18-X-C,E13_Andes_Sur_Costa.gpkg
5276,13,E13_Andes_Sur_Costa,23,CHILE-SL-18-Z-A,E13_Andes_Sur_Costa.gpkg
5277,13,E13_Andes_Sur_Costa,23,CHILE-SL-18-X-C,E13_Andes_Sur_Costa.gpkg
5278,13,E13_Andes_Sur_Costa,23,CHILE-SL-18-Z-A,E13_Andes_Sur_Costa.gpkg
5279,13,E13_Andes_Sur_Costa,59,CHILE-SL-18-Y-B,E13_Andes_Sur_Costa.gpkg
5280,13,E13_Andes_Sur_Costa,59,CHILE-SL-18-X-A,E13_Andes_Sur_Costa.gpkg
5281,13,E13_Andes_Sur_Costa,59,CHILE-SL-18-X-A,E13_Andes_Sur_Costa.gpkg
5282,13,E13_Andes_Sur_Costa,59,CHILE-SL-18-X-A,E13_Andes_Sur_Costa.gpkg
5283,13,E13_Andes_Sur_Costa,59,CHILE-SL-18-X-A,E13_Andes_Sur_Costa.gpkg
5284,13,E13_Andes_Sur_Costa,59,CHILE-SL-18-X-A,E13_Andes_Sur_Costa.gpkg
5285,13,E13_Andes_Sur_Costa,59,CHILE-SL-18-X-A,E13_Andes_Sur_Costa.gpkg
5286,13,E13_Andes_Sur_Costa,59,CHILE-SL-18-X-A,E13_Andes_Sur_Costa.gpkg
5287,13,E13_Andes_Sur_Costa,59,CHILE-SL-18-X-A,E13_Andes_Sur_Costa.gpkg
5288,13,E13_Andes_Sur_Costa,59,CHILE-SL-18-X-A,E13_Andes_Sur_Costa.gpkg
5289,13,E13_Andes_Sur_Costa,59,CHILE-SL-18-X-A,E13_Andes_Sur_Costa.gpkg
5290,13,E13_Andes_Sur_Costa,59,CHILE-SL-18-X-C,E13_Andes_Sur_Costa.gpkg
5291,13,E13_Andes_Sur_Costa,59,CHILE-SL-18-X-A,E13_Andes_Sur_Costa.gpkg
5292,13,E13_Andes_Sur_Costa,59,CHILE-SL-18-Z-A,E13_Andes_Sur_Costa.gpkg
5293,13,E13_Andes_Sur_Costa,59,CHILE-SL-18-X-C,E13_Andes_Sur_Costa.gpkg
5294,13,E13_Andes_Sur_Costa,59,CHILE-SL-18-X-A,E13_Andes_Sur_Costa.gpkg
5295,13,E13_Andes_Sur_Costa,59,CHILE-SL-18-X-A,E13_Andes_Sur_Costa.gpkg
5296,13,E13_Andes_Sur_Costa,60,CHILE-SL-18-X-A,E13_Andes_Sur_Costa.gpkg
5297,13,E13_Andes_Sur_Costa,60,CHILE-SL-18-X-A,E13_Andes_Sur_Costa.gpkg
5298,13,E13_Andes_Sur_Costa,60,CHILE-SL-18-X-A,E13_Andes_Sur_Costa.gpkg
5299,13,E13_Andes_Sur_Costa,60,CHILE-SL-18-X-A,E13_Andes_Sur_Costa.gpkg
5300,13,E13_Andes_Sur_Costa,60,CHILE-SL-18-X-A,E13_Andes_Sur_Costa.gpkg
5301,13,E13_Andes_Sur_Costa,60,CHILE-SL-18-X-A,E13_Andes_Sur_Costa.gpkg
5302,13,E13_Andes_Sur_Costa,66,CHILE-SL-18-Z-A,E13_Andes_Sur_Costa.gpkg
5303,13,E13_Andes_Sur_Costa,66,CHILE-SL-18-Z-A,E13_Andes_Sur_Costa.gpkg
5304,13,E13_Andes_Sur_Costa,66,CHILE-SL-18-Z-A,E13_Andes_Sur_Costa.gpkg
5305,13,E13_Andes_Sur_Costa,66,CHILE-SL-18-X-A,E13_Andes_Sur_Costa.gpkg
5306,13,E13_Andes_Sur_Costa,66,CHILE-SL-18-Z-A,E13_Andes_Sur_Costa.gpkg
5307,13,E13_Andes_Sur_Costa,66,CHILE-SL-18-X-A,E13_Andes_Sur_Costa.gpkg
5308,13,E13_Andes_Sur_Costa,66,CHILE-SL-18-Z-A,E13_Andes_Sur_Costa.gpkg
5309,13,E13_Andes_Sur_Costa,66,CHILE-SL-18-Z-A,E13_Andes_Sur_Costa.gpkg
5310,13,E13_Andes_Sur_Costa,66,CHILE-SL-18-X-C,E13_Andes_Sur_Costa.gpkg
5311,13,E13_Andes_Sur_Costa,67,CHILE-SL-18-X-A,E13_Andes_Sur_Costa.gpkg
5312,14,E14_Estepa_patagonica,11,CHILE-SN-19-V-B,E14_Estepa_patagonica.gpkg
5313,14,E14_Estepa_patagonica,11,CHILE-SN-19-V-B,E14_Estepa_patagonica.gpkg
5314,14,E14_Estepa_patagonica,11,CHILE-SN-19-V-D,E14_Estepa_patagonica.gpkg
5315,14,E14_Estepa_patagonica,11,CHILE-SN-19-V-A,E14_Estepa_patagonica.gpkg
5316,14,E14_Estepa_patagonica,11,CHILE-SN-19-V-D,E14_Estepa_patagonica.gpkg
5317,14,E14_Estepa_patagonica,11,CHILE-SN-19-V-D,E14_Estepa_patagonica.gpkg
5318,14,E14_Estepa_patagonica,11,CHILE-SN-19-V-B,E14_Estepa_patagonica.gpkg
5319,14,E14_Estepa_patagonica,11,CHILE-SN-19-V-D,E14_Estepa_patagonica.gpkg
5320,14,E14_Estepa_patagonica,11,CHILE-SN-19-V-D,E14_Estepa_patagonica.gpkg
5321,14,E14_Estepa_patagonica,11,CHILE-SN-19-V-D,E14_Estepa_patagonica.gpkg
5322,14,E14_Estepa_patagonica,11,CHILE-SN-19-V-B,E14_Estepa_patagonica.gpkg
5323,14,E14_Estepa_patagonica,11,CHILE-SN-18-X-B,E14_Estepa_patagonica.gpkg
5324,14,E14_Estepa_patagonica,11,CHILE-SN-19-V-D,E14_Estepa_patagonica.gpkg
5325,14,E14_Estepa_patagonica,11,CHILE-SN-18-X-B,E14_Estepa_patagonica.gpkg
5326,14,E14_Estepa_patagonica,11,CHILE-SN-19-V-D,E14_Estepa_patagonica.gpkg
5327,14,E14_Estepa_patagonica,11,CHILE-SN-19-V-D,E14_Estepa_patagonica.gpkg
5328,14,E14_Estepa_patagonica,15,CHILE-SL-19-Y-A,E14_Estepa_patagonica.gpkg
5329,14,E14_Estepa_patagonica,15,CHILE-SL-19-Y-A,E14_Estepa_patagonica.gpkg
5330,14,E14_Estepa_patagonica,15,CHILE-SL-19-Y-A,E14_Estepa_patagonica.gpkg
5331,14,E14_Estepa_patagonica,15,CHILE-SL-19-V-C,E14_Estepa_patagonica.gpkg
5332,14,E14_Estepa_patagonica,15,CHILE-SL-19-V-C,E14_Estepa_patagonica.gpkg
5333,14,E14_Estepa_patagonica,15,CHILE-SL-19-Y-A,E14_Estepa_patagonica.gpkg
5334,14,E14_Estepa_patagonica,15,CHILE-SL-19-Y-A,E14_Estepa_patagonica.gpkg
5335,14,E14_Estepa_patagonica,15,CHILE-SL-19-Y-A,E14_Estepa_patagonica.gpkg
5336,14,E14_Estepa_patagonica,15,CHILE-SL-19-Y-A,E14_Estepa_patagonica.gpkg
5337,14,E14_Estepa_patagonica,15,CHILE-SL-19-Y-A,E14_Estepa_patagonica.gpkg
5338,14,E14_Estepa_patagonica,15,CHILE-SL-19-Y-A,E14_Estepa_patagonica.gpkg
5339,14,E14_Estepa_patagonica,15,CHILE-SL-19-Y-A,E14_Estepa_patagonica.gpkg
5340,14,E14_Estepa_patagonica,15,CHILE-SL-19-V-C,E14_Estepa_patagonica.gpkg
5341,14,E14_Estepa_patagonica,15,CHILE-SL-19-Y-A,E14_Estepa_patagonica.gpkg
5342,14,E14_Estepa_patagonica,15,CHILE-SL-19-V-C,E14_Estepa_patagonica.gpkg
5343,14,E14_Estepa_patagonica,15,CHILE-SL-19-Y-A,E14_Estepa_patagonica.gpkg
5344,14,E14_Estepa_patagonica,15,CHILE-SL-19-V-C,E14_Estepa_patagonica.gpkg
5345,14,E14_Estepa_patagonica,15,CHILE-SL-19-V-C,E14_Estepa_patagonica.gpkg
5346,14,E14_Estepa_patagonica,15,CHILE-SL-19-Y-A,E14_Estepa_patagonica.gpkg
5347,14,E14_Estepa_patagonica,15,CHILE-SL-19-Y-A,E14_Estepa_patagonica.gpkg
5348,14,E14_Estepa_patagonica,15,CHILE-SL-19-Y-A,E14_Estepa_patagonica.gpkg
5349,14,E14_Estepa_patagonica,15,CHILE-SL-19-Y-A,E14_Estepa_patagonica.gpkg
5350,14,E14_Estepa_patagonica,18,CHILE-SL-19-Y-A,E14_Estepa_patagonica.gpkg
5351,14,E14_Estepa_patagonica,18,CHILE-SL-19-Y-A,E14_Estepa_patagonica.gpkg
5352,14,E14_Estepa_patagonica,18,CHILE-SL-19-Y-A,E14_Estepa_patagonica.gpkg
5353,14,E14_Estepa_patagonica,18,CHILE-SL-19-Y-A,E14_Estepa_patagonica.gpkg
5354,14,E14_Estepa_patagonica,18,CHILE-SL-19-Y-A,E14_Estepa_patagonica.gpkg
5355,14,E14_Estepa_patagonica,18,CHILE-SL-19-Y-A,E14_Estepa_patagonica.gpkg
5356,14,E14_Estepa_patagonica,18,CHILE-SL-19-Y-A,E14_Estepa_patagonica.gpkg
5357,14,E14_Estepa_patagonica,18,CHILE-SL-19-Y-A,E14_Estepa_patagonica.gpkg
5358,14,E14_Estepa_patagonica,18,CHILE-SL-19-Y-A,E14_Estepa_patagonica.gpkg
5359,14,E14_Estepa_patagonica,18,CHILE-SL-19-Y-A,E14_Estepa_patagonica.gpkg
5360,14,E14_Estepa_patagonica,18,CHILE-SL-19-Y-A,E14_Estepa_patagonica.gpkg
5361,14,E14_Estepa_patagonica,18,CHILE-SL-19-Y-A,E14_Estepa_patagonica.gpkg
5362,14,E14_Estepa_patagonica,18,CHILE-SL-19-Y-A,E14_Estepa_patagonica.gpkg
5363,14,E14_Estepa_patagonica,18,CHILE-SL-19-Y-A,E14_Estepa_patagonica.gpkg
5364,14,E14_Estepa_patagonica,18,CHILE-SL-19-Y-A,E14_Estepa_patagonica.gpkg
5365,14,E14_Estepa_patagonica,23,CHILE-SN-19-V-B,E14_Estepa_patagonica.gpkg
5366,14,E14_Estepa_patagonica,23,CHILE-SN-19-X-A,E14_Estepa_patagonica.gpkg
5367,14,E14_Estepa_patagonica,23,CHILE-SN-19-X-A,E14_Estepa_patagonica.gpkg
5368,14,E14_Estepa_patagonica,23,CHILE-SN-19-V-B,E14_Estepa_patagonica.gpkg
5369,14,E14_Estepa_patagonica,23,CHILE-SN-19-X-A,E14_Estepa_patagonica.gpkg
5370,14,E14_Estepa_patagonica,23,CHILE-SN-19-X-A,E14_Estepa_patagonica.gpkg
5371,14,E14_Estepa_patagonica,23,CHILE-SN-19-X-A,E14_Estepa_patagonica.gpkg
5372,14,E14_Estepa_patagonica,23,CHILE-SN-19-X-A,E14_Estepa_patagonica.gpkg
5373,14,E14_Estepa_patagonica,23,CHILE-SN-19-V-B,E14_Estepa_patagonica.gpkg
5374,14,E14_Estepa_patagonica,23,CHILE-SN-19-X-A,E14_Estepa_patagonica.gpkg
5375,14,E14_Estepa_patagonica,23,CHILE-SN-19-X-A,E14_Estepa_patagonica.gpkg
5376,14,E14_Estepa_patagonica,23,CHILE-SN-19-X-A,E14_Estepa_patagonica.gpkg
5377,14,E14_Estepa_patagonica,23,CHILE-SN-19-X-A,E14_Estepa_patagonica.gpkg
5378,14,E14_Estepa_patagonica,23,CHILE-SN-19-X-A,E14_Estepa_patagonica.gpkg
5379,14,E14_Estepa_patagonica,23,CHILE-SN-19-X-A,E14_Estepa_patagonica.gpkg
5380,14,E14_Estepa_patagonica,23,CHILE-SN-19-V-B,E14_Estepa_patagonica.gpkg
5381,14,E14_Estepa_patagonica,23,CHILE-SN-19-V-B,E14_Estepa_patagonica.gpkg
5382,14,E14_Estepa_patagonica,23,CHILE-SN-19-X-A,E14_Estepa_patagonica.gpkg
5383,14,E14_Estepa_patagonica,23,CHILE-SN-19-V-B,E14_Estepa_patagonica.gpkg
5384,14,E14_Estepa_patagonica,23,CHILE-SN-19-X-A,E14_Estepa_patagonica.gpkg
5385,14,E14_Estepa_patagonica,23,CHILE-SN-19-X-A,E14_Estepa_patagonica.gpkg
5386,14,E14_Estepa_patagonica,23,CHILE-SN-19-X-A,E14_Estepa_patagonica.gpkg
5387,14,E14_Estepa_patagonica,23,CHILE-SN-19-X-A,E14_Estepa_patagonica.gpkg
5388,14,E14_Estepa_patagonica,23,CHILE-SN-19-X-A,E14_Estepa_patagonica.gpkg
5389,14,E14_Estepa_patagonica,23,CHILE-SN-19-X-A,E14_Estepa_patagonica.gpkg
5390,14,E14_Estepa_patagonica,23,CHILE-SN-19-V-B,E14_Estepa_patagonica.gpkg
5391,14,E14_Estepa_patagonica,23,CHILE-SN-19-X-A,E14_Estepa_patagonica.gpkg
5392,14,E14_Estepa_patagonica,23,CHILE-SN-19-V-B,E14_Estepa_patagonica.gpkg
5393,14,E14_Estepa_patagonica,23,CHILE-SN-19-V-B,E14_Estepa_patagonica.gpkg
5394,14,E14_Estepa_patagonica,23,CHILE-SN-19-V-B,E14_Estepa_patagonica.gpkg
5395,14,E14_Estepa_patagonica,23,CHILE-SN-19-V-B,E14_Estepa_patagonica.gpkg
5396,14,E14_Estepa_patagonica,23,CHILE-SN-19-X-A,E14_Estepa_patagonica.gpkg
5397,14,E14_Estepa_patagonica,23,CHILE-SN-19-X-A,E14_Estepa_patagonica.gpkg
5398,14,E14_Estepa_patagonica,23,CHILE-SN-19-X-A,E14_Estepa_patagonica.gpkg
5399,14,E14_Estepa_patagonica,23,CHILE-SN-19-X-A,E14_Estepa_patagonica.gpkg
5400,14,E14_Estepa_patagonica,23,CHILE-SN-19-X-A,E14_Estepa_patagonica.gpkg
5401,14,E14_Estepa_patagonica,23,CHILE-SN-19-X-A,E14_Estepa_patagonica.gpkg
5402,14,E14_Estepa_patagonica,23,CHILE-SN-19-V-B,E14_Estepa_patagonica.gpkg
5403,14,E14_Estepa_patagonica,23,CHILE-SN-19-X-A,E14_Estepa_patagonica.gpkg
5404,14,E14_Estepa_patagonica,24,CHILE-SL-19-Y-A,E14_Estepa_patagonica.gpkg
5405,14,E14_Estepa_patagonica,24,CHILE-SL-19-Y-A,E14_Estepa_patagonica.gpkg
5406,14,E14_Estepa_patagonica,24,CHILE-SL-19-Y-A,E14_Estepa_patagonica.gpkg
5407,14,E14_Estepa_patagonica,24,CHILE-SL-19-Y-A,E14_Estepa_patagonica.gpkg
5408,14,E14_Estepa_patagonica,24,CHILE-SL-19-Y-A,E14_Estepa_patagonica.gpkg
5409,14,E14_Estepa_patagonica,24,CHILE-SN-19-V-B,E14_Estepa_patagonica.gpkg
5410,14,E14_Estepa_patagonica,24,CHILE-SL-19-Y-A,E14_Estepa_patagonica.gpkg
5411,14,E14_Estepa_patagonica,24,CHILE-SL-19-Y-A,E14_Estepa_patagonica.gpkg
5412,14,E14_Estepa_patagonica,24,CHILE-SL-19-Y-A,E14_Estepa_patagonica.gpkg
5413,14,E14_Estepa_patagonica,24,CHILE-SL-19-Y-A,E14_Estepa_patagonica.gpkg
5414,14,E14_Estepa_patagonica,24,CHILE-SL-19-Y-A,E14_Estepa_patagonica.gpkg
5415,14,E14_Estepa_patagonica,24,CHILE-SL-19-Y-A,E14_Estepa_patagonica.gpkg
5416,14,E14_Estepa_patagonica,24,CHILE-SL-19-Y-A,E14_Estepa_patagonica.gpkg
5417,14,E14_Estepa_patagonica,24,CHILE-SL-19-Y-A,E14_Estepa_patagonica.gpkg
5418,14,E14_Estepa_patagonica,24,CHILE-SN-19-V-B,E14_Estepa_patagonica.gpkg
5419,14,E14_Estepa_patagonica,24,CHILE-SL-19-Y-A,E14_Estepa_patagonica.gpkg
5420,14,E14_Estepa_patagonica,24,CHILE-SL-19-Y-A,E14_Estepa_patagonica.gpkg
5421,14,E14_Estepa_patagonica,24,CHILE-SL-19-Y-A,E14_Estepa_patagonica.gpkg
5422,14,E14_Estepa_patagonica,24,CHILE-SL-19-Y-A,E14_Estepa_patagonica.gpkg
5423,14,E14_Estepa_patagonica,24,CHILE-SN-19-V-B,E14_Estepa_patagonica.gpkg
5424,14,E14_Estepa_patagonica,24,CHILE-SL-19-V-C,E14_Estepa_patagonica.gpkg
5425,14,E14_Estepa_patagonica,24,CHILE-SL-19-V-C,E14_Estepa_patagonica.gpkg
5426,14,E14_Estepa_patagonica,24,CHILE-SN-19-V-B,E14_Estepa_patagonica.gpkg
5427,14,E14_Estepa_patagonica,24,CHILE-SN-19-V-B,E14_Estepa_patagonica.gpkg
5428,14,E14_Estepa_patagonica,24,CHILE-SL-19-Y-A,E14_Estepa_patagonica.gpkg
5429,14,E14_Estepa_patagonica,24,CHILE-SN-19-V-A,E14_Estepa_patagonica.gpkg
5430,14,E14_Estepa_patagonica,24,CHILE-SL-19-V-C,E14_Estepa_patagonica.gpkg
5431,14,E14_Estepa_patagonica,24,CHILE-SN-19-V-B,E14_Estepa_patagonica.gpkg
5432,14,E14_Estepa_patagonica,24,CHILE-SN-19-V-B,E14_Estepa_patagonica.gpkg
5433,14,E14_Estepa_patagonica,29,CHILE-SL-19-Y-A,E14_Estepa_patagonica.gpkg
5434,14,E14_Estepa_patagonica,29,CHILE-SL-19-Y-A,E14_Estepa_patagonica.gpkg
5435,14,E14_Estepa_patagonica,29,CHILE-SL-19-V-C,E14_Estepa_patagonica.gpkg
5436,14,E14_Estepa_patagonica,29,CHILE-SL-19-Y-A,E14_Estepa_patagonica.gpkg
5437,14,E14_Estepa_patagonica,29,CHILE-SL-19-Y-A,E14_Estepa_patagonica.gpkg
5438,14,E14_Estepa_patagonica,29,CHILE-SL-19-Y-A,E14_Estepa_patagonica.gpkg
5439,14,E14_Estepa_patagonica,29,CHILE-SL-19-Y-A,E14_Estepa_patagonica.gpkg
5440,14,E14_Estepa_patagonica,29,CHILE-SL-19-Y-A,E14_Estepa_patagonica.gpkg
5441,14,E14_Estepa_patagonica,29,CHILE-SL-18-Z-B,E14_Estepa_patagonica.gpkg
5442,14,E14_Estepa_patagonica,29,CHILE-SL-19-Y-A,E14_Estepa_patagonica.gpkg
5443,14,E14_Estepa_patagonica,29,CHILE-SL-18-Z-B,E14_Estepa_patagonica.gpkg
5444,14,E14_Estepa_patagonica,29,CHILE-SL-19-Y-A,E14_Estepa_patagonica.gpkg
5445,14,E14_Estepa_patagonica,29,CHILE-SL-19-Y-A,E14_Estepa_patagonica.gpkg
5446,14,E14_Estepa_patagonica,29,CHILE-SL-19-Y-A,E14_Estepa_patagonica.gpkg
5447,14,E14_Estepa_patagonica,29,CHILE-SL-19-Y-A,E14_Estepa_patagonica.gpkg
5448,14,E14_Estepa_patagonica,29,CHILE-SL-19-Y-A,E14_Estepa_patagonica.gpkg
5449,14,E14_Estepa_patagonica,29,CHILE-SL-19-Y-A,E14_Estepa_patagonica.gpkg
5450,14,E14_Estepa_patagonica,29,CHILE-SL-18-Z-B,E14_Estepa_patagonica.gpkg
5451,14,E14_Estepa_patagonica,29,CHILE-SL-19-Y-A,E14_Estepa_patagonica.gpkg
5452,14,E14_Estepa_patagonica,29,CHILE-SL-19-V-C,E14_Estepa_patagonica.gpkg
5453,14,E14_Estepa_patagonica,29,CHILE-SL-19-Y-A,E14_Estepa_patagonica.gpkg
5454,14,E14_Estepa_patagonica,59,CHILE-SL-18-Z-B,E14_Estepa_patagonica.gpkg
5455,14,E14_Estepa_patagonica,59,CHILE-SL-18-Z-B,E14_Estepa_patagonica.gpkg
5456,14,E14_Estepa_patagonica,59,CHILE-SL-18-Z-B,E14_Estepa_patagonica.gpkg
5457,14,E14_Estepa_patagonica,59,CHILE-SL-18-Z-B,E14_Estepa_patagonica.gpkg
5458,14,E14_Estepa_patagonica,59,CHILE-SN-19-V-D,E14_Estepa_patagonica.gpkg
5459,14,E14_Estepa_patagonica,59,CHILE-SL-18-Z-B,E14_Estepa_patagonica.gpkg
5460,14,E14_Estepa_patagonica,59,CHILE-SL-18-Z-B,E14_Estepa_patagonica.gpkg
5461,14,E14_Estepa_patagonica,59,CHILE-SN-19-V-D,E14_Estepa_patagonica.gpkg
5462,14,E14_Estepa_patagonica,59,CHILE-SL-18-Z-B,E14_Estepa_patagonica.gpkg
5463,14,E14_Estepa_patagonica,59,CHILE-SL-18-Z-D,E14_Estepa_patagonica.gpkg
5464,14,E14_Estepa_patagonica,59,CHILE-SN-19-V-D,E14_Estepa_patagonica.gpkg
5465,14,E14_Estepa_patagonica,59,CHILE-SL-18-Z-B,E14_Estepa_patagonica.gpkg
5466,14,E14_Estepa_patagonica,59,CHILE-SL-18-Z-B,E14_Estepa_patagonica.gpkg
5467,14,E14_Estepa_patagonica,59,CHILE-SN-19-X-C,E14_Estepa_patagonica.gpkg
5468,14,E14_Estepa_patagonica,59,CHILE-SL-18-Z-B,E14_Estepa_patagonica.gpkg
5469,14,E14_Estepa_patagonica,59,CHILE-SN-19-V-D,E14_Estepa_patagonica.gpkg
5470,14,E14_Estepa_patagonica,59,CHILE-SL-18-Z-B,E14_Estepa_patagonica.gpkg
5471,14,E14_Estepa_patagonica,59,CHILE-SL-18-Z-B,E14_Estepa_patagonica.gpkg
5472,14,E14_Estepa_patagonica,59,CHILE-SL-18-Z-D,E14_Estepa_patagonica.gpkg
5473,14,E14_Estepa_patagonica,59,CHILE-SL-18-Z-B,E14_Estepa_patagonica.gpkg
5474,14,E14_Estepa_patagonica,59,CHILE-SN-19-X-C,E14_Estepa_patagonica.gpkg
5475,14,E14_Estepa_patagonica,59,CHILE-SL-18-Z-B,E14_Estepa_patagonica.gpkg
5476,14,E14_Estepa_patagonica,59,CHILE-SL-18-Z-B,E14_Estepa_patagonica.gpkg
5477,14,E14_Estepa_patagonica,59,CHILE-SN-19-V-D,E14_Estepa_patagonica.gpkg
5478,14,E14_Estepa_patagonica,59,CHILE-SL-18-X-D,E14_Estepa_patagonica.gpkg
5479,14,E14_Estepa_patagonica,59,CHILE-SL-18-Z-B,E14_Estepa_patagonica.gpkg
5480,14,E14_Estepa_patagonica,59,CHILE-SL-18-Z-B,E14_Estepa_patagonica.gpkg
5481,14,E14_Estepa_patagonica,59,CHILE-SL-18-Z-B,E14_Estepa_patagonica.gpkg
5482,14,E14_Estepa_patagonica,59,CHILE-SL-18-Z-B,E14_Estepa_patagonica.gpkg
5483,14,E14_Estepa_patagonica,59,CHILE-SL-18-Z-D,E14_Estepa_patagonica.gpkg
5484,14,E14_Estepa_patagonica,59,CHILE-SL-18-Z-B,E14_Estepa_patagonica.gpkg
5485,14,E14_Estepa_patagonica,59,CHILE-SL-18-Z-B,E14_Estepa_patagonica.gpkg
5486,14,E14_Estepa_patagonica,60,CHILE-SL-18-Z-B,E14_Estepa_patagonica.gpkg
5487,14,E14_Estepa_patagonica,60,CHILE-SN-19-V-D,E14_Estepa_patagonica.gpkg
5488,14,E14_Estepa_patagonica,60,CHILE-SN-19-V-D,E14_Estepa_patagonica.gpkg
5489,14,E14_Estepa_patagonica,60,CHILE-SL-18-Z-B,E14_Estepa_patagonica.gpkg
5490,14,E14_Estepa_patagonica,60,CHILE-SL-18-Z-B,E14_Estepa_patagonica.gpkg
5491,14,E14_Estepa_patagonica,60,CHILE-SL-18-Z-B,E14_Estepa_patagonica.gpkg
5492,14,E14_Estepa_patagonica,60,CHILE-SN-19-V-A,E14_Estepa_patagonica.gpkg
5493,14,E14_Estepa_patagonica,60,CHILE-SN-19-V-D,E14_Estepa_patagonica.gpkg
5494,14,E14_Estepa_patagonica,60,CHILE-SL-18-Z-B,E14_Estepa_patagonica.gpkg
5495,14,E14_Estepa_patagonica,60,CHILE-SL-18-Z-B,E14_Estepa_patagonica.gpkg
5496,14,E14_Estepa_patagonica,60,CHILE-SN-19-V-D,E14_Estepa_patagonica.gpkg
5497,14,E14_Estepa_patagonica,60,CHILE-SL-18-Z-B,E14_Estepa_patagonica.gpkg
5498,14,E14_Estepa_patagonica,60,CHILE-SN-19-V-D,E14_Estepa_patagonica.gpkg
5499,14,E14_Estepa_patagonica,60,CHILE-SL-18-Z-B,E14_Estepa_patagonica.gpkg
5500,14,E14_Estepa_patagonica,60,CHILE-SN-19-V-D,E14_Estepa_patagonica.gpkg
5501,14,E14_Estepa_patagonica,60,CHILE-SL-18-Z-B,E14_Estepa_patagonica.gpkg
5502,14,E14_Estepa_patagonica,60,CHILE-SL-18-Z-B,E14_Estepa_patagonica.gpkg
5503,14,E14_Estepa_patagonica,60,CHILE-SL-18-Z-B,E14_Estepa_patagonica.gpkg
5504,14,E14_Estepa_patagonica,60,CHILE-SL-18-Z-B,E14_Estepa_patagonica.gpkg
5505,14,E14_Estepa_patagonica,60,CHILE-SN-19-V-A,E14_Estepa_patagonica.gpkg
5506,14,E14_Estepa_patagonica,60,CHILE-SL-18-Z-B,E14_Estepa_patagonica.gpkg
5507,14,E14_Estepa_patagonica,63,CHILE-SN-19-V-B,E14_Estepa_patagonica.gpkg
5508,14,E14_Estepa_patagonica,63,CHILE-SN-19-X-A,E14_Estepa_patagonica.gpkg
5509,14,E14_Estepa_patagonica,63,CHILE-SN-19-V-A,E14_Estepa_patagonica.gpkg
5510,14,E14_Estepa_patagonica,63,CHILE-SN-19-V-A,E14_Estepa_patagonica.gpkg
5511,14,E14_Estepa_patagonica,63,CHILE-SN-19-X-A,E14_Estepa_patagonica.gpkg
5512,14,E14_Estepa_patagonica,63,CHILE-SN-19-V-A,E14_Estepa_patagonica.gpkg
5513,14,E14_Estepa_patagonica,63,CHILE-SN-19-X-C,E14_Estepa_patagonica.gpkg
5514,14,E14_Estepa_patagonica,63,CHILE-SN-19-V-B,E14_Estepa_patagonica.gpkg
5515,14,E14_Estepa_patagonica,63,CHILE-SM-18-Z-B,E14_Estepa_patagonica.gpkg
5516,14,E14_Estepa_patagonica,63,CHILE-SN-19-V-B,E14_Estepa_patagonica.gpkg
5517,14,E14_Estepa_patagonica,63,CHILE-SN-19-V-B,E14_Estepa_patagonica.gpkg
5518,14,E14_Estepa_patagonica,63,CHILE-SM-18-Z-B,E14_Estepa_patagonica.gpkg
5519,14,E14_Estepa_patagonica,63,CHILE-SN-19-V-A,E14_Estepa_patagonica.gpkg
5520,14,E14_Estepa_patagonica,63,CHILE-SN-19-X-C,E14_Estepa_patagonica.gpkg
5521,14,E14_Estepa_patagonica,63,CHILE-SN-19-X-A,E14_Estepa_patagonica.gpkg
5522,14,E14_Estepa_patagonica,63,CHILE-SN-19-X-A,E14_Estepa_patagonica.gpkg
5523,14,E14_Estepa_patagonica,63,CHILE-SN-19-X-C,E14_Estepa_patagonica.gpkg
5524,14,E14_Estepa_patagonica,63,CHILE-SN-19-V-B,E14_Estepa_patagonica.gpkg
5525,14,E14_Estepa_patagonica,63,CHILE-SN-19-X-C,E14_Estepa_patagonica.gpkg
5526,14,E14_Estepa_patagonica,63,CHILE-SN-19-V-B,E14_Estepa_patagonica.gpkg
5527,14,E14_Estepa_patagonica,63,CHILE-SN-19-V-B,E14_Estepa_patagonica.gpkg
5528,14,E14_Estepa_patagonica,63,CHILE-SN-19-V-B,E14_Estepa_patagonica.gpkg
5529,14,E14_Estepa_patagonica,63,CHILE-SN-19-V-A,E14_Estepa_patagonica.gpkg
5530,14,E14_Estepa_patagonica,63,CHILE-SN-19-V-A,E14_Estepa_patagonica.gpkg
5531,14,E14_Estepa_patagonica,63,CHILE-SN-19-V-B,E14_Estepa_patagonica.gpkg
5532,14,E14_Estepa_patagonica,63,CHILE-SN-19-V-A,E14_Estepa_patagonica.gpkg
5533,14,E14_Estepa_patagonica,63,CHILE-SN-19-V-B,E14_Estepa_patagonica.gpkg
5534,14,E14_Estepa_patagonica,63,CHILE-SN-19-X-A,E14_Estepa_patagonica.gpkg
5535,14,E14_Estepa_patagonica,63,CHILE-SN-19-X-C,E14_Estepa_patagonica.gpkg
5536,14,E14_Estepa_patagonica,63,CHILE-SN-19-X-A,E14_Estepa_patagonica.gpkg
5537,14,E14_Estepa_patagonica,63,CHILE-SN-19-V-B,E14_Estepa_patagonica.gpkg
5538,14,E14_Estepa_patagonica,63,CHILE-SM-18-Z-B,E14_Estepa_patagonica.gpkg
5539,14,E14_Estepa_patagonica,63,CHILE-SN-19-V-A,E14_Estepa_patagonica.gpkg
5540,14,E14_Estepa_patagonica,63,CHILE-SN-19-V-B,E14_Estepa_patagonica.gpkg
5541,14,E14_Estepa_patagonica,63,CHILE-SN-19-X-C,E14_Estepa_patagonica.gpkg
5542,14,E14_Estepa_patagonica,63,CHILE-SN-19-V-B,E14_Estepa_patagonica.gpkg
5543,14,E14_Estepa_patagonica,63,CHILE-SN-19-V-A,E14_Estepa_patagonica.gpkg
5544,14,E14_Estepa_patagonica,63,CHILE-SN-19-X-A,E14_Estepa_patagonica.gpkg
5545,14,E14_Estepa_patagonica,63,CHILE-SM-18-Z-B,E14_Estepa_patagonica.gpkg
5546,14,E14_Estepa_patagonica,66,CHILE-SL-19-Y-A,E14_Estepa_patagonica.gpkg
5547,14,E14_Estepa_patagonica,66,CHILE-SM-18-Z-B,E14_Estepa_patagonica.gpkg
5548,14,E14_Estepa_patagonica,66,CHILE-SM-18-Z-B,E14_Estepa_patagonica.gpkg
5549,14,E14_Estepa_patagonica,66,CHILE-SN-19-X-C,E14_Estepa_patagonica.gpkg
5550,14,E14_Estepa_patagonica,66,CHILE-SL-19-Y-A,E14_Estepa_patagonica.gpkg
5551,14,E14_Estepa_patagonica,66,CHILE-SL-19-V-A,E14_Estepa_patagonica.gpkg
5552,14,E14_Estepa_patagonica,66,CHILE-SM-18-Z-B,E14_Estepa_patagonica.gpkg
5553,14,E14_Estepa_patagonica,66,CHILE-SL-19-Y-A,E14_Estepa_patagonica.gpkg
5554,14,E14_Estepa_patagonica,66,CHILE-SL-19-Y-A,E14_Estepa_patagonica.gpkg
5555,14,E14_Estepa_patagonica,66,CHILE-SL-19-Y-A,E14_Estepa_patagonica.gpkg
5556,14,E14_Estepa_patagonica,66,CHILE-SL-19-Y-A,E14_Estepa_patagonica.gpkg
5557,14,E14_Estepa_patagonica,66,CHILE-SL-19-Y-A,E14_Estepa_patagonica.gpkg
5558,14,E14_Estepa_patagonica,66,CHILE-SL-19-Y-A,E14_Estepa_patagonica.gpkg
5559,14,E14_Estepa_patagonica,66,CHILE-SN-19-V-A,E14_Estepa_patagonica.gpkg
5560,14,E14_Estepa_patagonica,66,CHILE-SL-19-Y-A,E14_Estepa_patagonica.gpkg
5561,14,E14_Estepa_patagonica,66,CHILE-SL-19-Y-A,E14_Estepa_patagonica.gpkg
5562,14,E14_Estepa_patagonica,66,CHILE-SM-18-Z-B,E14_Estepa_patagonica.gpkg
5563,14,E14_Estepa_patagonica,66,CHILE-SM-18-Z-B,E14_Estepa_patagonica.gpkg
5564,14,E14_Estepa_patagonica,66,CHILE-SN-19-X-C,E14_Estepa_patagonica.gpkg
5565,14,E14_Estepa_patagonica,66,CHILE-SL-19-V-A,E14_Estepa_patagonica.gpkg
5566,14,E14_Estepa_patagonica,66,CHILE-SN-19-X-C,E14_Estepa_patagonica.gpkg
5567,14,E14_Estepa_patagonica,66,CHILE-SM-18-Z-B,E14_Estepa_patagonica.gpkg
5568,14,E14_Estepa_patagonica,66,CHILE-SM-18-Z-B,E14_Estepa_patagonica.gpkg
5569,14,E14_Estepa_patagonica,66,CHILE-SL-19-Y-A,E14_Estepa_patagonica.gpkg
5570,14,E14_Estepa_patagonica,67,CHILE-SL-18-X-D,E14_Estepa_patagonica.gpkg
5571,14,E14_Estepa_patagonica,67,CHILE-SL-18-X-D,E14_Estepa_patagonica.gpkg
5572,14,E14_Estepa_patagonica,67,CHILE-SL-18-X-D,E14_Estepa_patagonica.gpkg
5573,14,E14_Estepa_patagonica,67,CHILE-SL-18-Z-B,E14_Estepa_patagonica.gpkg
5574,14,E14_Estepa_patagonica,67,CHILE-SL-18-Z-B,E14_Estepa_patagonica.gpkg
5575,14,E14_Estepa_patagonica,67,CHILE-SL-18-X-D,E14_Estepa_patagonica.gpkg
5576,14,E14_Estepa_patagonica,67,CHILE-SL-18-Z-B,E14_Estepa_patagonica.gpkg
5577,14,E14_Estepa_patagonica,67,CHILE-SL-18-Z-B,E14_Estepa_patagonica.gpkg
5578,14,E14_Estepa_patagonica,67,CHILE-SL-18-X-D,E14_Estepa_patagonica.gpkg
5579,14,E14_Estepa_patagonica,67,CHILE-SL-18-X-D,E14_Estepa_patagonica.gpkg
5580,14,E14_Estepa_patagonica,67,CHILE-SL-18-Z-B,E14_Estepa_patagonica.gpkg
5581,14,E14_Estepa_patagonica,67,CHILE-SL-18-Z-B,E14_Estepa_patagonica.gpkg
5582,14,E14_Estepa_patagonica,67,CHILE-SL-18-X-D,E14_Estepa_patagonica.gpkg
5583,14,E14_Estepa_patagonica,67,CHILE-SL-18-X-D,E14_Estepa_patagonica.gpkg
5584,14,E14_Estepa_patagonica,67,CHILE-SL-18-X-D,E14_Estepa_patagonica.gpkg
5585,14,E14_Estepa_patagonica,67,CHILE-SL-18-X-D,E14_Estepa_patagonica.gpkg
5586,14,E14_Estepa_patagonica,67,CHILE-SL-18-X-D,E14_Estepa_patagonica.gpkg
5587,14,E14_Estepa_patagonica,67,CHILE-SL-18-X-D,E14_Estepa_patagonica.gpkg
5588,14,E14_Estepa_patagonica,67,CHILE-SL-18-X-D,E14_Estepa_patagonica.gpkg
5589,14,E14_Estepa_patagonica,67,CHILE-SL-18-Z-D,E14_Estepa_patagonica.gpkg
5590,14,E14_Estepa_patagonica,67,CHILE-SL-18-Z-B,E14_Estepa_patagonica.gpkg
5591,14,E14_Estepa_patagonica,67,CHILE-SL-18-Z-B,E14_Estepa_patagonica.gpkg
5592,14,E14_Estepa_patagonica,67,CHILE-SL-18-Z-D,E14_Estepa_patagonica.gpkg
5593,14,E14_Estepa_patagonica,67,CHILE-SL-18-X-D,E14_Estepa_patagonica.gpkg
5594,14,E14_Estepa_patagonica,79,CHILE-SL-19-V-C,E14_Estepa_patagonica.gpkg
5595,14,E14_Estepa_patagonica,79,CHILE-SL-19-V-C,E14_Estepa_patagonica.gpkg
5596,14,E14_Estepa_patagonica,79,CHILE-SL-19-V-C,E14_Estepa_patagonica.gpkg
5597,14,E14_Estepa_patagonica,79,CHILE-SL-19-V-C,E14_Estepa_patagonica.gpkg
5598,15,E15_Bosque_subpolar,11,CHILE-SN-19-V-A,E15_Bosque_subpolar.gpkg
5599,15,E15_Bosque_subpolar,11,CHILE-SN-19-Z-D,E15_Bosque_subpolar.gpkg
5600,15,E15_Bosque_subpolar,11,CHILE-SN-19-V-C,E15_Bosque_subpolar.gpkg
5601,15,E15_Bosque_subpolar,11,CHILE-SN-19-V-D,E15_Bosque_subpolar.gpkg
5602,15,E15_Bosque_subpolar,11,CHILE-SN-18-X-B,E15_Bosque_subpolar.gpkg
5603,15,E15_Bosque_subpolar,11,CHILE-SN-19-V-D,E15_Bosque_subpolar.gpkg
5604,15,E15_Bosque_subpolar,11,CHILE-SN-19-V-A,E15_Bosque_subpolar.gpkg
5605,15,E15_Bosque_subpolar,11,CHILE-SN-19-V-D,E15_Bosque_subpolar.gpkg
5606,15,E15_Bosque_subpolar,11,CHILE-SN-19-Y-B,E15_Bosque_subpolar.gpkg
5607,15,E15_Bosque_subpolar,11,CHILE-SN-19-V-C,E15_Bosque_subpolar.gpkg
5608,15,E15_Bosque_subpolar,11,CHILE-SN-19-Y-B,E15_Bosque_subpolar.gpkg
5609,15,E15_Bosque_subpolar,11,CHILE-SN-19-V-C,E15_Bosque_subpolar.gpkg
5610,15,E15_Bosque_subpolar,11,CHILE-SN-19-Y-B,E15_Bosque_subpolar.gpkg
5611,15,E15_Bosque_subpolar,11,CHILE-SN-19-V-D,E15_Bosque_subpolar.gpkg
5612,15,E15_Bosque_subpolar,11,CHILE-SN-19-V-C,E15_Bosque_subpolar.gpkg
5613,15,E15_Bosque_subpolar,11,CHILE-SN-19-Z-D,E15_Bosque_subpolar.gpkg
5614,15,E15_Bosque_subpolar,11,CHILE-SN-19-V-D,E15_Bosque_subpolar.gpkg
5615,15,E15_Bosque_subpolar,11,CHILE-SN-19-Z-D,E15_Bosque_subpolar.gpkg
5616,15,E15_Bosque_subpolar,11,CHILE-SL-18-Z-C,E15_Bosque_subpolar.gpkg
5617,15,E15_Bosque_subpolar,11,CHILE-SN-19-Z-D,E15_Bosque_subpolar.gpkg
5618,15,E15_Bosque_subpolar,11,CHILE-SN-19-Y-B,E15_Bosque_subpolar.gpkg
5619,15,E15_Bosque_subpolar,11,CHILE-SN-19-V-C,E15_Bosque_subpolar.gpkg
5620,15,E15_Bosque_subpolar,11,CHILE-SN-19-V-D,E15_Bosque_subpolar.gpkg
5621,15,E15_Bosque_subpolar,11,CHILE-SN-19-V-C,E15_Bosque_subpolar.gpkg
5622,15,E15_Bosque_subpolar,11,CHILE-SN-19-V-C,E15_Bosque_subpolar.gpkg
5623,15,E15_Bosque_subpolar,11,CHILE-SN-19-V-C,E15_Bosque_subpolar.gpkg
5624,15,E15_Bosque_subpolar,11,CHILE-SN-19-Y-B,E15_Bosque_subpolar.gpkg
5625,15,E15_Bosque_subpolar,11,CHILE-SN-19-V-C,E15_Bosque_subpolar.gpkg
5626,15,E15_Bosque_subpolar,11,CHILE-SN-19-V-D,E15_Bosque_subpolar.gpkg
5627,15,E15_Bosque_subpolar,11,CHILE-SN-19-V-D,E15_Bosque_subpolar.gpkg
5628,15,E15_Bosque_subpolar,11,CHILE-SN-19-V-D,E15_Bosque_subpolar.gpkg
5629,15,E15_Bosque_subpolar,11,CHILE-SN-19-V-A,E15_Bosque_subpolar.gpkg
5630,15,E15_Bosque_subpolar,11,CHILE-SN-19-V-C,E15_Bosque_subpolar.gpkg
5631,15,E15_Bosque_subpolar,11,CHILE-SN-19-V-C,E15_Bosque_subpolar.gpkg
5632,15,E15_Bosque_subpolar,11,CHILE-SN-19-V-C,E15_Bosque_subpolar.gpkg
5633,15,E15_Bosque_subpolar,11,CHILE-SN-19-V-C,E15_Bosque_subpolar.gpkg
5634,15,E15_Bosque_subpolar,11,CHILE-SN-19-V-C,E15_Bosque_subpolar.gpkg
5635,15,E15_Bosque_subpolar,11,CHILE-SN-19-V-D,E15_Bosque_subpolar.gpkg
5636,15,E15_Bosque_subpolar,11,CHILE-SN-19-V-C,E15_Bosque_subpolar.gpkg
5637,15,E15_Bosque_subpolar,11,CHILE-SL-18-Z-D,E15_Bosque_subpolar.gpkg
5638,15,E15_Bosque_subpolar,11,CHILE-SN-19-Z-C,E15_Bosque_subpolar.gpkg
5639,15,E15_Bosque_subpolar,11,CHILE-SN-19-V-C,E15_Bosque_subpolar.gpkg
5640,15,E15_Bosque_subpolar,11,CHILE-SN-19-V-C,E15_Bosque_subpolar.gpkg
5641,15,E15_Bosque_subpolar,11,CHILE-SN-19-Y-B,E15_Bosque_subpolar.gpkg
5642,15,E15_Bosque_subpolar,11,CHILE-SN-19-V-D,E15_Bosque_subpolar.gpkg
5643,15,E15_Bosque_subpolar,11,CHILE-SN-19-V-C,E15_Bosque_subpolar.gpkg
5644,15,E15_Bosque_subpolar,11,CHILE-SN-19-V-C,E15_Bosque_subpolar.gpkg
5645,15,E15_Bosque_subpolar,11,CHILE-SN-19-Y-B,E15_Bosque_subpolar.gpkg
5646,15,E15_Bosque_subpolar,11,CHILE-SN-19-V-C,E15_Bosque_subpolar.gpkg
5647,15,E15_Bosque_subpolar,11,CHILE-SN-19-V-C,E15_Bosque_subpolar.gpkg
5648,15,E15_Bosque_subpolar,11,CHILE-SL-18-Z-D,E15_Bosque_subpolar.gpkg
5649,15,E15_Bosque_subpolar,11,CHILE-SN-19-V-A,E15_Bosque_subpolar.gpkg
5650,15,E15_Bosque_subpolar,11,CHILE-SN-19-Z-C,E15_Bosque_subpolar.gpkg
5651,15,E15_Bosque_subpolar,11,CHILE-SN-19-V-D,E15_Bosque_subpolar.gpkg
5652,15,E15_Bosque_subpolar,11,CHILE-SN-19-V-D,E15_Bosque_subpolar.gpkg
5653,15,E15_Bosque_subpolar,11,CHILE-SN-19-Z-D,E15_Bosque_subpolar.gpkg
5654,15,E15_Bosque_subpolar,11,CHILE-SN-18-X-B,E15_Bosque_subpolar.gpkg
5655,15,E15_Bosque_subpolar,11,CHILE-SN-19-V-D,E15_Bosque_subpolar.gpkg
5656,15,E15_Bosque_subpolar,15,CHILE-SL-18-Z-B,E15_Bosque_subpolar.gpkg
5657,15,E15_Bosque_subpolar,15,CHILE-SL-18-Z-B,E15_Bosque_subpolar.gpkg
5658,15,E15_Bosque_subpolar,15,CHILE-SL-18-Z-D,E15_Bosque_subpolar.gpkg
5659,15,E15_Bosque_subpolar,15,CHILE-SL-18-Z-B,E15_Bosque_subpolar.gpkg
5660,15,E15_Bosque_subpolar,15,CHILE-SL-18-Z-B,E15_Bosque_subpolar.gpkg
5661,15,E15_Bosque_subpolar,15,CHILE-SL-18-Z-B,E15_Bosque_subpolar.gpkg
5662,15,E15_Bosque_subpolar,15,CHILE-SL-18-Z-B,E15_Bosque_subpolar.gpkg
5663,15,E15_Bosque_subpolar,15,CHILE-SL-18-Z-D,E15_Bosque_subpolar.gpkg
5664,15,E15_Bosque_subpolar,15,CHILE-SL-18-Z-D,E15_Bosque_subpolar.gpkg
5665,15,E15_Bosque_subpolar,15,CHILE-SL-18-Z-D,E15_Bosque_subpolar.gpkg
5666,15,E15_Bosque_subpolar,15,CHILE-SL-18-Z-D,E15_Bosque_subpolar.gpkg
5667,15,E15_Bosque_subpolar,15,CHILE-SL-18-Z-D,E15_Bosque_subpolar.gpkg
5668,15,E15_Bosque_subpolar,15,CHILE-SL-18-Z-B,E15_Bosque_subpolar.gpkg
5669,15,E15_Bosque_subpolar,15,CHILE-SL-18-Z-B,E15_Bosque_subpolar.gpkg
5670,15,E15_Bosque_subpolar,15,CHILE-SL-18-Z-D,E15_Bosque_subpolar.gpkg
5671,15,E15_Bosque_subpolar,15,CHILE-SL-18-Z-D,E15_Bosque_subpolar.gpkg
5672,15,E15_Bosque_subpolar,15,CHILE-SL-18-Z-B,E15_Bosque_subpolar.gpkg
5673,15,E15_Bosque_subpolar,15,CHILE-SL-18-Z-B,E15_Bosque_subpolar.gpkg
5674,15,E15_Bosque_subpolar,15,CHILE-SL-18-Z-D,E15_Bosque_subpolar.gpkg
5675,15,E15_Bosque_subpolar,23,CHILE-SM-18-Z-D,E15_Bosque_subpolar.gpkg
5676,15,E15_Bosque_subpolar,23,CHILE-SN-19-V-B,E15_Bosque_subpolar.gpkg
5677,15,E15_Bosque_subpolar,23,CHILE-SL-18-Z-C,E15_Bosque_subpolar.gpkg
5678,15,E15_Bosque_subpolar,23,CHILE-SM-18-Z-D,E15_Bosque_subpolar.gpkg
5679,15,E15_Bosque_subpolar,23,CHILE-SL-18-Y-D,E15_Bosque_subpolar.gpkg
5680,15,E15_Bosque_subpolar,23,CHILE-SL-18-Z-C,E15_Bosque_subpolar.gpkg
5681,15,E15_Bosque_subpolar,23,CHILE-SN-19-V-C,E15_Bosque_subpolar.gpkg
5682,15,E15_Bosque_subpolar,23,CHILE-SN-19-V-C,E15_Bosque_subpolar.gpkg
5683,15,E15_Bosque_subpolar,23,CHILE-SL-18-Z-A,E15_Bosque_subpolar.gpkg
5684,15,E15_Bosque_subpolar,23,CHILE-SN-19-V-C,E15_Bosque_subpolar.gpkg
5685,15,E15_Bosque_subpolar,23,CHILE-SL-18-Z-A,E15_Bosque_subpolar.gpkg
5686,15,E15_Bosque_subpolar,23,CHILE-SL-18-Z-B,E15_Bosque_subpolar.gpkg
5687,15,E15_Bosque_subpolar,23,CHILE-SN-19-V-C,E15_Bosque_subpolar.gpkg
5688,15,E15_Bosque_subpolar,23,CHILE-SN-19-V-B,E15_Bosque_subpolar.gpkg
5689,15,E15_Bosque_subpolar,23,CHILE-SL-18-Z-A,E15_Bosque_subpolar.gpkg
5690,15,E15_Bosque_subpolar,23,CHILE-SM-18-V-B,E15_Bosque_subpolar.gpkg
5691,15,E15_Bosque_subpolar,24,CHILE-SL-18-Z-D,E15_Bosque_subpolar.gpkg
5692,15,E15_Bosque_subpolar,24,CHILE-SN-19-V-C,E15_Bosque_subpolar.gpkg
5693,15,E15_Bosque_subpolar,24,CHILE-SM-18-Z-D,E15_Bosque_subpolar.gpkg
5694,15,E15_Bosque_subpolar,24,CHILE-SM-18-Z-D,E15_Bosque_subpolar.gpkg
5695,15,E15_Bosque_subpolar,24,CHILE-SM-18-Z-D,E15_Bosque_subpolar.gpkg
5696,15,E15_Bosque_subpolar,24,CHILE-SL-18-Z-B,E15_Bosque_subpolar.gpkg
5697,15,E15_Bosque_subpolar,24,CHILE-SL-18-Z-D,E15_Bosque_subpolar.gpkg
5698,15,E15_Bosque_subpolar,24,CHILE-SL-18-Z-B,E15_Bosque_subpolar.gpkg
5699,15,E15_Bosque_subpolar,24,CHILE-SN-19-Z-A,E15_Bosque_subpolar.gpkg
5700,15,E15_Bosque_subpolar,24,CHILE-SM-18-X-C,E15_Bosque_subpolar.gpkg
5701,15,E15_Bosque_subpolar,24,CHILE-SN-19-V-D,E15_Bosque_subpolar.gpkg
5702,15,E15_Bosque_subpolar,24,CHILE-SN-19-V-C,E15_Bosque_subpolar.gpkg
5703,15,E15_Bosque_subpolar,24,CHILE-SM-18-X-B,E15_Bosque_subpolar.gpkg
5704,15,E15_Bosque_subpolar,24,CHILE-SN-19-Z-A,E15_Bosque_subpolar.gpkg
5705,15,E15_Bosque_subpolar,24,CHILE-SM-18-Z-D,E15_Bosque_subpolar.gpkg
5706,15,E15_Bosque_subpolar,24,CHILE-SM-18-Z-D,E15_Bosque_subpolar.gpkg
5707,15,E15_Bosque_subpolar,24,CHILE-SL-18-Z-C,E15_Bosque_subpolar.gpkg
5708,15,E15_Bosque_subpolar,24,CHILE-SN-19-V-D,E15_Bosque_subpolar.gpkg
5709,15,E15_Bosque_subpolar,24,CHILE-SN-19-V-D,E15_Bosque_subpolar.gpkg
5710,15,E15_Bosque_subpolar,24,CHILE-SM-18-Z-D,E15_Bosque_subpolar.gpkg
5711,15,E15_Bosque_subpolar,24,CHILE-SN-19-V-C,E15_Bosque_subpolar.gpkg
5712,15,E15_Bosque_subpolar,24,CHILE-SL-18-Z-D,E15_Bosque_subpolar.gpkg
5713,15,E15_Bosque_subpolar,24,CHILE-SN-19-Z-A,E15_Bosque_subpolar.gpkg
5714,15,E15_Bosque_subpolar,24,CHILE-SL-18-Z-D,E15_Bosque_subpolar.gpkg
5715,15,E15_Bosque_subpolar,24,CHILE-SM-18-Z-D,E15_Bosque_subpolar.gpkg
5716,15,E15_Bosque_subpolar,24,CHILE-SN-19-V-C,E15_Bosque_subpolar.gpkg
5717,15,E15_Bosque_subpolar,24,CHILE-SN-19-V-C,E15_Bosque_subpolar.gpkg
5718,15,E15_Bosque_subpolar,24,CHILE-SL-18-Z-B,E15_Bosque_subpolar.gpkg
5719,15,E15_Bosque_subpolar,24,CHILE-SN-19-V-D,E15_Bosque_subpolar.gpkg
5720,15,E15_Bosque_subpolar,24,CHILE-SL-18-Z-D,E15_Bosque_subpolar.gpkg
5721,15,E15_Bosque_subpolar,24,CHILE-SL-18-Z-D,E15_Bosque_subpolar.gpkg
5722,15,E15_Bosque_subpolar,24,CHILE-SN-19-V-C,E15_Bosque_subpolar.gpkg
5723,15,E15_Bosque_subpolar,24,CHILE-SN-19-Z-A,E15_Bosque_subpolar.gpkg
5724,15,E15_Bosque_subpolar,24,CHILE-SL-18-Z-D,E15_Bosque_subpolar.gpkg
5725,15,E15_Bosque_subpolar,24,CHILE-SL-18-Z-B,E15_Bosque_subpolar.gpkg
5726,15,E15_Bosque_subpolar,29,CHILE-SL-18-Z-D,E15_Bosque_subpolar.gpkg
5727,15,E15_Bosque_subpolar,29,CHILE-SL-19-Y-A,E15_Bosque_subpolar.gpkg
5728,15,E15_Bosque_subpolar,29,CHILE-SM-18-Z-C,E15_Bosque_subpolar.gpkg
5729,15,E15_Bosque_subpolar,29,CHILE-SM-18-V-B,E15_Bosque_subpolar.gpkg
5730,15,E15_Bosque_subpolar,29,CHILE-SM-18-X-A,E15_Bosque_subpolar.gpkg
5731,15,E15_Bosque_subpolar,29,CHILE-SL-18-Z-D,E15_Bosque_subpolar.gpkg
5732,15,E15_Bosque_subpolar,29,CHILE-SM-18-X-A,E15_Bosque_subpolar.gpkg
5733,15,E15_Bosque_subpolar,29,CHILE-SL-19-Y-A,E15_Bosque_subpolar.gpkg
5734,15,E15_Bosque_subpolar,29,CHILE-SM-18-V-B,E15_Bosque_subpolar.gpkg
5735,15,E15_Bosque_subpolar,29,CHILE-SL-19-Y-A,E15_Bosque_subpolar.gpkg
5736,15,E15_Bosque_subpolar,29,CHILE-SL-18-Z-D,E15_Bosque_subpolar.gpkg
5737,15,E15_Bosque_subpolar,29,CHILE-SL-19-Y-A,E15_Bosque_subpolar.gpkg
5738,15,E15_Bosque_subpolar,29,CHILE-SL-19-Y-A,E15_Bosque_subpolar.gpkg
5739,15,E15_Bosque_subpolar,29,CHILE-SN-19-Z-C,E15_Bosque_subpolar.gpkg
5740,15,E15_Bosque_subpolar,29,CHILE-SL-18-Z-D,E15_Bosque_subpolar.gpkg
5741,15,E15_Bosque_subpolar,29,CHILE-SN-19-Z-C,E15_Bosque_subpolar.gpkg
5742,15,E15_Bosque_subpolar,29,CHILE-SL-18-Z-D,E15_Bosque_subpolar.gpkg
5743,15,E15_Bosque_subpolar,29,CHILE-SM-18-Z-C,E15_Bosque_subpolar.gpkg
5744,15,E15_Bosque_subpolar,29,CHILE-SM-18-Z-C,E15_Bosque_subpolar.gpkg
5745,15,E15_Bosque_subpolar,29,CHILE-SL-18-Z-D,E15_Bosque_subpolar.gpkg
5746,15,E15_Bosque_subpolar,29,CHILE-SM-18-V-B,E15_Bosque_subpolar.gpkg
5747,15,E15_Bosque_subpolar,29,CHILE-SL-18-Z-D,E15_Bosque_subpolar.gpkg
5748,15,E15_Bosque_subpolar,29,CHILE-SM-18-V-B,E15_Bosque_subpolar.gpkg
5749,15,E15_Bosque_subpolar,29,CHILE-SM-18-V-B,E15_Bosque_subpolar.gpkg
5750,15,E15_Bosque_subpolar,29,CHILE-SM-18-Z-C,E15_Bosque_subpolar.gpkg
5751,15,E15_Bosque_subpolar,29,CHILE-SL-18-Z-D,E15_Bosque_subpolar.gpkg
5752,15,E15_Bosque_subpolar,29,CHILE-SL-18-Z-D,E15_Bosque_subpolar.gpkg
5753,15,E15_Bosque_subpolar,29,CHILE-SL-19-Y-A,E15_Bosque_subpolar.gpkg
5754,15,E15_Bosque_subpolar,29,CHILE-SL-19-Y-A,E15_Bosque_subpolar.gpkg
5755,15,E15_Bosque_subpolar,29,CHILE-SL-19-Y-A,E15_Bosque_subpolar.gpkg
5756,15,E15_Bosque_subpolar,59,CHILE-SL-18-Z-B,E15_Bosque_subpolar.gpkg
5757,15,E15_Bosque_subpolar,59,CHILE-SL-18-Z-B,E15_Bosque_subpolar.gpkg
5758,15,E15_Bosque_subpolar,59,CHILE-SM-18-Z-A,E15_Bosque_subpolar.gpkg
5759,15,E15_Bosque_subpolar,59,CHILE-SM-18-X-C,E15_Bosque_subpolar.gpkg
5760,15,E15_Bosque_subpolar,59,CHILE-SM-18-X-A,E15_Bosque_subpolar.gpkg
5761,15,E15_Bosque_subpolar,59,CHILE-SM-18-Z-A,E15_Bosque_subpolar.gpkg
5762,15,E15_Bosque_subpolar,59,CHILE-SN-19-V-A,E15_Bosque_subpolar.gpkg
5763,15,E15_Bosque_subpolar,59,CHILE-SM-18-V-D,E15_Bosque_subpolar.gpkg
5764,15,E15_Bosque_subpolar,59,CHILE-SL-18-Z-C,E15_Bosque_subpolar.gpkg
5765,15,E15_Bosque_subpolar,59,CHILE-SM-18-X-A,E15_Bosque_subpolar.gpkg
5766,15,E15_Bosque_subpolar,59,CHILE-SM-18-Z-A,E15_Bosque_subpolar.gpkg
5767,15,E15_Bosque_subpolar,59,CHILE-SN-19-V-A,E15_Bosque_subpolar.gpkg
5768,15,E15_Bosque_subpolar,59,CHILE-SL-18-Z-C,E15_Bosque_subpolar.gpkg
5769,15,E15_Bosque_subpolar,59,CHILE-SM-18-V-B,E15_Bosque_subpolar.gpkg
5770,15,E15_Bosque_subpolar,59,CHILE-SM-18-Z-A,E15_Bosque_subpolar.gpkg
5771,15,E15_Bosque_subpolar,59,CHILE-SM-18-Z-A,E15_Bosque_subpolar.gpkg
5772,15,E15_Bosque_subpolar,59,CHILE-SM-18-Z-A,E15_Bosque_subpolar.gpkg
5773,15,E15_Bosque_subpolar,59,CHILE-SM-18-X-A,E15_Bosque_subpolar.gpkg
5774,15,E15_Bosque_subpolar,59,CHILE-SN-19-V-C,E15_Bosque_subpolar.gpkg
5775,15,E15_Bosque_subpolar,59,CHILE-SM-18-X-C,E15_Bosque_subpolar.gpkg
5776,15,E15_Bosque_subpolar,59,CHILE-SM-18-X-A,E15_Bosque_subpolar.gpkg
5777,15,E15_Bosque_subpolar,59,CHILE-SM-18-X-A,E15_Bosque_subpolar.gpkg
5778,15,E15_Bosque_subpolar,59,CHILE-SM-18-Z-A,E15_Bosque_subpolar.gpkg
5779,15,E15_Bosque_subpolar,59,CHILE-SL-18-Z-B,E15_Bosque_subpolar.gpkg
5780,15,E15_Bosque_subpolar,59,CHILE-SM-18-V-B,E15_Bosque_subpolar.gpkg
5781,15,E15_Bosque_subpolar,59,CHILE-SM-18-V-D,E15_Bosque_subpolar.gpkg
5782,15,E15_Bosque_subpolar,59,CHILE-SM-18-X-A,E15_Bosque_subpolar.gpkg
5783,15,E15_Bosque_subpolar,59,CHILE-SM-18-Z-A,E15_Bosque_subpolar.gpkg
5784,15,E15_Bosque_subpolar,59,CHILE-SM-18-X-A,E15_Bosque_subpolar.gpkg
5785,15,E15_Bosque_subpolar,59,CHILE-SM-18-X-A,E15_Bosque_subpolar.gpkg
5786,15,E15_Bosque_subpolar,59,CHILE-SM-18-Z-A,E15_Bosque_subpolar.gpkg
5787,15,E15_Bosque_subpolar,59,CHILE-SN-19-V-C,E15_Bosque_subpolar.gpkg
5788,15,E15_Bosque_subpolar,59,CHILE-SM-18-V-B,E15_Bosque_subpolar.gpkg
5789,15,E15_Bosque_subpolar,59,CHILE-SM-18-X-C,E15_Bosque_subpolar.gpkg
5790,15,E15_Bosque_subpolar,59,CHILE-SM-18-Z-A,E15_Bosque_subpolar.gpkg
5791,15,E15_Bosque_subpolar,59,CHILE-SL-18-Z-B,E15_Bosque_subpolar.gpkg
5792,15,E15_Bosque_subpolar,59,CHILE-SL-18-Z-B,E15_Bosque_subpolar.gpkg
5793,15,E15_Bosque_subpolar,59,CHILE-SM-18-Z-A,E15_Bosque_subpolar.gpkg
5794,15,E15_Bosque_subpolar,59,CHILE-SM-18-X-A,E15_Bosque_subpolar.gpkg
5795,15,E15_Bosque_subpolar,59,CHILE-SL-18-Z-C,E15_Bosque_subpolar.gpkg
5796,15,E15_Bosque_subpolar,59,CHILE-SM-18-X-A,E15_Bosque_subpolar.gpkg
5797,15,E15_Bosque_subpolar,59,CHILE-SL-18-Z-C,E15_Bosque_subpolar.gpkg
5798,15,E15_Bosque_subpolar,59,CHILE-SM-18-Z-A,E15_Bosque_subpolar.gpkg
5799,15,E15_Bosque_subpolar,59,CHILE-SL-18-Z-C,E15_Bosque_subpolar.gpkg
5800,15,E15_Bosque_subpolar,59,CHILE-SM-18-X-A,E15_Bosque_subpolar.gpkg
5801,15,E15_Bosque_subpolar,59,CHILE-SN-19-V-C,E15_Bosque_subpolar.gpkg
5802,15,E15_Bosque_subpolar,59,CHILE-SM-18-X-A,E15_Bosque_subpolar.gpkg
5803,15,E15_Bosque_subpolar,59,CHILE-SM-18-V-B,E15_Bosque_subpolar.gpkg
5804,15,E15_Bosque_subpolar,59,CHILE-SM-18-V-B,E15_Bosque_subpolar.gpkg
5805,15,E15_Bosque_subpolar,59,CHILE-SM-18-X-A,E15_Bosque_subpolar.gpkg
5806,15,E15_Bosque_subpolar,59,CHILE-SN-19-Y-B,E15_Bosque_subpolar.gpkg
5807,15,E15_Bosque_subpolar,59,CHILE-SM-18-Z-A,E15_Bosque_subpolar.gpkg
5808,15,E15_Bosque_subpolar,59,CHILE-SM-18-Z-A,E15_Bosque_subpolar.gpkg
5809,15,E15_Bosque_subpolar,59,CHILE-SM-18-X-C,E15_Bosque_subpolar.gpkg
5810,15,E15_Bosque_subpolar,59,CHILE-SL-18-Z-C,E15_Bosque_subpolar.gpkg
5811,15,E15_Bosque_subpolar,59,CHILE-SL-18-Z-C,E15_Bosque_subpolar.gpkg
5812,15,E15_Bosque_subpolar,59,CHILE-SM-18-Z-A,E15_Bosque_subpolar.gpkg
5813,15,E15_Bosque_subpolar,59,CHILE-SM-18-X-A,E15_Bosque_subpolar.gpkg
5814,15,E15_Bosque_subpolar,59,CHILE-SM-18-Z-A,E15_Bosque_subpolar.gpkg
5815,15,E15_Bosque_subpolar,59,CHILE-SL-18-Z-B,E15_Bosque_subpolar.gpkg
5816,15,E15_Bosque_subpolar,59,CHILE-SM-18-V-D,E15_Bosque_subpolar.gpkg
5817,15,E15_Bosque_subpolar,59,CHILE-SM-18-V-D,E15_Bosque_subpolar.gpkg
5818,15,E15_Bosque_subpolar,60,CHILE-SM-18-Z-A,E15_Bosque_subpolar.gpkg
5819,15,E15_Bosque_subpolar,60,CHILE-SL-18-Z-C,E15_Bosque_subpolar.gpkg
5820,15,E15_Bosque_subpolar,60,CHILE-SN-19-V-C,E15_Bosque_subpolar.gpkg
5821,15,E15_Bosque_subpolar,60,CHILE-SN-19-V-D,E15_Bosque_subpolar.gpkg
5822,15,E15_Bosque_subpolar,60,CHILE-SN-19-V-C,E15_Bosque_subpolar.gpkg
5823,15,E15_Bosque_subpolar,60,CHILE-SL-18-Z-C,E15_Bosque_subpolar.gpkg
5824,15,E15_Bosque_subpolar,60,CHILE-SM-18-X-A,E15_Bosque_subpolar.gpkg
5825,15,E15_Bosque_subpolar,60,CHILE-SL-18-Z-B,E15_Bosque_subpolar.gpkg
5826,15,E15_Bosque_subpolar,60,CHILE-SN-19-V-D,E15_Bosque_subpolar.gpkg
5827,15,E15_Bosque_subpolar,60,CHILE-SN-19-Y-B,E15_Bosque_subpolar.gpkg
5828,15,E15_Bosque_subpolar,60,CHILE-SN-19-V-A,E15_Bosque_subpolar.gpkg
5829,15,E15_Bosque_subpolar,60,CHILE-SL-18-Z-C,E15_Bosque_subpolar.gpkg
5830,15,E15_Bosque_subpolar,60,CHILE-SM-18-Z-A,E15_Bosque_subpolar.gpkg
5831,15,E15_Bosque_subpolar,60,CHILE-SN-19-Z-A,E15_Bosque_subpolar.gpkg
5832,15,E15_Bosque_subpolar,60,CHILE-SN-19-V-A,E15_Bosque_subpolar.gpkg
5833,15,E15_Bosque_subpolar,60,CHILE-SN-19-V-C,E15_Bosque_subpolar.gpkg
5834,15,E15_Bosque_subpolar,60,CHILE-SM-18-Z-A,E15_Bosque_subpolar.gpkg
5835,15,E15_Bosque_subpolar,60,CHILE-SL-18-Z-C,E15_Bosque_subpolar.gpkg
5836,15,E15_Bosque_subpolar,60,CHILE-SL-18-Z-C,E15_Bosque_subpolar.gpkg
5837,15,E15_Bosque_subpolar,60,CHILE-SL-18-Z-B,E15_Bosque_subpolar.gpkg
5838,15,E15_Bosque_subpolar,60,CHILE-SM-18-Z-A,E15_Bosque_subpolar.gpkg
5839,15,E15_Bosque_subpolar,60,CHILE-SL-18-Z-B,E15_Bosque_subpolar.gpkg
5840,15,E15_Bosque_subpolar,60,CHILE-SM-18-X-A,E15_Bosque_subpolar.gpkg
5841,15,E15_Bosque_subpolar,60,CHILE-SM-18-Z-A,E15_Bosque_subpolar.gpkg
5842,15,E15_Bosque_subpolar,60,CHILE-SN-19-V-C,E15_Bosque_subpolar.gpkg
5843,15,E15_Bosque_subpolar,60,CHILE-SN-19-V-C,E15_Bosque_subpolar.gpkg
5844,15,E15_Bosque_subpolar,60,CHILE-SM-18-Z-A,E15_Bosque_subpolar.gpkg
5845,15,E15_Bosque_subpolar,60,CHILE-SM-18-Z-A,E15_Bosque_subpolar.gpkg
5846,15,E15_Bosque_subpolar,60,CHILE-SL-18-Z-C,E15_Bosque_subpolar.gpkg
5847,15,E15_Bosque_subpolar,60,CHILE-SN-19-V-A,E15_Bosque_subpolar.gpkg
5848,15,E15_Bosque_subpolar,60,CHILE-SN-19-V-A,E15_Bosque_subpolar.gpkg
5849,15,E15_Bosque_subpolar,60,CHILE-SN-19-V-A,E15_Bosque_subpolar.gpkg
5850,15,E15_Bosque_subpolar,60,CHILE-SM-18-Z-A,E15_Bosque_subpolar.gpkg
5851,15,E15_Bosque_subpolar,60,CHILE-SN-19-V-A,E15_Bosque_subpolar.gpkg
5852,15,E15_Bosque_subpolar,60,CHILE-SN-19-V-A,E15_Bosque_subpolar.gpkg
5853,15,E15_Bosque_subpolar,60,CHILE-SN-19-Y-B,E15_Bosque_subpolar.gpkg
5854,15,E15_Bosque_subpolar,60,CHILE-SN-19-Z-A,E15_Bosque_subpolar.gpkg
5855,15,E15_Bosque_subpolar,60,CHILE-SN-19-Z-A,E15_Bosque_subpolar.gpkg
5856,15,E15_Bosque_subpolar,60,CHILE-SM-18-X-A,E15_Bosque_subpolar.gpkg
5857,15,E15_Bosque_subpolar,60,CHILE-SM-18-Z-A,E15_Bosque_subpolar.gpkg
5858,15,E15_Bosque_subpolar,60,CHILE-SN-19-V-D,E15_Bosque_subpolar.gpkg
5859,15,E15_Bosque_subpolar,60,CHILE-SM-18-Z-A,E15_Bosque_subpolar.gpkg
5860,15,E15_Bosque_subpolar,60,CHILE-SN-19-V-D,E15_Bosque_subpolar.gpkg
5861,15,E15_Bosque_subpolar,60,CHILE-SN-19-V-A,E15_Bosque_subpolar.gpkg
5862,15,E15_Bosque_subpolar,60,CHILE-SN-19-Z-A,E15_Bosque_subpolar.gpkg
5863,15,E15_Bosque_subpolar,60,CHILE-SM-18-Z-A,E15_Bosque_subpolar.gpkg
5864,15,E15_Bosque_subpolar,60,CHILE-SM-18-Z-A,E15_Bosque_subpolar.gpkg
5865,15,E15_Bosque_subpolar,60,CHILE-SN-19-Y-B,E15_Bosque_subpolar.gpkg
5866,15,E15_Bosque_subpolar,60,CHILE-SM-18-Z-A,E15_Bosque_subpolar.gpkg
5867,15,E15_Bosque_subpolar,60,CHILE-SM-18-Z-D,E15_Bosque_subpolar.gpkg
5868,15,E15_Bosque_subpolar,60,CHILE-SM-18-Z-A,E15_Bosque_subpolar.gpkg
5869,15,E15_Bosque_subpolar,60,CHILE-SN-19-V-D,E15_Bosque_subpolar.gpkg
5870,15,E15_Bosque_subpolar,60,CHILE-SN-19-Y-B,E15_Bosque_subpolar.gpkg
5871,15,E15_Bosque_subpolar,60,CHILE-SL-18-Z-C,E15_Bosque_subpolar.gpkg
5872,15,E15_Bosque_subpolar,60,CHILE-SL-18-Z-C,E15_Bosque_subpolar.gpkg
5873,15,E15_Bosque_subpolar,60,CHILE-SM-18-V-B,E15_Bosque_subpolar.gpkg
5874,15,E15_Bosque_subpolar,60,CHILE-SL-18-Z-B,E15_Bosque_subpolar.gpkg
5875,15,E15_Bosque_subpolar,60,CHILE-SN-19-V-C,E15_Bosque_subpolar.gpkg
5876,15,E15_Bosque_subpolar,60,CHILE-SN-19-Y-B,E15_Bosque_subpolar.gpkg
5877,15,E15_Bosque_subpolar,63,CHILE-SM-18-Z-B,E15_Bosque_subpolar.gpkg
5878,15,E15_Bosque_subpolar,63,CHILE-SN-19-V-B,E15_Bosque_subpolar.gpkg
5879,15,E15_Bosque_subpolar,63,CHILE-SN-19-X-C,E15_Bosque_subpolar.gpkg
5880,15,E15_Bosque_subpolar,63,CHILE-SN-19-V-A,E15_Bosque_subpolar.gpkg
5881,15,E15_Bosque_subpolar,63,CHILE-SN-19-V-A,E15_Bosque_subpolar.gpkg
5882,15,E15_Bosque_subpolar,63,CHILE-SN-19-V-D,E15_Bosque_subpolar.gpkg
5883,15,E15_Bosque_subpolar,63,CHILE-SN-19-V-D,E15_Bosque_subpolar.gpkg
5884,15,E15_Bosque_subpolar,63,CHILE-SN-19-V-D,E15_Bosque_subpolar.gpkg
5885,15,E15_Bosque_subpolar,63,CHILE-SM-18-Z-D,E15_Bosque_subpolar.gpkg
5886,15,E15_Bosque_subpolar,63,CHILE-SN-19-X-A,E15_Bosque_subpolar.gpkg
5887,15,E15_Bosque_subpolar,63,CHILE-SN-19-V-A,E15_Bosque_subpolar.gpkg
5888,15,E15_Bosque_subpolar,63,CHILE-SN-19-X-C,E15_Bosque_subpolar.gpkg
5889,15,E15_Bosque_subpolar,63,CHILE-SN-19-X-C,E15_Bosque_subpolar.gpkg
5890,15,E15_Bosque_subpolar,63,CHILE-SN-19-V-A,E15_Bosque_subpolar.gpkg
5891,15,E15_Bosque_subpolar,63,CHILE-SN-19-Z-A,E15_Bosque_subpolar.gpkg
5892,15,E15_Bosque_subpolar,63,CHILE-SN-19-X-C,E15_Bosque_subpolar.gpkg
5893,15,E15_Bosque_subpolar,63,CHILE-SM-18-Z-B,E15_Bosque_subpolar.gpkg
5894,15,E15_Bosque_subpolar,63,CHILE-SN-19-Z-A,E15_Bosque_subpolar.gpkg
5895,15,E15_Bosque_subpolar,63,CHILE-SN-19-X-C,E15_Bosque_subpolar.gpkg
5896,15,E15_Bosque_subpolar,63,CHILE-SN-19-X-C,E15_Bosque_subpolar.gpkg
5897,15,E15_Bosque_subpolar,63,CHILE-SN-19-V-A,E15_Bosque_subpolar.gpkg
5898,15,E15_Bosque_subpolar,63,CHILE-SM-18-Z-B,E15_Bosque_subpolar.gpkg
5899,15,E15_Bosque_subpolar,66,CHILE-SM-18-Z-D,E15_Bosque_subpolar.gpkg
5900,15,E15_Bosque_subpolar,66,CHILE-SM-18-V-D,E15_Bosque_subpolar.gpkg
5901,15,E15_Bosque_subpolar,66,CHILE-SN-19-V-D,E15_Bosque_subpolar.gpkg
5902,15,E15_Bosque_subpolar,66,CHILE-SN-19-V-D,E15_Bosque_subpolar.gpkg
5903,15,E15_Bosque_subpolar,66,CHILE-SN-19-V-D,E15_Bosque_subpolar.gpkg
5904,15,E15_Bosque_subpolar,66,CHILE-SN-19-V-A,E15_Bosque_subpolar.gpkg
5905,15,E15_Bosque_subpolar,66,CHILE-SN-19-V-A,E15_Bosque_subpolar.gpkg
5906,15,E15_Bosque_subpolar,66,CHILE-SN-19-V-D,E15_Bosque_subpolar.gpkg
5907,15,E15_Bosque_subpolar,66,CHILE-SN-19-V-D,E15_Bosque_subpolar.gpkg
5908,15,E15_Bosque_subpolar,66,CHILE-SN-19-V-D,E15_Bosque_subpolar.gpkg
5909,15,E15_Bosque_subpolar,66,CHILE-SN-19-V-B,E15_Bosque_subpolar.gpkg
5910,15,E15_Bosque_subpolar,66,CHILE-SN-19-V-D,E15_Bosque_subpolar.gpkg
5911,15,E15_Bosque_subpolar,66,CHILE-SM-18-V-D,E15_Bosque_subpolar.gpkg
5912,15,E15_Bosque_subpolar,66,CHILE-SN-19-V-D,E15_Bosque_subpolar.gpkg
5913,15,E15_Bosque_subpolar,66,CHILE-SM-18-V-D,E15_Bosque_subpolar.gpkg
5914,15,E15_Bosque_subpolar,66,CHILE-SN-19-V-D,E15_Bosque_subpolar.gpkg
5915,15,E15_Bosque_subpolar,66,CHILE-SN-19-V-B,E15_Bosque_subpolar.gpkg
5916,15,E15_Bosque_subpolar,66,CHILE-SM-18-V-B,E15_Bosque_subpolar.gpkg
5917,15,E15_Bosque_subpolar,66,CHILE-SM-18-V-D,E15_Bosque_subpolar.gpkg
5918,15,E15_Bosque_subpolar,66,CHILE-SN-19-V-D,E15_Bosque_subpolar.gpkg
5919,15,E15_Bosque_subpolar,66,CHILE-SN-19-V-D,E15_Bosque_subpolar.gpkg
5920,15,E15_Bosque_subpolar,66,CHILE-SN-19-V-A,E15_Bosque_subpolar.gpkg
5921,15,E15_Bosque_subpolar,66,CHILE-SN-19-V-B,E15_Bosque_subpolar.gpkg
5922,15,E15_Bosque_subpolar,66,CHILE-SM-18-Z-D,E15_Bosque_subpolar.gpkg
5923,15,E15_Bosque_subpolar,66,CHILE-SN-19-V-D,E15_Bosque_subpolar.gpkg
5924,15,E15_Bosque_subpolar,66,CHILE-SN-19-V-A,E15_Bosque_subpolar.gpkg
5925,15,E15_Bosque_subpolar,66,CHILE-SN-19-V-D,E15_Bosque_subpolar.gpkg
5926,15,E15_Bosque_subpolar,67,CHILE-SN-19-V-D,E15_Bosque_subpolar.gpkg
5927,15,E15_Bosque_subpolar,67,CHILE-SM-18-Z-A,E15_Bosque_subpolar.gpkg
5928,15,E15_Bosque_subpolar,67,CHILE-SN-19-V-C,E15_Bosque_subpolar.gpkg
5929,15,E15_Bosque_subpolar,67,CHILE-SN-19-V-D,E15_Bosque_subpolar.gpkg
5930,15,E15_Bosque_subpolar,67,CHILE-SN-19-Y-B,E15_Bosque_subpolar.gpkg
5931,15,E15_Bosque_subpolar,67,CHILE-SN-19-V-C,E15_Bosque_subpolar.gpkg
5932,15,E15_Bosque_subpolar,67,CHILE-SM-18-Z-A,E15_Bosque_subpolar.gpkg
5933,15,E15_Bosque_subpolar,67,CHILE-SN-19-Z-A,E15_Bosque_subpolar.gpkg
5934,15,E15_Bosque_subpolar,67,CHILE-SN-19-V-D,E15_Bosque_subpolar.gpkg
5935,15,E15_Bosque_subpolar,67,CHILE-SM-18-X-A,E15_Bosque_subpolar.gpkg
5936,15,E15_Bosque_subpolar,67,CHILE-SN-19-V-C,E15_Bosque_subpolar.gpkg
5937,15,E15_Bosque_subpolar,67,CHILE-SM-18-X-A,E15_Bosque_subpolar.gpkg
5938,15,E15_Bosque_subpolar,67,CHILE-SL-18-Z-C,E15_Bosque_subpolar.gpkg
5939,15,E15_Bosque_subpolar,67,CHILE-SL-18-Z-B,E15_Bosque_subpolar.gpkg
5940,15,E15_Bosque_subpolar,67,CHILE-SN-19-V-D,E15_Bosque_subpolar.gpkg
5941,15,E15_Bosque_subpolar,67,CHILE-SM-18-X-A,E15_Bosque_subpolar.gpkg
5942,15,E15_Bosque_subpolar,67,CHILE-SM-18-Z-A,E15_Bosque_subpolar.gpkg
5943,15,E15_Bosque_subpolar,67,CHILE-SL-18-Z-B,E15_Bosque_subpolar.gpkg
5944,15,E15_Bosque_subpolar,67,CHILE-SN-19-V-D,E15_Bosque_subpolar.gpkg
5945,15,E15_Bosque_subpolar,67,CHILE-SL-18-Z-C,E15_Bosque_subpolar.gpkg
5946,15,E15_Bosque_subpolar,67,CHILE-SL-18-Z-B,E15_Bosque_subpolar.gpkg
5947,15,E15_Bosque_subpolar,67,CHILE-SN-19-V-C,E15_Bosque_subpolar.gpkg
5948,15,E15_Bosque_subpolar,67,CHILE-SN-19-V-C,E15_Bosque_subpolar.gpkg
5949,15,E15_Bosque_subpolar,67,CHILE-SL-18-Z-B,E15_Bosque_subpolar.gpkg
5950,15,E15_Bosque_subpolar,67,CHILE-SM-18-X-A,E15_Bosque_subpolar.gpkg
5951,15,E15_Bosque_subpolar,67,CHILE-SN-19-V-D,E15_Bosque_subpolar.gpkg
5952,15,E15_Bosque_subpolar,67,CHILE-SM-18-X-A,E15_Bosque_subpolar.gpkg
5953,15,E15_Bosque_subpolar,67,CHILE-SM-18-V-B,E15_Bosque_subpolar.gpkg
5954,15,E15_Bosque_subpolar,67,CHILE-SN-19-V-C,E15_Bosque_subpolar.gpkg
5955,15,E15_Bosque_subpolar,67,CHILE-SM-18-Z-A,E15_Bosque_subpolar.gpkg
5956,15,E15_Bosque_subpolar,67,CHILE-SN-19-V-C,E15_Bosque_subpolar.gpkg
5957,15,E15_Bosque_subpolar,67,CHILE-SM-18-Z-A,E15_Bosque_subpolar.gpkg
5958,15,E15_Bosque_subpolar,67,CHILE-SM-18-X-A,E15_Bosque_subpolar.gpkg
5959,15,E15_Bosque_subpolar,67,CHILE-SM-18-Z-A,E15_Bosque_subpolar.gpkg
5960,15,E15_Bosque_subpolar,67,CHILE-SM-18-Z-A,E15_Bosque_subpolar.gpkg
5961,15,E15_Bosque_subpolar,67,CHILE-SM-18-Z-A,E15_Bosque_subpolar.gpkg
5962,15,E15_Bosque_subpolar,67,CHILE-SN-19-Y-B,E15_Bosque_subpolar.gpkg
5963,15,E15_Bosque_subpolar,67,CHILE-SM-18-X-A,E15_Bosque_subpolar.gpkg
5964,15,E15_Bosque_subpolar,67,CHILE-SN-19-Z-A,E15_Bosque_subpolar.gpkg
5965,15,E15_Bosque_subpolar,67,CHILE-SN-19-V-D,E15_Bosque_subpolar.gpkg
5966,15,E15_Bosque_subpolar,67,CHILE-SM-18-Z-A,E15_Bosque_subpolar.gpkg
5967,15,E15_Bosque_subpolar,67,CHILE-SM-18-Z-A,E15_Bosque_subpolar.gpkg
5968,15,E15_Bosque_subpolar,67,CHILE-SM-18-Z-A,E15_Bosque_subpolar.gpkg
5969,15,E15_Bosque_subpolar,67,CHILE-SM-18-X-A,E15_Bosque_subpolar.gpkg
5970,15,E15_Bosque_subpolar,79,CHILE-SL-18-Z-D,E15_Bosque_subpolar.gpkg
5971,15,E15_Bosque_subpolar,79,CHILE-SL-18-Z-D,E15_Bosque_subpolar.gpkg
5972,15,E15_Bosque_subpolar,79,CHILE-SL-18-Z-D,E15_Bosque_subpolar.gpkg
5973,15,E15_Bosque_subpolar,79,CHILE-SL-18-Z-D,E15_Bosque_subpolar.gpkg
5974,15,E15_Bosque_subpolar,79,CHILE-SL-18-Z-D,E15_Bosque_subpolar.gpkg
5975,15,E15_Bosque_subpolar,79,CHILE-SL-18-Z-D,E15_Bosque_subpolar.gpkg
5976,15,E15_Bosque_subpolar,79,CHILE-SL-18-Z-D,E15_Bosque_subpolar.gpkg
5977,15,E15_Bosque_subpolar,79,CHILE-SL-18-Z-D,E15_Bosque_subpolar.gpkg
5978,15,E15_Bosque_subpolar,79,CHILE-SL-18-Z-D,E15_Bosque_subpolar.gpkg
5979,15,E15_Bosque_subpolar,79,CHILE-SL-18-Z-D,E15_Bosque_subpolar.gpkg
5980,15,E15_Bosque_subpolar,79,CHILE-SL-18-Z-D,E15_Bosque_subpolar.gpkg
5981,15,E15_Bosque_subpolar,79,CHILE-SL-18-Z-D,E15_Bosque_subpolar.gpkg
5982,15,E15_Bosque_subpolar,79,CHILE-SL-18-Z-D,E15_Bosque_subpolar.gpkg
5983,15,E15_Bosque_subpolar,79,CHILE-SL-18-Z-D,E15_Bosque_subpolar.gpkg
5984,15,E15_Bosque_subpolar,79,CHILE-SL-18-Z-D,E15_Bosque_subpolar.gpkg
5985,15,E15_Bosque_subpolar,79,CHILE-SL-18-Z-D,E15_Bosque_subpolar.gpkg
5986,15,E15_Bosque_subpolar,79,CHILE-SL-18-Z-D,E15_Bosque_subpolar.gpkg
5987,15,E15_Bosque_subpolar,79,CHILE-SL-18-Z-D,E15_Bosque_subpolar.gpkg
5988,15,E15_Bosque_subpolar,79,CHILE-SL-18-Z-D,E15_Bosque_subpolar.gpkg
5989,15,E15_Bosque_subpolar,79,CHILE-SL-18-Z-D,E15_Bosque_subpolar.gpkg
5990,15,E15_Bosque_subpolar,79,CHILE-SL-18-Z-D,E15_Bosque_subpolar.gpkg
5991,15,E15_Bosque_subpolar,79,CHILE-SL-18-Z-D,E15_Bosque_subpolar.gpkg
5992,15,E15_Bosque_subpolar,79,CHILE-SL-18-Z-D,E15_Bosque_subpolar.gpkg
5993,15,E15_Bosque_subpolar,79,CHILE-SL-18-Z-D,E15_Bosque_subpolar.gpkg
